{"type":"FeatureCollection","features":[{"type":"Feature","properties":{"nombre":"Ruta 24","jerarquia":2},"geometry":{"type":"LineString","coordinates":[[-68.92246,-22.41014],[-68.9282,-22.40481],[-68.92861,-22.40433],[-68.92901,-22.40367],[-68.92924,-22.4031],[-68.92937,-22.40251],[-68.93034,-22.39491],[-68.93063,-22.3939],[-68.93157,-22.39144],[-68.93173,-22.39058],[-68.93169,-22.38984],[-68.93152,-22.3891],[-68.92994,-22.38562],[-68.92971,-22.38478],[-68.92963,-22.38385]]}},{"type":"Feature","properties":{"nombre":"","jerarquia":2},"geometry":{"type":"LineString","coordinates":[[-68.85606,-22.50259],[-68.85545,-22.50336],[-68.85533,-22.50345]]}},{"type":"Feature","properties":{"nombre":"Diego de Almagro","jerarquia":5},"geometry":{"type":"LineString","coordinates":[[-68.93267,-22.4475],[-68.93294,-22.44746]]}},{"type":"Feature","properties":{"nombre":"Diego de Almagro","jerarquia":5},"geometry":{"type":"LineString","coordinates":[[-68.93294,-22.44746],[-68.93342,-22.44738]]}},{"type":"Feature","properties":{"nombre":"Diego de Almagro","jerarquia":5},"geometry":{"type":"LineString","coordinates":[[-68.93342,-22.44738],[-68.93419,-22.44725]]}},{"type":"Feature","properties":{"nombre":"Diego de Almagro","jerarquia":5},"geometry":{"type":"LineString","coordinates":[[-68.93419,-22.44725],[-68.93495,-22.44713]]}},{"type":"Feature","properties":{"nombre":"Diego de Almagro","jerarquia":5},"geometry":{"type":"LineString","coordinates":[[-68.93495,-22.44713],[-68.93571,-22.44701]]}},{"type":"Feature","properties":{"nombre":"Diego de Almagro","jerarquia":5},"geometry":{"type":"LineString","coordinates":[[-68.93571,-22.44701],[-68.93647,-22.44688]]}},{"type":"Feature","properties":{"nombre":"Diego de Almagro","jerarquia":5},"geometry":{"type":"LineString","coordinates":[[-68.93647,-22.44688],[-68.93706,-22.44679]]}},{"type":"Feature","properties":{"nombre":"Diego de Almagro","jerarquia":5},"geometry":{"type":"LineString","coordinates":[[-68.93706,-22.44679],[-68.93725,-22.44676]]}},{"type":"Feature","properties":{"nombre":"Diego de Almagro","jerarquia":5},"geometry":{"type":"LineString","coordinates":[[-68.93725,-22.44676],[-68.93801,-22.44663]]}},{"type":"Feature","properties":{"nombre":"Diego de Almagro","jerarquia":5},"geometry":{"type":"LineString","coordinates":[[-68.93801,-22.44663],[-68.93851,-22.44655]]}},{"type":"Feature","properties":{"nombre":"Diego de Almagro","jerarquia":5},"geometry":{"type":"LineString","coordinates":[[-68.93851,-22.44655],[-68.9389,-22.44649]]}},{"type":"Feature","properties":{"nombre":"Diego de Almagro","jerarquia":5},"geometry":{"type":"LineString","coordinates":[[-68.9389,-22.44649],[-68.93952,-22.44639]]}},{"type":"Feature","properties":{"nombre":"Ojo de Opache","jerarquia":4},"geometry":{"type":"LineString","coordinates":[[-68.92962,-22.4796],[-68.92975,-22.47969]]}},{"type":"Feature","properties":{"nombre":"Ojo de Opache","jerarquia":4},"geometry":{"type":"LineString","coordinates":[[-68.92975,-22.47969],[-68.93062,-22.48038]]}},{"type":"Feature","properties":{"nombre":"Ojo de Opache","jerarquia":4},"geometry":{"type":"LineString","coordinates":[[-68.93062,-22.48038],[-68.93162,-22.4809]]}},{"type":"Feature","properties":{"nombre":"Ojo de Opache","jerarquia":4},"geometry":{"type":"LineString","coordinates":[[-68.93162,-22.4809],[-68.93186,-22.48101]]}},{"type":"Feature","properties":{"nombre":"Ojo de Opache","jerarquia":4},"geometry":{"type":"LineString","coordinates":[[-68.93186,-22.48101],[-68.93206,-22.48109]]}},{"type":"Feature","properties":{"nombre":"Ojo de Opache","jerarquia":4},"geometry":{"type":"LineString","coordinates":[[-68.93206,-22.48109],[-68.93255,-22.48121]]}},{"type":"Feature","properties":{"nombre":"Ojo de Opache","jerarquia":4},"geometry":{"type":"LineString","coordinates":[[-68.93255,-22.48121],[-68.93313,-22.48134]]}},{"type":"Feature","properties":{"nombre":"Ojo de Opache","jerarquia":4},"geometry":{"type":"LineString","coordinates":[[-68.93313,-22.48134],[-68.93364,-22.48144]]}},{"type":"Feature","properties":{"nombre":"Aeropuerto El Loa","jerarquia":5},"geometry":{"type":"LineString","coordinates":[[-68.90644,-22.49435],[-68.90919,-22.49415],[-68.90932,-22.49422],[-68.90935,-22.49456]]}},{"type":"Feature","properties":{"nombre":"Aeropuerto El Loa","jerarquia":5},"geometry":{"type":"LineString","coordinates":[[-68.90935,-22.49456],[-68.90942,-22.4947],[-68.90962,-22.4949],[-68.90995,-22.49499]]}},{"type":"Feature","properties":{"nombre":"","jerarquia":2},"geometry":{"type":"LineString","coordinates":[[-68.91903,-22.49181],[-68.91944,-22.49151],[-68.91958,-22.49131],[-68.91966,-22.49108],[-68.91967,-22.49084],[-68.91961,-22.49061],[-68.91927,-22.49013]]}},{"type":"Feature","properties":{"nombre":"Balmaceda","jerarquia":3},"geometry":{"type":"LineString","coordinates":[[-68.92522,-22.49147],[-68.92539,-22.49209]]}},{"type":"Feature","properties":{"nombre":"Avenida Circunvalación","jerarquia":2},"geometry":{"type":"LineString","coordinates":[[-68.92336,-22.49281],[-68.92272,-22.49279]]}},{"type":"Feature","properties":{"nombre":"Avenida Circunvalación","jerarquia":2},"geometry":{"type":"LineString","coordinates":[[-68.92272,-22.49279],[-68.92215,-22.4926]]}},{"type":"Feature","properties":{"nombre":"","jerarquia":2},"geometry":{"type":"LineString","coordinates":[[-68.92077,-22.4913],[-68.92121,-22.49153],[-68.92136,-22.49152],[-68.92153,-22.49141]]}},{"type":"Feature","properties":{"nombre":"","jerarquia":2},"geometry":{"type":"LineString","coordinates":[[-68.92153,-22.49141],[-68.92157,-22.49124],[-68.92152,-22.4911],[-68.92141,-22.491],[-68.92121,-22.49097]]}},{"type":"Feature","properties":{"nombre":"","jerarquia":2},"geometry":{"type":"LineString","coordinates":[[-68.92238,-22.49051],[-68.92243,-22.4907],[-68.92236,-22.49088],[-68.9218,-22.49129],[-68.92161,-22.49159],[-68.92165,-22.49194],[-68.92192,-22.49232]]}},{"type":"Feature","properties":{"nombre":"Avenida Circunvalación","jerarquia":2},"geometry":{"type":"LineString","coordinates":[[-68.92053,-22.49109],[-68.92077,-22.4913]]}},{"type":"Feature","properties":{"nombre":"Avenida Circunvalación","jerarquia":2},"geometry":{"type":"LineString","coordinates":[[-68.92077,-22.4913],[-68.92077,-22.4913]]}},{"type":"Feature","properties":{"nombre":"Avenida Circunvalación","jerarquia":2},"geometry":{"type":"LineString","coordinates":[[-68.92298,-22.49274],[-68.92336,-22.49274],[-68.92412,-22.49264]]}},{"type":"Feature","properties":{"nombre":"Avenida Circunvalación","jerarquia":2},"geometry":{"type":"LineString","coordinates":[[-68.92069,-22.49136],[-68.92043,-22.49113]]}},{"type":"Feature","properties":{"nombre":"Avenida Circunvalación","jerarquia":2},"geometry":{"type":"LineString","coordinates":[[-68.90525,-22.47789],[-68.90396,-22.47678]]}},{"type":"Feature","properties":{"nombre":"Avenida Circunvalación","jerarquia":2},"geometry":{"type":"LineString","coordinates":[[-68.90396,-22.47678],[-68.90384,-22.47667]]}},{"type":"Feature","properties":{"nombre":"Avenida Circunvalación","jerarquia":2},"geometry":{"type":"LineString","coordinates":[[-68.90384,-22.47667],[-68.90206,-22.47511],[-68.90149,-22.47456],[-68.8997,-22.47242],[-68.89927,-22.47177]]}},{"type":"Feature","properties":{"nombre":"Balmaceda","jerarquia":3},"geometry":{"type":"LineString","coordinates":[[-68.92509,-22.49099],[-68.92522,-22.49147]]}},{"type":"Feature","properties":{"nombre":"Avenida Libertador Bernardo O'Higgins","jerarquia":3},"geometry":{"type":"LineString","coordinates":[[-68.9244,-22.48903],[-68.92472,-22.48865]]}},{"type":"Feature","properties":{"nombre":"Avenida Libertador Bernardo O'Higgins","jerarquia":3},"geometry":{"type":"LineString","coordinates":[[-68.92472,-22.48865],[-68.92482,-22.48853]]}},{"type":"Feature","properties":{"nombre":"Avenida Libertador Bernardo O'Higgins","jerarquia":3},"geometry":{"type":"LineString","coordinates":[[-68.92482,-22.48853],[-68.92542,-22.48781]]}},{"type":"Feature","properties":{"nombre":"Avenida Libertador Bernardo O'Higgins","jerarquia":3},"geometry":{"type":"LineString","coordinates":[[-68.92542,-22.48781],[-68.92565,-22.48754]]}},{"type":"Feature","properties":{"nombre":"Avenida Jorge Alessandri Rodríguez","jerarquia":5},"geometry":{"type":"LineString","coordinates":[[-68.92389,-22.48721],[-68.92376,-22.48716]]}},{"type":"Feature","properties":{"nombre":"Avenida Jorge Alessandri Rodríguez","jerarquia":5},"geometry":{"type":"LineString","coordinates":[[-68.92376,-22.48716],[-68.92366,-22.48715],[-68.92269,-22.48648],[-68.92169,-22.48607]]}},{"type":"Feature","properties":{"nombre":"Avenida Jorge Alessandri Rodríguez","jerarquia":5},"geometry":{"type":"LineString","coordinates":[[-68.92169,-22.48607],[-68.92141,-22.48593],[-68.92122,-22.48577],[-68.92067,-22.4851]]}},{"type":"Feature","properties":{"nombre":"Avenida Jorge Alessandri Rodríguez","jerarquia":5},"geometry":{"type":"LineString","coordinates":[[-68.90611,-22.47809],[-68.907,-22.47701],[-68.90729,-22.47682],[-68.90766,-22.47683],[-68.90855,-22.47737]]}},{"type":"Feature","properties":{"nombre":"Avenida Jorge Alessandri Rodríguez","jerarquia":5},"geometry":{"type":"LineString","coordinates":[[-68.90855,-22.47737],[-68.90865,-22.47743]]}},{"type":"Feature","properties":{"nombre":"Avenida Jorge Alessandri Rodríguez","jerarquia":5},"geometry":{"type":"LineString","coordinates":[[-68.90865,-22.47743],[-68.91168,-22.47937]]}},{"type":"Feature","properties":{"nombre":"Avenida Jorge Alessandri Rodríguez","jerarquia":5},"geometry":{"type":"LineString","coordinates":[[-68.91168,-22.47937],[-68.9128,-22.48009],[-68.91303,-22.48029]]}},{"type":"Feature","properties":{"nombre":"Avenida Jorge Alessandri Rodríguez","jerarquia":5},"geometry":{"type":"LineString","coordinates":[[-68.91303,-22.48029],[-68.91325,-22.48074]]}},{"type":"Feature","properties":{"nombre":"Avenida Jorge Alessandri Rodríguez","jerarquia":5},"geometry":{"type":"LineString","coordinates":[[-68.91325,-22.48074],[-68.91348,-22.48124],[-68.91397,-22.48187]]}},{"type":"Feature","properties":{"nombre":"Avenida Jorge Alessandri Rodríguez","jerarquia":5},"geometry":{"type":"LineString","coordinates":[[-68.91397,-22.48187],[-68.91443,-22.48243],[-68.91492,-22.48278],[-68.91792,-22.48423]]}},{"type":"Feature","properties":{"nombre":"Avenida Jorge Alessandri Rodríguez","jerarquia":5},"geometry":{"type":"LineString","coordinates":[[-68.91792,-22.48423],[-68.91814,-22.48432]]}},{"type":"Feature","properties":{"nombre":"Avenida Jorge Alessandri Rodríguez","jerarquia":5},"geometry":{"type":"LineString","coordinates":[[-68.91814,-22.48432],[-68.91851,-22.48446],[-68.9203,-22.48487]]}},{"type":"Feature","properties":{"nombre":"Avenida Jorge Alessandri Rodríguez","jerarquia":5},"geometry":{"type":"LineString","coordinates":[[-68.9203,-22.48487],[-68.92067,-22.4851]]}},{"type":"Feature","properties":{"nombre":"","jerarquia":2},"geometry":{"type":"LineString","coordinates":[[-68.91697,-22.48759],[-68.9172,-22.48792],[-68.91778,-22.48847],[-68.91849,-22.4893]]}},{"type":"Feature","properties":{"nombre":"Acceso Aeródromo El Loa","jerarquia":5},"geometry":{"type":"LineString","coordinates":[[-68.90995,-22.49499],[-68.91129,-22.49498],[-68.91183,-22.49487],[-68.91548,-22.49335]]}},{"type":"Feature","properties":{"nombre":"","jerarquia":2},"geometry":{"type":"LineString","coordinates":[[-68.90639,-22.47889],[-68.90612,-22.47878],[-68.90596,-22.47877],[-68.90575,-22.47883],[-68.90561,-22.47893]]}},{"type":"Feature","properties":{"nombre":"","jerarquia":2},"geometry":{"type":"LineString","coordinates":[[-68.90561,-22.47893],[-68.90553,-22.47901]]}},{"type":"Feature","properties":{"nombre":"","jerarquia":2},"geometry":{"type":"LineString","coordinates":[[-68.90527,-22.47873],[-68.90547,-22.4785],[-68.90549,-22.47832],[-68.90547,-22.4782],[-68.90525,-22.47789]]}},{"type":"Feature","properties":{"nombre":"","jerarquia":5},"geometry":{"type":"LineString","coordinates":[[-68.90553,-22.47901],[-68.90533,-22.47919]]}},{"type":"Feature","properties":{"nombre":"Laguna Céjar","jerarquia":5},"geometry":{"type":"LineString","coordinates":[[-68.90504,-22.47893],[-68.90458,-22.47932]]}},{"type":"Feature","properties":{"nombre":"Laguna Céjar","jerarquia":5},"geometry":{"type":"LineString","coordinates":[[-68.90458,-22.47932],[-68.90391,-22.47989]]}},{"type":"Feature","properties":{"nombre":"Laguna Céjar","jerarquia":5},"geometry":{"type":"LineString","coordinates":[[-68.90391,-22.47989],[-68.90324,-22.48047]]}},{"type":"Feature","properties":{"nombre":"Laguna Céjar","jerarquia":5},"geometry":{"type":"LineString","coordinates":[[-68.90324,-22.48047],[-68.90257,-22.48104]]}},{"type":"Feature","properties":{"nombre":"Laguna Céjar","jerarquia":5},"geometry":{"type":"LineString","coordinates":[[-68.90257,-22.48104],[-68.90218,-22.48138]]}},{"type":"Feature","properties":{"nombre":"Laguna Céjar","jerarquia":5},"geometry":{"type":"LineString","coordinates":[[-68.90218,-22.48138],[-68.90028,-22.48297]]}},{"type":"Feature","properties":{"nombre":"Avenida Circunvalación","jerarquia":2},"geometry":{"type":"LineString","coordinates":[[-68.89867,-22.44657],[-68.89823,-22.44743],[-68.89789,-22.4484],[-68.89768,-22.44945],[-68.89762,-22.45054],[-68.89769,-22.45143],[-68.89783,-22.45218],[-68.89892,-22.45613]]}},{"type":"Feature","properties":{"nombre":"Ruta 23 CH","jerarquia":2},"geometry":{"type":"LineString","coordinates":[[-68.89638,-22.47149],[-68.89675,-22.47113]]}},{"type":"Feature","properties":{"nombre":"Avenida La Paz","jerarquia":3},"geometry":{"type":"LineString","coordinates":[[-68.90465,-22.46511],[-68.90319,-22.46644]]}},{"type":"Feature","properties":{"nombre":"Avenida La Paz","jerarquia":3},"geometry":{"type":"LineString","coordinates":[[-68.90319,-22.46644],[-68.90247,-22.46697]]}},{"type":"Feature","properties":{"nombre":"Avenida La Paz","jerarquia":3},"geometry":{"type":"LineString","coordinates":[[-68.90247,-22.46697],[-68.90223,-22.46714],[-68.9015,-22.46749],[-68.90092,-22.46785]]}},{"type":"Feature","properties":{"nombre":"Avenida La Paz","jerarquia":3},"geometry":{"type":"LineString","coordinates":[[-68.90092,-22.46785],[-68.90085,-22.4679]]}},{"type":"Feature","properties":{"nombre":"Avenida La Paz","jerarquia":3},"geometry":{"type":"LineString","coordinates":[[-68.9054,-22.46478],[-68.90465,-22.46511]]}},{"type":"Feature","properties":{"nombre":"Avenida Oriente","jerarquia":5},"geometry":{"type":"LineString","coordinates":[[-68.90698,-22.46415],[-68.90701,-22.46596],[-68.90795,-22.46698],[-68.90879,-22.46762]]}},{"type":"Feature","properties":{"nombre":"Avenida Oriente","jerarquia":5},"geometry":{"type":"LineString","coordinates":[[-68.90879,-22.46762],[-68.90953,-22.46822],[-68.9101,-22.46928],[-68.9102,-22.46935],[-68.9108,-22.46933],[-68.91155,-22.46951],[-68.91206,-22.46972],[-68.91277,-22.47019],[-68.91343,-22.47034],[-68.9141,-22.47097],[-68.91444,-22.47108],[-68.91537,-22.47158]]}},{"type":"Feature","properties":{"nombre":"Avenida Oriente","jerarquia":5},"geometry":{"type":"LineString","coordinates":[[-68.91537,-22.47158],[-68.91584,-22.47183],[-68.91682,-22.4721],[-68.91767,-22.47252],[-68.91818,-22.47263]]}},{"type":"Feature","properties":{"nombre":"","jerarquia":2},"geometry":{"type":"LineString","coordinates":[[-68.89675,-22.47113],[-68.89711,-22.47069],[-68.89765,-22.46985],[-68.89847,-22.46787],[-68.89886,-22.4672]]}},{"type":"Feature","properties":{"nombre":"","jerarquia":2},"geometry":{"type":"LineString","coordinates":[[-68.89874,-22.46932],[-68.89861,-22.46913],[-68.89844,-22.46903],[-68.89819,-22.46906],[-68.89807,-22.46915],[-68.89802,-22.46925],[-68.89804,-22.46944],[-68.8982,-22.46957],[-68.89841,-22.46959],[-68.89864,-22.46953]]}},{"type":"Feature","properties":{"nombre":"Avenida La Paz","jerarquia":3},"geometry":{"type":"LineString","coordinates":[[-68.90085,-22.4679],[-68.90049,-22.46813]]}},{"type":"Feature","properties":{"nombre":"Avenida La Paz","jerarquia":3},"geometry":{"type":"LineString","coordinates":[[-68.90049,-22.46813],[-68.9003,-22.46825]]}},{"type":"Feature","properties":{"nombre":"Avenida La Paz","jerarquia":3},"geometry":{"type":"LineString","coordinates":[[-68.9003,-22.46825],[-68.89993,-22.4685]]}},{"type":"Feature","properties":{"nombre":"Avenida La Paz","jerarquia":3},"geometry":{"type":"LineString","coordinates":[[-68.89993,-22.4685],[-68.89898,-22.46928]]}},{"type":"Feature","properties":{"nombre":"","jerarquia":2},"geometry":{"type":"LineString","coordinates":[[-68.89929,-22.46897],[-68.89941,-22.46874],[-68.8994,-22.46857],[-68.89931,-22.46844],[-68.89913,-22.46839],[-68.89895,-22.46845],[-68.89886,-22.46855],[-68.89879,-22.46894]]}},{"type":"Feature","properties":{"nombre":"","jerarquia":2},"geometry":{"type":"LineString","coordinates":[[-68.89888,-22.46952],[-68.89908,-22.46975],[-68.89922,-22.4698],[-68.89943,-22.46977],[-68.89958,-22.46959],[-68.89956,-22.46939],[-68.89942,-22.46926],[-68.89926,-22.46923],[-68.89898,-22.46928]]}},{"type":"Feature","properties":{"nombre":"","jerarquia":2},"geometry":{"type":"LineString","coordinates":[[-68.89832,-22.46988],[-68.8982,-22.4701],[-68.8982,-22.47024],[-68.89829,-22.47038],[-68.89844,-22.47046],[-68.89862,-22.47043],[-68.89875,-22.47034],[-68.89885,-22.46996]]}},{"type":"Feature","properties":{"nombre":"","jerarquia":2},"geometry":{"type":"LineString","coordinates":[[-68.89993,-22.4685],[-68.89978,-22.46881],[-68.89977,-22.4694],[-68.89971,-22.46963],[-68.89919,-22.47028],[-68.89908,-22.47073]]}},{"type":"Feature","properties":{"nombre":"","jerarquia":2},"geometry":{"type":"LineString","coordinates":[[-68.89891,-22.46734],[-68.8989,-22.46781],[-68.89908,-22.4681],[-68.89941,-22.46836],[-68.89957,-22.46843],[-68.89984,-22.46843],[-68.90006,-22.46835]]}},{"type":"Feature","properties":{"nombre":"Avenida Libertador Bernardo O'Higgins","jerarquia":3},"geometry":{"type":"LineString","coordinates":[[-68.93004,-22.4815],[-68.92978,-22.48039],[-68.92957,-22.4798]]}},{"type":"Feature","properties":{"nombre":"Avenida Libertador Bernardo O'Higgins","jerarquia":3},"geometry":{"type":"LineString","coordinates":[[-68.92957,-22.4798],[-68.9295,-22.47961]]}},{"type":"Feature","properties":{"nombre":"Avenida Libertador Bernardo O'Higgins","jerarquia":3},"geometry":{"type":"LineString","coordinates":[[-68.92603,-22.46899],[-68.92655,-22.47054]]}},{"type":"Feature","properties":{"nombre":"Avenida Libertador Bernardo O'Higgins","jerarquia":3},"geometry":{"type":"LineString","coordinates":[[-68.92655,-22.47054],[-68.92686,-22.47149]]}},{"type":"Feature","properties":{"nombre":"Avenida Libertador Bernardo O'Higgins","jerarquia":3},"geometry":{"type":"LineString","coordinates":[[-68.92686,-22.47149],[-68.92697,-22.47184]]}},{"type":"Feature","properties":{"nombre":"Avenida Grecia","jerarquia":4},"geometry":{"type":"LineString","coordinates":[[-68.93074,-22.47441],[-68.93092,-22.47386]]}},{"type":"Feature","properties":{"nombre":"Avenida Grecia","jerarquia":4},"geometry":{"type":"LineString","coordinates":[[-68.93092,-22.47386],[-68.93106,-22.4734]]}},{"type":"Feature","properties":{"nombre":"Avenida Grecia","jerarquia":4},"geometry":{"type":"LineString","coordinates":[[-68.93106,-22.4734],[-68.93118,-22.47296]]}},{"type":"Feature","properties":{"nombre":"Avenida Grecia","jerarquia":4},"geometry":{"type":"LineString","coordinates":[[-68.93118,-22.47296],[-68.93121,-22.47233]]}},{"type":"Feature","properties":{"nombre":"Avenida Grecia","jerarquia":4},"geometry":{"type":"LineString","coordinates":[[-68.93121,-22.47233],[-68.93123,-22.47199],[-68.93144,-22.47138]]}},{"type":"Feature","properties":{"nombre":"Avenida Grecia","jerarquia":4},"geometry":{"type":"LineString","coordinates":[[-68.93144,-22.47138],[-68.93186,-22.47028]]}},{"type":"Feature","properties":{"nombre":"Avenida Grecia","jerarquia":4},"geometry":{"type":"LineString","coordinates":[[-68.93186,-22.47028],[-68.93268,-22.46813]]}},{"type":"Feature","properties":{"nombre":"Avenida Grecia","jerarquia":4},"geometry":{"type":"LineString","coordinates":[[-68.93268,-22.46813],[-68.93272,-22.46802]]}},{"type":"Feature","properties":{"nombre":"Avenida Grecia","jerarquia":4},"geometry":{"type":"LineString","coordinates":[[-68.93272,-22.46802],[-68.93287,-22.46757]]}},{"type":"Feature","properties":{"nombre":"Avenida Grecia","jerarquia":4},"geometry":{"type":"LineString","coordinates":[[-68.93287,-22.46757],[-68.93314,-22.46677]]}},{"type":"Feature","properties":{"nombre":"Avenida Grecia","jerarquia":4},"geometry":{"type":"LineString","coordinates":[[-68.93314,-22.46677],[-68.9332,-22.46658]]}},{"type":"Feature","properties":{"nombre":"Aconcagua","jerarquia":5},"geometry":{"type":"LineString","coordinates":[[-68.92717,-22.47242],[-68.92741,-22.47244]]}},{"type":"Feature","properties":{"nombre":"Aconcagua","jerarquia":5},"geometry":{"type":"LineString","coordinates":[[-68.92741,-22.47244],[-68.92824,-22.47241]]}},{"type":"Feature","properties":{"nombre":"Aconcagua","jerarquia":5},"geometry":{"type":"LineString","coordinates":[[-68.92824,-22.47241],[-68.92915,-22.47238]]}},{"type":"Feature","properties":{"nombre":"Aconcagua","jerarquia":5},"geometry":{"type":"LineString","coordinates":[[-68.92915,-22.47238],[-68.93003,-22.47236]]}},{"type":"Feature","properties":{"nombre":"Aconcagua","jerarquia":5},"geometry":{"type":"LineString","coordinates":[[-68.93003,-22.47236],[-68.93085,-22.47234]]}},{"type":"Feature","properties":{"nombre":"Aconcagua","jerarquia":5},"geometry":{"type":"LineString","coordinates":[[-68.93085,-22.47234],[-68.93121,-22.47233]]}},{"type":"Feature","properties":{"nombre":"Cobija","jerarquia":4},"geometry":{"type":"LineString","coordinates":[[-68.93762,-22.46951],[-68.93752,-22.46947]]}},{"type":"Feature","properties":{"nombre":"Cobija","jerarquia":4},"geometry":{"type":"LineString","coordinates":[[-68.93752,-22.46947],[-68.93646,-22.46915]]}},{"type":"Feature","properties":{"nombre":"Cobija","jerarquia":4},"geometry":{"type":"LineString","coordinates":[[-68.93646,-22.46915],[-68.9362,-22.46907]]}},{"type":"Feature","properties":{"nombre":"Cobija","jerarquia":4},"geometry":{"type":"LineString","coordinates":[[-68.9362,-22.46907],[-68.9359,-22.46898]]}},{"type":"Feature","properties":{"nombre":"Cobija","jerarquia":4},"geometry":{"type":"LineString","coordinates":[[-68.9359,-22.46898],[-68.93558,-22.46888]]}},{"type":"Feature","properties":{"nombre":"Cobija","jerarquia":4},"geometry":{"type":"LineString","coordinates":[[-68.93558,-22.46888],[-68.93553,-22.46886]]}},{"type":"Feature","properties":{"nombre":"Cobija","jerarquia":4},"geometry":{"type":"LineString","coordinates":[[-68.93553,-22.46886],[-68.93514,-22.46875]]}},{"type":"Feature","properties":{"nombre":"Cobija","jerarquia":4},"geometry":{"type":"LineString","coordinates":[[-68.93514,-22.46875],[-68.93468,-22.46861]]}},{"type":"Feature","properties":{"nombre":"Cobija","jerarquia":4},"geometry":{"type":"LineString","coordinates":[[-68.93468,-22.46861],[-68.93397,-22.46839]]}},{"type":"Feature","properties":{"nombre":"Cobija","jerarquia":4},"geometry":{"type":"LineString","coordinates":[[-68.93397,-22.46839],[-68.93351,-22.46826]]}},{"type":"Feature","properties":{"nombre":"","jerarquia":3},"geometry":{"type":"LineString","coordinates":[[-68.92578,-22.46857],[-68.92585,-22.46838]]}},{"type":"Feature","properties":{"nombre":"Abaroa","jerarquia":5},"geometry":{"type":"LineString","coordinates":[[-68.92617,-22.46895],[-68.92597,-22.46885],[-68.92585,-22.46838]]}},{"type":"Feature","properties":{"nombre":"Pedro León Gallo","jerarquia":4},"geometry":{"type":"LineString","coordinates":[[-68.92704,-22.46527],[-68.92667,-22.46537]]}},{"type":"Feature","properties":{"nombre":"Pedro León Gallo","jerarquia":4},"geometry":{"type":"LineString","coordinates":[[-68.92667,-22.46537],[-68.92658,-22.46539]]}},{"type":"Feature","properties":{"nombre":"Aníbal Pinto","jerarquia":5},"geometry":{"type":"LineString","coordinates":[[-68.92989,-22.467],[-68.92993,-22.46688]]}},{"type":"Feature","properties":{"nombre":"Aníbal Pinto","jerarquia":5},"geometry":{"type":"LineString","coordinates":[[-68.92993,-22.46688],[-68.93015,-22.46614]]}},{"type":"Feature","properties":{"nombre":"Aníbal Pinto","jerarquia":5},"geometry":{"type":"LineString","coordinates":[[-68.93015,-22.46614],[-68.93028,-22.4657]]}},{"type":"Feature","properties":{"nombre":"Aníbal Pinto","jerarquia":5},"geometry":{"type":"LineString","coordinates":[[-68.93028,-22.4657],[-68.9305,-22.46494]]}},{"type":"Feature","properties":{"nombre":"Paula Jaraquemada","jerarquia":5},"geometry":{"type":"LineString","coordinates":[[-68.93328,-22.46661],[-68.9332,-22.46658]]}},{"type":"Feature","properties":{"nombre":"Paula Jaraquemada","jerarquia":5},"geometry":{"type":"LineString","coordinates":[[-68.9332,-22.46658],[-68.93303,-22.46653]]}},{"type":"Feature","properties":{"nombre":"Paula Jaraquemada","jerarquia":5},"geometry":{"type":"LineString","coordinates":[[-68.93303,-22.46653],[-68.93275,-22.46645]]}},{"type":"Feature","properties":{"nombre":"Paula Jaraquemada","jerarquia":5},"geometry":{"type":"LineString","coordinates":[[-68.93275,-22.46645],[-68.93176,-22.46615]]}},{"type":"Feature","properties":{"nombre":"Paula Jaraquemada","jerarquia":5},"geometry":{"type":"LineString","coordinates":[[-68.93176,-22.46615],[-68.93131,-22.46601]]}},{"type":"Feature","properties":{"nombre":"Paula Jaraquemada","jerarquia":5},"geometry":{"type":"LineString","coordinates":[[-68.93131,-22.46601],[-68.93083,-22.46586]]}},{"type":"Feature","properties":{"nombre":"Paula Jaraquemada","jerarquia":5},"geometry":{"type":"LineString","coordinates":[[-68.93083,-22.46586],[-68.93028,-22.4657]]}},{"type":"Feature","properties":{"nombre":"Emilio Sotomayor","jerarquia":5},"geometry":{"type":"LineString","coordinates":[[-68.94779,-22.46309],[-68.94712,-22.46306]]}},{"type":"Feature","properties":{"nombre":"Emilio Sotomayor","jerarquia":5},"geometry":{"type":"LineString","coordinates":[[-68.94712,-22.46306],[-68.94682,-22.46306]]}},{"type":"Feature","properties":{"nombre":"Emilio Sotomayor","jerarquia":5},"geometry":{"type":"LineString","coordinates":[[-68.94682,-22.46306],[-68.94677,-22.46305]]}},{"type":"Feature","properties":{"nombre":"Emilio Sotomayor","jerarquia":5},"geometry":{"type":"LineString","coordinates":[[-68.94677,-22.46305],[-68.94642,-22.46305]]}},{"type":"Feature","properties":{"nombre":"Emilio Sotomayor","jerarquia":5},"geometry":{"type":"LineString","coordinates":[[-68.94642,-22.46305],[-68.94606,-22.46304]]}},{"type":"Feature","properties":{"nombre":"Emilio Sotomayor","jerarquia":5},"geometry":{"type":"LineString","coordinates":[[-68.94606,-22.46304],[-68.94571,-22.46304]]}},{"type":"Feature","properties":{"nombre":"Aníbal Pinto","jerarquia":5},"geometry":{"type":"LineString","coordinates":[[-68.93124,-22.45771],[-68.93097,-22.45842]]}},{"type":"Feature","properties":{"nombre":"Aníbal Pinto","jerarquia":5},"geometry":{"type":"LineString","coordinates":[[-68.93097,-22.45842],[-68.93081,-22.45873]]}},{"type":"Feature","properties":{"nombre":"Aníbal Pinto","jerarquia":5},"geometry":{"type":"LineString","coordinates":[[-68.93081,-22.45873],[-68.93076,-22.45915]]}},{"type":"Feature","properties":{"nombre":"Aníbal Pinto","jerarquia":5},"geometry":{"type":"LineString","coordinates":[[-68.93076,-22.45915],[-68.93075,-22.45949]]}},{"type":"Feature","properties":{"nombre":"Aníbal Pinto","jerarquia":5},"geometry":{"type":"LineString","coordinates":[[-68.93075,-22.45949],[-68.93071,-22.45991]]}},{"type":"Feature","properties":{"nombre":"Aníbal Pinto","jerarquia":5},"geometry":{"type":"LineString","coordinates":[[-68.93071,-22.45991],[-68.93068,-22.46032]]}},{"type":"Feature","properties":{"nombre":"Aníbal Pinto","jerarquia":5},"geometry":{"type":"LineString","coordinates":[[-68.93068,-22.46032],[-68.93067,-22.46047]]}},{"type":"Feature","properties":{"nombre":"Aníbal Pinto","jerarquia":5},"geometry":{"type":"LineString","coordinates":[[-68.93067,-22.46047],[-68.93066,-22.461]]}},{"type":"Feature","properties":{"nombre":"Aníbal Pinto","jerarquia":5},"geometry":{"type":"LineString","coordinates":[[-68.93066,-22.461],[-68.93064,-22.4616]]}},{"type":"Feature","properties":{"nombre":"Aníbal Pinto","jerarquia":5},"geometry":{"type":"LineString","coordinates":[[-68.93064,-22.4616],[-68.93061,-22.4621]]}},{"type":"Feature","properties":{"nombre":"Aníbal Pinto","jerarquia":5},"geometry":{"type":"LineString","coordinates":[[-68.93061,-22.4621],[-68.93066,-22.46286]]}},{"type":"Feature","properties":{"nombre":"Aníbal Pinto","jerarquia":5},"geometry":{"type":"LineString","coordinates":[[-68.93066,-22.46286],[-68.93059,-22.46352]]}},{"type":"Feature","properties":{"nombre":"Antofagasta","jerarquia":4},"geometry":{"type":"LineString","coordinates":[[-68.92274,-22.45811],[-68.92311,-22.45824]]}},{"type":"Feature","properties":{"nombre":"Antofagasta","jerarquia":4},"geometry":{"type":"LineString","coordinates":[[-68.92311,-22.45824],[-68.92353,-22.45839]]}},{"type":"Feature","properties":{"nombre":"Antofagasta","jerarquia":4},"geometry":{"type":"LineString","coordinates":[[-68.92353,-22.45839],[-68.9238,-22.45849]]}},{"type":"Feature","properties":{"nombre":"Antofagasta","jerarquia":4},"geometry":{"type":"LineString","coordinates":[[-68.9238,-22.45849],[-68.92428,-22.45867]]}},{"type":"Feature","properties":{"nombre":"Antofagasta","jerarquia":4},"geometry":{"type":"LineString","coordinates":[[-68.92428,-22.45867],[-68.92472,-22.45883]]}},{"type":"Feature","properties":{"nombre":"Antofagasta","jerarquia":4},"geometry":{"type":"LineString","coordinates":[[-68.92472,-22.45883],[-68.92585,-22.45911]]}},{"type":"Feature","properties":{"nombre":"Antofagasta","jerarquia":4},"geometry":{"type":"LineString","coordinates":[[-68.92585,-22.45911],[-68.92596,-22.45913]]}},{"type":"Feature","properties":{"nombre":"Antofagasta","jerarquia":4},"geometry":{"type":"LineString","coordinates":[[-68.92596,-22.45913],[-68.92708,-22.45943]]}},{"type":"Feature","properties":{"nombre":"Antofagasta","jerarquia":4},"geometry":{"type":"LineString","coordinates":[[-68.92708,-22.45943],[-68.92716,-22.45945]]}},{"type":"Feature","properties":{"nombre":"Antofagasta","jerarquia":4},"geometry":{"type":"LineString","coordinates":[[-68.92716,-22.45945],[-68.92832,-22.45973]]}},{"type":"Feature","properties":{"nombre":"Antofagasta","jerarquia":4},"geometry":{"type":"LineString","coordinates":[[-68.92832,-22.45973],[-68.92842,-22.45976]]}},{"type":"Feature","properties":{"nombre":"Avenida Libertador Bernardo O'Higgins","jerarquia":3},"geometry":{"type":"LineString","coordinates":[[-68.92594,-22.469],[-68.92578,-22.46857]]}},{"type":"Feature","properties":{"nombre":"Avenida Libertador Bernardo O'Higgins","jerarquia":3},"geometry":{"type":"LineString","coordinates":[[-68.92578,-22.46857],[-68.92541,-22.46755]]}},{"type":"Feature","properties":{"nombre":"Avenida Libertador Bernardo O'Higgins","jerarquia":3},"geometry":{"type":"LineString","coordinates":[[-68.92541,-22.46755],[-68.92534,-22.46737]]}},{"type":"Feature","properties":{"nombre":"Vasco de Gama","jerarquia":5},"geometry":{"type":"LineString","coordinates":[[-68.92639,-22.45458],[-68.92671,-22.45458]]}},{"type":"Feature","properties":{"nombre":"Vasco de Gama","jerarquia":5},"geometry":{"type":"LineString","coordinates":[[-68.92671,-22.45458],[-68.92728,-22.45459]]}},{"type":"Feature","properties":{"nombre":"Vasco de Gama","jerarquia":5},"geometry":{"type":"LineString","coordinates":[[-68.92728,-22.45459],[-68.92788,-22.45459]]}},{"type":"Feature","properties":{"nombre":"Vasco de Gama","jerarquia":5},"geometry":{"type":"LineString","coordinates":[[-68.92788,-22.45459],[-68.92848,-22.45458]]}},{"type":"Feature","properties":{"nombre":"Vasco de Gama","jerarquia":5},"geometry":{"type":"LineString","coordinates":[[-68.92848,-22.45458],[-68.92924,-22.45457]]}},{"type":"Feature","properties":{"nombre":"Vasco de Gama","jerarquia":5},"geometry":{"type":"LineString","coordinates":[[-68.94635,-22.45497],[-68.94581,-22.45495]]}},{"type":"Feature","properties":{"nombre":"Vasco de Gama","jerarquia":5},"geometry":{"type":"LineString","coordinates":[[-68.94581,-22.45495],[-68.94517,-22.45493]]}},{"type":"Feature","properties":{"nombre":"Vasco de Gama","jerarquia":5},"geometry":{"type":"LineString","coordinates":[[-68.94517,-22.45493],[-68.94511,-22.45493]]}},{"type":"Feature","properties":{"nombre":"Vasco de Gama","jerarquia":5},"geometry":{"type":"LineString","coordinates":[[-68.94511,-22.45493],[-68.94458,-22.45491]]}},{"type":"Feature","properties":{"nombre":"Vasco de Gama","jerarquia":5},"geometry":{"type":"LineString","coordinates":[[-68.94458,-22.45491],[-68.94443,-22.45491]]}},{"type":"Feature","properties":{"nombre":"Vasco de Gama","jerarquia":5},"geometry":{"type":"LineString","coordinates":[[-68.94443,-22.45491],[-68.94394,-22.4549]]}},{"type":"Feature","properties":{"nombre":"Vasco de Gama","jerarquia":5},"geometry":{"type":"LineString","coordinates":[[-68.94394,-22.4549],[-68.94343,-22.45489]]}},{"type":"Feature","properties":{"nombre":"Vasco de Gama","jerarquia":5},"geometry":{"type":"LineString","coordinates":[[-68.94343,-22.45489],[-68.94275,-22.45488]]}},{"type":"Feature","properties":{"nombre":"Vasco de Gama","jerarquia":5},"geometry":{"type":"LineString","coordinates":[[-68.94275,-22.45488],[-68.94225,-22.45486]]}},{"type":"Feature","properties":{"nombre":"Vasco de Gama","jerarquia":5},"geometry":{"type":"LineString","coordinates":[[-68.94225,-22.45486],[-68.94155,-22.45485]]}},{"type":"Feature","properties":{"nombre":"Vasco de Gama","jerarquia":5},"geometry":{"type":"LineString","coordinates":[[-68.94155,-22.45485],[-68.94112,-22.45483]]}},{"type":"Feature","properties":{"nombre":"Vasco de Gama","jerarquia":5},"geometry":{"type":"LineString","coordinates":[[-68.94112,-22.45483],[-68.94071,-22.45482]]}},{"type":"Feature","properties":{"nombre":"Vasco de Gama","jerarquia":5},"geometry":{"type":"LineString","coordinates":[[-68.94071,-22.45482],[-68.93996,-22.4548]]}},{"type":"Feature","properties":{"nombre":"Vasco de Gama","jerarquia":5},"geometry":{"type":"LineString","coordinates":[[-68.93996,-22.4548],[-68.93918,-22.45479]]}},{"type":"Feature","properties":{"nombre":"Vasco de Gama","jerarquia":5},"geometry":{"type":"LineString","coordinates":[[-68.93918,-22.45479],[-68.93841,-22.45479]]}},{"type":"Feature","properties":{"nombre":"Vasco de Gama","jerarquia":5},"geometry":{"type":"LineString","coordinates":[[-68.93841,-22.45479],[-68.93763,-22.45477]]}},{"type":"Feature","properties":{"nombre":"Vasco de Gama","jerarquia":5},"geometry":{"type":"LineString","coordinates":[[-68.93763,-22.45477],[-68.93686,-22.45475]]}},{"type":"Feature","properties":{"nombre":"Vasco de Gama","jerarquia":5},"geometry":{"type":"LineString","coordinates":[[-68.93686,-22.45475],[-68.93609,-22.45472]]}},{"type":"Feature","properties":{"nombre":"Vasco de Gama","jerarquia":5},"geometry":{"type":"LineString","coordinates":[[-68.93609,-22.45472],[-68.93531,-22.4547]]}},{"type":"Feature","properties":{"nombre":"Vasco de Gama","jerarquia":5},"geometry":{"type":"LineString","coordinates":[[-68.93531,-22.4547],[-68.93452,-22.45468]]}},{"type":"Feature","properties":{"nombre":"Vasco de Gama","jerarquia":5},"geometry":{"type":"LineString","coordinates":[[-68.93452,-22.45468],[-68.93389,-22.45467]]}},{"type":"Feature","properties":{"nombre":"Vasco de Gama","jerarquia":5},"geometry":{"type":"LineString","coordinates":[[-68.93389,-22.45467],[-68.93376,-22.45467]]}},{"type":"Feature","properties":{"nombre":"Vasco de Gama","jerarquia":5},"geometry":{"type":"LineString","coordinates":[[-68.93376,-22.45467],[-68.93369,-22.45467]]}},{"type":"Feature","properties":{"nombre":"Vasco de Gama","jerarquia":5},"geometry":{"type":"LineString","coordinates":[[-68.93369,-22.45467],[-68.93293,-22.45465]]}},{"type":"Feature","properties":{"nombre":"Vasco de Gama","jerarquia":5},"geometry":{"type":"LineString","coordinates":[[-68.93293,-22.45465],[-68.93215,-22.45464]]}},{"type":"Feature","properties":{"nombre":"Vasco de Gama","jerarquia":5},"geometry":{"type":"LineString","coordinates":[[-68.93215,-22.45464],[-68.93136,-22.45464]]}},{"type":"Feature","properties":{"nombre":"Vasco de Gama","jerarquia":5},"geometry":{"type":"LineString","coordinates":[[-68.93136,-22.45464],[-68.9306,-22.4546]]}},{"type":"Feature","properties":{"nombre":"Vasco de Gama","jerarquia":5},"geometry":{"type":"LineString","coordinates":[[-68.9306,-22.4546],[-68.92984,-22.45457]]}},{"type":"Feature","properties":{"nombre":"Vasco de Gama","jerarquia":5},"geometry":{"type":"LineString","coordinates":[[-68.92984,-22.45457],[-68.92935,-22.45458]]}},{"type":"Feature","properties":{"nombre":"Avenida Granaderos","jerarquia":3},"geometry":{"type":"LineString","coordinates":[[-68.92924,-22.45328],[-68.92915,-22.45287]]}},{"type":"Feature","properties":{"nombre":"Avenida Granaderos","jerarquia":3},"geometry":{"type":"LineString","coordinates":[[-68.92915,-22.45287],[-68.92913,-22.45276]]}},{"type":"Feature","properties":{"nombre":"Avenida Granaderos","jerarquia":3},"geometry":{"type":"LineString","coordinates":[[-68.92913,-22.45276],[-68.92889,-22.45147]]}},{"type":"Feature","properties":{"nombre":"Avenida Granaderos","jerarquia":3},"geometry":{"type":"LineString","coordinates":[[-68.92889,-22.45147],[-68.92873,-22.45069]]}},{"type":"Feature","properties":{"nombre":"Avenida Granaderos","jerarquia":3},"geometry":{"type":"LineString","coordinates":[[-68.92873,-22.45069],[-68.92863,-22.45022]]}},{"type":"Feature","properties":{"nombre":"Avenida Granaderos","jerarquia":3},"geometry":{"type":"LineString","coordinates":[[-68.92863,-22.45022],[-68.92831,-22.44859]]}},{"type":"Feature","properties":{"nombre":"Avenida Granaderos","jerarquia":3},"geometry":{"type":"LineString","coordinates":[[-68.92831,-22.44859],[-68.92826,-22.44834]]}},{"type":"Feature","properties":{"nombre":"Avenida Granaderos","jerarquia":3},"geometry":{"type":"LineString","coordinates":[[-68.92826,-22.44834],[-68.92825,-22.44831]]}},{"type":"Feature","properties":{"nombre":"Avenida Granaderos","jerarquia":3},"geometry":{"type":"LineString","coordinates":[[-68.92825,-22.44831],[-68.92823,-22.44822]]}},{"type":"Feature","properties":{"nombre":"Avenida Granaderos","jerarquia":3},"geometry":{"type":"LineString","coordinates":[[-68.92823,-22.44822],[-68.92808,-22.4475]]}},{"type":"Feature","properties":{"nombre":"Avenida Granaderos","jerarquia":3},"geometry":{"type":"LineString","coordinates":[[-68.92808,-22.4475],[-68.92803,-22.44721]]}},{"type":"Feature","properties":{"nombre":"Avenida Granaderos","jerarquia":3},"geometry":{"type":"LineString","coordinates":[[-68.92803,-22.44721],[-68.92798,-22.447]]}},{"type":"Feature","properties":{"nombre":"Avenida Granaderos","jerarquia":3},"geometry":{"type":"LineString","coordinates":[[-68.92798,-22.447],[-68.92788,-22.44647]]}},{"type":"Feature","properties":{"nombre":"Avenida Granaderos","jerarquia":3},"geometry":{"type":"LineString","coordinates":[[-68.92788,-22.44647],[-68.92765,-22.44534]]}},{"type":"Feature","properties":{"nombre":"Avenida Granaderos","jerarquia":3},"geometry":{"type":"LineString","coordinates":[[-68.92765,-22.44534],[-68.92763,-22.44523]]}},{"type":"Feature","properties":{"nombre":"Avenida Granaderos","jerarquia":3},"geometry":{"type":"LineString","coordinates":[[-68.92933,-22.45327],[-68.92934,-22.45451]]}},{"type":"Feature","properties":{"nombre":"Avenida Granaderos","jerarquia":3},"geometry":{"type":"LineString","coordinates":[[-68.92934,-22.45451],[-68.92935,-22.45458]]}},{"type":"Feature","properties":{"nombre":"Avenida Granaderos","jerarquia":3},"geometry":{"type":"LineString","coordinates":[[-68.92935,-22.45458],[-68.92934,-22.45577],[-68.92927,-22.45603]]}},{"type":"Feature","properties":{"nombre":"Brasilia","jerarquia":5},"geometry":{"type":"LineString","coordinates":[[-68.93502,-22.46378],[-68.93482,-22.46281]]}},{"type":"Feature","properties":{"nombre":"Paula Jaraquemada","jerarquia":5},"geometry":{"type":"LineString","coordinates":[[-68.93328,-22.46661],[-68.93345,-22.46666]]}},{"type":"Feature","properties":{"nombre":"Paula Jaraquemada","jerarquia":5},"geometry":{"type":"LineString","coordinates":[[-68.93345,-22.46666],[-68.93374,-22.46675]]}},{"type":"Feature","properties":{"nombre":"Paula Jaraquemada","jerarquia":5},"geometry":{"type":"LineString","coordinates":[[-68.93374,-22.46675],[-68.93381,-22.46677]]}},{"type":"Feature","properties":{"nombre":"Paula Jaraquemada","jerarquia":5},"geometry":{"type":"LineString","coordinates":[[-68.93381,-22.46677],[-68.9342,-22.46689]]}},{"type":"Feature","properties":{"nombre":"Paula Jaraquemada","jerarquia":5},"geometry":{"type":"LineString","coordinates":[[-68.9342,-22.46689],[-68.93446,-22.46697]]}},{"type":"Feature","properties":{"nombre":"Paula Jaraquemada","jerarquia":5},"geometry":{"type":"LineString","coordinates":[[-68.93446,-22.46697],[-68.93491,-22.46711]]}},{"type":"Feature","properties":{"nombre":"Paula Jaraquemada","jerarquia":5},"geometry":{"type":"LineString","coordinates":[[-68.93491,-22.46711],[-68.93528,-22.46721]]}},{"type":"Feature","properties":{"nombre":"Paula Jaraquemada","jerarquia":5},"geometry":{"type":"LineString","coordinates":[[-68.93528,-22.46721],[-68.93564,-22.46732]]}},{"type":"Feature","properties":{"nombre":"Paula Jaraquemada","jerarquia":5},"geometry":{"type":"LineString","coordinates":[[-68.93564,-22.46732],[-68.93586,-22.46738]]}},{"type":"Feature","properties":{"nombre":"Paula Jaraquemada","jerarquia":5},"geometry":{"type":"LineString","coordinates":[[-68.93586,-22.46738],[-68.93644,-22.46735]]}},{"type":"Feature","properties":{"nombre":"Paula Jaraquemada","jerarquia":5},"geometry":{"type":"LineString","coordinates":[[-68.93644,-22.46735],[-68.93713,-22.46731]]}},{"type":"Feature","properties":{"nombre":"Paula Jaraquemada","jerarquia":5},"geometry":{"type":"LineString","coordinates":[[-68.93713,-22.46731],[-68.93819,-22.46765]]}},{"type":"Feature","properties":{"nombre":"Paula Jaraquemada","jerarquia":5},"geometry":{"type":"LineString","coordinates":[[-68.93819,-22.46765],[-68.93926,-22.46799]]}},{"type":"Feature","properties":{"nombre":"Pedro de Valdivia","jerarquia":5},"geometry":{"type":"LineString","coordinates":[[-68.94025,-22.45622],[-68.94025,-22.45627]]}},{"type":"Feature","properties":{"nombre":"Pedro de Valdivia","jerarquia":5},"geometry":{"type":"LineString","coordinates":[[-68.94025,-22.45627],[-68.94022,-22.45705]]}},{"type":"Feature","properties":{"nombre":"Pedro de Valdivia","jerarquia":5},"geometry":{"type":"LineString","coordinates":[[-68.94022,-22.45705],[-68.94015,-22.45807]]}},{"type":"Feature","properties":{"nombre":"Pedro de Valdivia","jerarquia":5},"geometry":{"type":"LineString","coordinates":[[-68.94015,-22.45807],[-68.94011,-22.45877]]}},{"type":"Feature","properties":{"nombre":"Pedro de Valdivia","jerarquia":5},"geometry":{"type":"LineString","coordinates":[[-68.94011,-22.45877],[-68.94007,-22.45916]]}},{"type":"Feature","properties":{"nombre":"Pedro de Valdivia","jerarquia":5},"geometry":{"type":"LineString","coordinates":[[-68.94007,-22.45916],[-68.94002,-22.45977]]}},{"type":"Feature","properties":{"nombre":"Pedro de Valdivia","jerarquia":5},"geometry":{"type":"LineString","coordinates":[[-68.94002,-22.45977],[-68.93998,-22.46041]]}},{"type":"Feature","properties":{"nombre":"Pedro de Valdivia","jerarquia":5},"geometry":{"type":"LineString","coordinates":[[-68.93998,-22.46041],[-68.93995,-22.46096]]}},{"type":"Feature","properties":{"nombre":"Pedro de Valdivia","jerarquia":5},"geometry":{"type":"LineString","coordinates":[[-68.93995,-22.46096],[-68.9399,-22.46148]]}},{"type":"Feature","properties":{"nombre":"Pedro de Valdivia","jerarquia":5},"geometry":{"type":"LineString","coordinates":[[-68.9399,-22.46148],[-68.93985,-22.46235]]}},{"type":"Feature","properties":{"nombre":"Pedro de Valdivia","jerarquia":5},"geometry":{"type":"LineString","coordinates":[[-68.93985,-22.46235],[-68.93982,-22.46283]]}},{"type":"Feature","properties":{"nombre":"Pedro de Valdivia","jerarquia":5},"geometry":{"type":"LineString","coordinates":[[-68.93982,-22.46283],[-68.93982,-22.46292]]}},{"type":"Feature","properties":{"nombre":"Pedro de Valdivia","jerarquia":5},"geometry":{"type":"LineString","coordinates":[[-68.93982,-22.46292],[-68.93981,-22.46301]]}},{"type":"Feature","properties":{"nombre":"Pedro de Valdivia","jerarquia":5},"geometry":{"type":"LineString","coordinates":[[-68.93981,-22.46301],[-68.93979,-22.46357]]}},{"type":"Feature","properties":{"nombre":"Pedro de Valdivia","jerarquia":5},"geometry":{"type":"LineString","coordinates":[[-68.93979,-22.46357],[-68.93976,-22.46398]]}},{"type":"Feature","properties":{"nombre":"Pedro de Valdivia","jerarquia":5},"geometry":{"type":"LineString","coordinates":[[-68.93976,-22.46398],[-68.93974,-22.46445]]}},{"type":"Feature","properties":{"nombre":"Pedro de Valdivia","jerarquia":5},"geometry":{"type":"LineString","coordinates":[[-68.93974,-22.46445],[-68.93973,-22.46498]]}},{"type":"Feature","properties":{"nombre":"Pedro de Valdivia","jerarquia":5},"geometry":{"type":"LineString","coordinates":[[-68.93973,-22.46498],[-68.93968,-22.46594]]}},{"type":"Feature","properties":{"nombre":"Pedro de Valdivia","jerarquia":5},"geometry":{"type":"LineString","coordinates":[[-68.93968,-22.46594],[-68.93966,-22.46667]]}},{"type":"Feature","properties":{"nombre":"Pedro de Valdivia","jerarquia":5},"geometry":{"type":"LineString","coordinates":[[-68.93966,-22.46667],[-68.93961,-22.46703]]}},{"type":"Feature","properties":{"nombre":"Pedro de Valdivia","jerarquia":5},"geometry":{"type":"LineString","coordinates":[[-68.93961,-22.46703],[-68.93957,-22.46712]]}},{"type":"Feature","properties":{"nombre":"Pedro de Valdivia","jerarquia":5},"geometry":{"type":"LineString","coordinates":[[-68.93957,-22.46712],[-68.93942,-22.46754]]}},{"type":"Feature","properties":{"nombre":"Pedro de Valdivia","jerarquia":5},"geometry":{"type":"LineString","coordinates":[[-68.93942,-22.46754],[-68.93926,-22.46799]]}},{"type":"Feature","properties":{"nombre":"Pedro de Valdivia","jerarquia":5},"geometry":{"type":"LineString","coordinates":[[-68.93926,-22.46799],[-68.93904,-22.4686]]}},{"type":"Feature","properties":{"nombre":"Pedro de Valdivia","jerarquia":5},"geometry":{"type":"LineString","coordinates":[[-68.93904,-22.4686],[-68.93892,-22.4689]]}},{"type":"Feature","properties":{"nombre":"Pedro de Valdivia","jerarquia":5},"geometry":{"type":"LineString","coordinates":[[-68.93892,-22.4689],[-68.93882,-22.46918]]}},{"type":"Feature","properties":{"nombre":"Pedro de Valdivia","jerarquia":5},"geometry":{"type":"LineString","coordinates":[[-68.93882,-22.46918],[-68.9387,-22.4695]]}},{"type":"Feature","properties":{"nombre":"Pedro de Valdivia","jerarquia":5},"geometry":{"type":"LineString","coordinates":[[-68.9387,-22.4695],[-68.93859,-22.4698]]}},{"type":"Feature","properties":{"nombre":"Aldunate","jerarquia":4},"geometry":{"type":"LineString","coordinates":[[-68.93762,-22.46951],[-68.93748,-22.46999]]}},{"type":"Feature","properties":{"nombre":"Aldunate","jerarquia":4},"geometry":{"type":"LineString","coordinates":[[-68.93748,-22.46999],[-68.93735,-22.47044]]}},{"type":"Feature","properties":{"nombre":"Aldunate","jerarquia":4},"geometry":{"type":"LineString","coordinates":[[-68.93735,-22.47044],[-68.93722,-22.4709]]}},{"type":"Feature","properties":{"nombre":"Aldunate","jerarquia":4},"geometry":{"type":"LineString","coordinates":[[-68.93722,-22.4709],[-68.9371,-22.47135]]}},{"type":"Feature","properties":{"nombre":"","jerarquia":5},"geometry":{"type":"LineString","coordinates":[[-68.94882,-22.47909],[-68.95099,-22.47653]]}},{"type":"Feature","properties":{"nombre":"Cobija","jerarquia":5},"geometry":{"type":"LineString","coordinates":[[-68.95099,-22.47653],[-68.94915,-22.47552]]}},{"type":"Feature","properties":{"nombre":"Cobija","jerarquia":5},"geometry":{"type":"LineString","coordinates":[[-68.94915,-22.47552],[-68.94734,-22.47468]]}},{"type":"Feature","properties":{"nombre":"Cobija","jerarquia":5},"geometry":{"type":"LineString","coordinates":[[-68.94734,-22.47468],[-68.94728,-22.47465]]}},{"type":"Feature","properties":{"nombre":"Cobija","jerarquia":5},"geometry":{"type":"LineString","coordinates":[[-68.94728,-22.47465],[-68.9449,-22.4735]]}},{"type":"Feature","properties":{"nombre":"Cobija","jerarquia":5},"geometry":{"type":"LineString","coordinates":[[-68.9449,-22.4735],[-68.9436,-22.47292]]}},{"type":"Feature","properties":{"nombre":"Cobija","jerarquia":5},"geometry":{"type":"LineString","coordinates":[[-68.9436,-22.47292],[-68.94248,-22.4724],[-68.94213,-22.47215]]}},{"type":"Feature","properties":{"nombre":"Cobija","jerarquia":5},"geometry":{"type":"LineString","coordinates":[[-68.94213,-22.47215],[-68.94157,-22.47174]]}},{"type":"Feature","properties":{"nombre":"Cobija","jerarquia":5},"geometry":{"type":"LineString","coordinates":[[-68.94157,-22.47174],[-68.94069,-22.47108],[-68.93957,-22.47013]]}},{"type":"Feature","properties":{"nombre":"Aconcagua","jerarquia":5},"geometry":{"type":"LineString","coordinates":[[-68.93121,-22.47233],[-68.93131,-22.47232]]}},{"type":"Feature","properties":{"nombre":"Aconcagua","jerarquia":5},"geometry":{"type":"LineString","coordinates":[[-68.93131,-22.47232],[-68.93254,-22.47229]]}},{"type":"Feature","properties":{"nombre":"Aconcagua","jerarquia":5},"geometry":{"type":"LineString","coordinates":[[-68.93254,-22.47229],[-68.9334,-22.47227]]}},{"type":"Feature","properties":{"nombre":"Aconcagua","jerarquia":5},"geometry":{"type":"LineString","coordinates":[[-68.9334,-22.47227],[-68.93381,-22.47226]]}},{"type":"Feature","properties":{"nombre":"Aconcagua","jerarquia":5},"geometry":{"type":"LineString","coordinates":[[-68.93381,-22.47226],[-68.93429,-22.47225]]}},{"type":"Feature","properties":{"nombre":"Aconcagua","jerarquia":5},"geometry":{"type":"LineString","coordinates":[[-68.93429,-22.47225],[-68.93607,-22.47219]]}},{"type":"Feature","properties":{"nombre":"Aconcagua","jerarquia":5},"geometry":{"type":"LineString","coordinates":[[-68.93607,-22.47219],[-68.93661,-22.47218]]}},{"type":"Feature","properties":{"nombre":"Brasilia","jerarquia":5},"geometry":{"type":"LineString","coordinates":[[-68.93481,-22.46068],[-68.93484,-22.4601]]}},{"type":"Feature","properties":{"nombre":"Brasilia","jerarquia":5},"geometry":{"type":"LineString","coordinates":[[-68.93484,-22.4601],[-68.93488,-22.45948]]}},{"type":"Feature","properties":{"nombre":"Brasilia","jerarquia":5},"geometry":{"type":"LineString","coordinates":[[-68.93488,-22.45948],[-68.93491,-22.45885]]}},{"type":"Feature","properties":{"nombre":"Brasilia","jerarquia":5},"geometry":{"type":"LineString","coordinates":[[-68.93491,-22.45885],[-68.93495,-22.45821]]}},{"type":"Feature","properties":{"nombre":"Brasilia","jerarquia":5},"geometry":{"type":"LineString","coordinates":[[-68.93495,-22.45821],[-68.93498,-22.4576]]}},{"type":"Feature","properties":{"nombre":"Brasilia","jerarquia":5},"geometry":{"type":"LineString","coordinates":[[-68.93498,-22.4576],[-68.93502,-22.45697]]}},{"type":"Feature","properties":{"nombre":"Brasilia","jerarquia":5},"geometry":{"type":"LineString","coordinates":[[-68.93502,-22.45697],[-68.93503,-22.45672]]}},{"type":"Feature","properties":{"nombre":"Brasilia","jerarquia":5},"geometry":{"type":"LineString","coordinates":[[-68.93503,-22.45672],[-68.93505,-22.45644]]}},{"type":"Feature","properties":{"nombre":"Brasilia","jerarquia":5},"geometry":{"type":"LineString","coordinates":[[-68.93505,-22.45644],[-68.93506,-22.45613]]}},{"type":"Feature","properties":{"nombre":"Vargas","jerarquia":5},"geometry":{"type":"LineString","coordinates":[[-68.92959,-22.46094],[-68.92843,-22.46088]]}},{"type":"Feature","properties":{"nombre":"Vargas","jerarquia":5},"geometry":{"type":"LineString","coordinates":[[-68.92843,-22.46088],[-68.92818,-22.46086]]}},{"type":"Feature","properties":{"nombre":"Vargas","jerarquia":5},"geometry":{"type":"LineString","coordinates":[[-68.92818,-22.46086],[-68.92805,-22.46084]]}},{"type":"Feature","properties":{"nombre":"Vargas","jerarquia":5},"geometry":{"type":"LineString","coordinates":[[-68.92805,-22.46084],[-68.92748,-22.46081]]}},{"type":"Feature","properties":{"nombre":"Vargas","jerarquia":5},"geometry":{"type":"LineString","coordinates":[[-68.92748,-22.46081],[-68.9271,-22.46078]]}},{"type":"Feature","properties":{"nombre":"Vargas","jerarquia":5},"geometry":{"type":"LineString","coordinates":[[-68.9271,-22.46078],[-68.92698,-22.46077]]}},{"type":"Feature","properties":{"nombre":"Vargas","jerarquia":5},"geometry":{"type":"LineString","coordinates":[[-68.92698,-22.46077],[-68.92591,-22.46072]]}},{"type":"Feature","properties":{"nombre":"Vargas","jerarquia":5},"geometry":{"type":"LineString","coordinates":[[-68.92591,-22.46072],[-68.92581,-22.46071]]}},{"type":"Feature","properties":{"nombre":"Vargas","jerarquia":5},"geometry":{"type":"LineString","coordinates":[[-68.92581,-22.46071],[-68.92471,-22.46069]]}},{"type":"Feature","properties":{"nombre":"Vargas","jerarquia":5},"geometry":{"type":"LineString","coordinates":[[-68.92471,-22.46069],[-68.9246,-22.46068]]}},{"type":"Feature","properties":{"nombre":"Vargas","jerarquia":5},"geometry":{"type":"LineString","coordinates":[[-68.9246,-22.46068],[-68.92287,-22.46054]]}},{"type":"Feature","properties":{"nombre":"Vargas","jerarquia":5},"geometry":{"type":"LineString","coordinates":[[-68.92287,-22.46054],[-68.9228,-22.46053]]}},{"type":"Feature","properties":{"nombre":"Carlos Cisternas","jerarquia":5},"geometry":{"type":"LineString","coordinates":[[-68.93359,-22.45877],[-68.93491,-22.45885]]}},{"type":"Feature","properties":{"nombre":"Carlos Cisternas","jerarquia":5},"geometry":{"type":"LineString","coordinates":[[-68.93491,-22.45885],[-68.93629,-22.45893]]}},{"type":"Feature","properties":{"nombre":"Carlos Cisternas","jerarquia":5},"geometry":{"type":"LineString","coordinates":[[-68.93629,-22.45893],[-68.93761,-22.45899]]}},{"type":"Feature","properties":{"nombre":"Carlos Cisternas","jerarquia":5},"geometry":{"type":"LineString","coordinates":[[-68.93761,-22.45899],[-68.93892,-22.45906]]}},{"type":"Feature","properties":{"nombre":"Carlos Cisternas","jerarquia":5},"geometry":{"type":"LineString","coordinates":[[-68.93892,-22.45906],[-68.94007,-22.45916]]}},{"type":"Feature","properties":{"nombre":"Carlos Cisternas","jerarquia":5},"geometry":{"type":"LineString","coordinates":[[-68.94007,-22.45916],[-68.94127,-22.45925]]}},{"type":"Feature","properties":{"nombre":"Alonso de Ercilla","jerarquia":5},"geometry":{"type":"LineString","coordinates":[[-68.93056,-22.45292],[-68.93134,-22.45283]]}},{"type":"Feature","properties":{"nombre":"Arturo Prat","jerarquia":4},"geometry":{"type":"LineString","coordinates":[[-68.93206,-22.44444],[-68.93212,-22.44443]]}},{"type":"Feature","properties":{"nombre":"Arturo Prat","jerarquia":4},"geometry":{"type":"LineString","coordinates":[[-68.93212,-22.44443],[-68.93278,-22.44432]]}},{"type":"Feature","properties":{"nombre":"Arturo Prat","jerarquia":4},"geometry":{"type":"LineString","coordinates":[[-68.93278,-22.44432],[-68.93357,-22.4442]]}},{"type":"Feature","properties":{"nombre":"Arturo Prat","jerarquia":4},"geometry":{"type":"LineString","coordinates":[[-68.93357,-22.4442],[-68.93434,-22.44406]]}},{"type":"Feature","properties":{"nombre":"Arturo Prat","jerarquia":4},"geometry":{"type":"LineString","coordinates":[[-68.93434,-22.44406],[-68.93478,-22.44398]]}},{"type":"Feature","properties":{"nombre":"Arturo Prat","jerarquia":4},"geometry":{"type":"LineString","coordinates":[[-68.93478,-22.44398],[-68.93526,-22.4439]]}},{"type":"Feature","properties":{"nombre":"Arturo Prat","jerarquia":4},"geometry":{"type":"LineString","coordinates":[[-68.93526,-22.4439],[-68.93584,-22.4438]]}},{"type":"Feature","properties":{"nombre":"Arturo Prat","jerarquia":4},"geometry":{"type":"LineString","coordinates":[[-68.93584,-22.4438],[-68.93638,-22.44371]]}},{"type":"Feature","properties":{"nombre":"Arturo Prat","jerarquia":4},"geometry":{"type":"LineString","coordinates":[[-68.93638,-22.44371],[-68.93737,-22.44354]]}},{"type":"Feature","properties":{"nombre":"Alejandro Rodríguez","jerarquia":4},"geometry":{"type":"LineString","coordinates":[[-68.92647,-22.43943],[-68.92655,-22.43942]]}},{"type":"Feature","properties":{"nombre":"Alejandro Rodríguez","jerarquia":4},"geometry":{"type":"LineString","coordinates":[[-68.92655,-22.43942],[-68.92662,-22.43941]]}},{"type":"Feature","properties":{"nombre":"Alejandro Rodríguez","jerarquia":4},"geometry":{"type":"LineString","coordinates":[[-68.92662,-22.43941],[-68.92705,-22.43933]]}},{"type":"Feature","properties":{"nombre":"Alejandro Rodríguez","jerarquia":4},"geometry":{"type":"LineString","coordinates":[[-68.92705,-22.43933],[-68.92765,-22.43923]]}},{"type":"Feature","properties":{"nombre":"Alejandro Rodríguez","jerarquia":4},"geometry":{"type":"LineString","coordinates":[[-68.92765,-22.43923],[-68.9278,-22.43921]]}},{"type":"Feature","properties":{"nombre":"Alejandro Rodríguez","jerarquia":4},"geometry":{"type":"LineString","coordinates":[[-68.9278,-22.43921],[-68.92821,-22.43914]]}},{"type":"Feature","properties":{"nombre":"Alejandro Rodríguez","jerarquia":4},"geometry":{"type":"LineString","coordinates":[[-68.92821,-22.43914],[-68.92855,-22.43908]]}},{"type":"Feature","properties":{"nombre":"Alejandro Rodríguez","jerarquia":4},"geometry":{"type":"LineString","coordinates":[[-68.92855,-22.43908],[-68.92896,-22.43901]]}},{"type":"Feature","properties":{"nombre":"Alejandro Rodríguez","jerarquia":4},"geometry":{"type":"LineString","coordinates":[[-68.92896,-22.43901],[-68.9293,-22.43895]]}},{"type":"Feature","properties":{"nombre":"Alejandro Rodríguez","jerarquia":4},"geometry":{"type":"LineString","coordinates":[[-68.9293,-22.43895],[-68.9297,-22.43888]]}},{"type":"Feature","properties":{"nombre":"Alejandro Rodríguez","jerarquia":4},"geometry":{"type":"LineString","coordinates":[[-68.9297,-22.43888],[-68.93008,-22.43882]]}},{"type":"Feature","properties":{"nombre":"Alejandro Rodríguez","jerarquia":4},"geometry":{"type":"LineString","coordinates":[[-68.93008,-22.43882],[-68.93081,-22.43869]]}},{"type":"Feature","properties":{"nombre":"Alejandro Rodríguez","jerarquia":4},"geometry":{"type":"LineString","coordinates":[[-68.93081,-22.43869],[-68.93088,-22.43868]]}},{"type":"Feature","properties":{"nombre":"Maipú","jerarquia":5},"geometry":{"type":"LineString","coordinates":[[-68.94852,-22.45358],[-68.94806,-22.45356]]}},{"type":"Feature","properties":{"nombre":"Maipú","jerarquia":5},"geometry":{"type":"LineString","coordinates":[[-68.94806,-22.45356],[-68.94761,-22.45354]]}},{"type":"Feature","properties":{"nombre":"Maipú","jerarquia":5},"geometry":{"type":"LineString","coordinates":[[-68.94761,-22.45354],[-68.94714,-22.45354]]}},{"type":"Feature","properties":{"nombre":"Maipú","jerarquia":5},"geometry":{"type":"LineString","coordinates":[[-68.94714,-22.45354],[-68.94648,-22.45353]]}},{"type":"Feature","properties":{"nombre":"Maipú","jerarquia":5},"geometry":{"type":"LineString","coordinates":[[-68.94648,-22.45353],[-68.94603,-22.45351]]}},{"type":"Feature","properties":{"nombre":"Maipú","jerarquia":5},"geometry":{"type":"LineString","coordinates":[[-68.94603,-22.45351],[-68.94572,-22.4535]]}},{"type":"Feature","properties":{"nombre":"Maipú","jerarquia":5},"geometry":{"type":"LineString","coordinates":[[-68.94572,-22.4535],[-68.94525,-22.45349]]}},{"type":"Feature","properties":{"nombre":"Maipú","jerarquia":5},"geometry":{"type":"LineString","coordinates":[[-68.94525,-22.45349],[-68.94519,-22.45349]]}},{"type":"Feature","properties":{"nombre":"Maipú","jerarquia":5},"geometry":{"type":"LineString","coordinates":[[-68.94519,-22.45349],[-68.94476,-22.45347]]}},{"type":"Feature","properties":{"nombre":"Maipú","jerarquia":5},"geometry":{"type":"LineString","coordinates":[[-68.94476,-22.45347],[-68.94452,-22.45346]]}},{"type":"Feature","properties":{"nombre":"Maipú","jerarquia":5},"geometry":{"type":"LineString","coordinates":[[-68.94452,-22.45346],[-68.94402,-22.45344]]}},{"type":"Feature","properties":{"nombre":"Maipú","jerarquia":5},"geometry":{"type":"LineString","coordinates":[[-68.94402,-22.45344],[-68.94354,-22.45343]]}},{"type":"Feature","properties":{"nombre":"Maipú","jerarquia":5},"geometry":{"type":"LineString","coordinates":[[-68.94354,-22.45343],[-68.94284,-22.4534]]}},{"type":"Feature","properties":{"nombre":"Maipú","jerarquia":5},"geometry":{"type":"LineString","coordinates":[[-68.94284,-22.4534],[-68.94246,-22.45339]]}},{"type":"Feature","properties":{"nombre":"Maipú","jerarquia":5},"geometry":{"type":"LineString","coordinates":[[-68.94246,-22.45339],[-68.94212,-22.45339]]}},{"type":"Feature","properties":{"nombre":"Maipú","jerarquia":5},"geometry":{"type":"LineString","coordinates":[[-68.94212,-22.45339],[-68.94205,-22.45339]]}},{"type":"Feature","properties":{"nombre":"Maipú","jerarquia":5},"geometry":{"type":"LineString","coordinates":[[-68.94205,-22.45339],[-68.94165,-22.45338]]}},{"type":"Feature","properties":{"nombre":"Maipú","jerarquia":5},"geometry":{"type":"LineString","coordinates":[[-68.94165,-22.45338],[-68.9413,-22.45335]]}},{"type":"Feature","properties":{"nombre":"Maipú","jerarquia":5},"geometry":{"type":"LineString","coordinates":[[-68.9413,-22.45335],[-68.94121,-22.45335]]}},{"type":"Feature","properties":{"nombre":"Maipú","jerarquia":5},"geometry":{"type":"LineString","coordinates":[[-68.94121,-22.45335],[-68.94081,-22.45333]]}},{"type":"Feature","properties":{"nombre":"Avenida Maipú","jerarquia":5},"geometry":{"type":"LineString","coordinates":[[-68.94081,-22.45333],[-68.94007,-22.45338]]}},{"type":"Feature","properties":{"nombre":"Avenida Maipú","jerarquia":5},"geometry":{"type":"LineString","coordinates":[[-68.94007,-22.45338],[-68.93917,-22.45337]]}},{"type":"Feature","properties":{"nombre":"","jerarquia":2},"geometry":{"type":"LineString","coordinates":[[-68.91539,-22.43293],[-68.91569,-22.43267],[-68.9158,-22.43243]]}},{"type":"Feature","properties":{"nombre":"","jerarquia":2},"geometry":{"type":"LineString","coordinates":[[-68.9158,-22.43243],[-68.91584,-22.43227]]}},{"type":"Feature","properties":{"nombre":"Avenida Granaderos","jerarquia":3},"geometry":{"type":"LineString","coordinates":[[-68.92338,-22.42396],[-68.92444,-22.42911]]}},{"type":"Feature","properties":{"nombre":"Simón Bolívar","jerarquia":5},"geometry":{"type":"LineString","coordinates":[[-68.91987,-22.4477],[-68.91997,-22.44768]]}},{"type":"Feature","properties":{"nombre":"Almirante Latorre","jerarquia":4},"geometry":{"type":"LineString","coordinates":[[-68.92517,-22.44535],[-68.92523,-22.44565]]}},{"type":"Feature","properties":{"nombre":"Almirante Latorre","jerarquia":4},"geometry":{"type":"LineString","coordinates":[[-68.92523,-22.44565],[-68.92535,-22.44626]]}},{"type":"Feature","properties":{"nombre":"Almirante Latorre","jerarquia":4},"geometry":{"type":"LineString","coordinates":[[-68.92535,-22.44626],[-68.92547,-22.44684]]}},{"type":"Feature","properties":{"nombre":"Almirante Latorre","jerarquia":4},"geometry":{"type":"LineString","coordinates":[[-68.92547,-22.44684],[-68.92557,-22.44737]]}},{"type":"Feature","properties":{"nombre":"Almirante Latorre","jerarquia":4},"geometry":{"type":"LineString","coordinates":[[-68.92557,-22.44737],[-68.92567,-22.44787]]}},{"type":"Feature","properties":{"nombre":"Almirante Latorre","jerarquia":4},"geometry":{"type":"LineString","coordinates":[[-68.92567,-22.44787],[-68.92577,-22.44835]]}},{"type":"Feature","properties":{"nombre":"Almirante Latorre","jerarquia":4},"geometry":{"type":"LineString","coordinates":[[-68.92577,-22.44835],[-68.92588,-22.44896]]}},{"type":"Feature","properties":{"nombre":"Almirante Latorre","jerarquia":4},"geometry":{"type":"LineString","coordinates":[[-68.92588,-22.44896],[-68.92608,-22.44999]]}},{"type":"Feature","properties":{"nombre":"Almirante Latorre","jerarquia":4},"geometry":{"type":"LineString","coordinates":[[-68.92608,-22.44999],[-68.92623,-22.4507]]}},{"type":"Feature","properties":{"nombre":"Balmaceda","jerarquia":3},"geometry":{"type":"LineString","coordinates":[[-68.92301,-22.46467],[-68.92299,-22.46427]]}},{"type":"Feature","properties":{"nombre":"Avenida Balmaceda","jerarquia":3},"geometry":{"type":"LineString","coordinates":[[-68.91603,-22.43282],[-68.91606,-22.43311]]}},{"type":"Feature","properties":{"nombre":"Avenida Balmaceda","jerarquia":3},"geometry":{"type":"LineString","coordinates":[[-68.91606,-22.43311],[-68.9161,-22.43325]]}},{"type":"Feature","properties":{"nombre":"Avenida Balmaceda","jerarquia":3},"geometry":{"type":"LineString","coordinates":[[-68.9161,-22.43325],[-68.91636,-22.43427]]}},{"type":"Feature","properties":{"nombre":"Avenida Balmaceda","jerarquia":3},"geometry":{"type":"LineString","coordinates":[[-68.91636,-22.43427],[-68.91641,-22.43451]]}},{"type":"Feature","properties":{"nombre":"Avenida Balmaceda","jerarquia":3},"geometry":{"type":"LineString","coordinates":[[-68.91641,-22.43451],[-68.91654,-22.43501]]}},{"type":"Feature","properties":{"nombre":"Avenida Balmaceda","jerarquia":3},"geometry":{"type":"LineString","coordinates":[[-68.91654,-22.43501],[-68.91673,-22.43573]]}},{"type":"Feature","properties":{"nombre":"Avenida Balmaceda","jerarquia":3},"geometry":{"type":"LineString","coordinates":[[-68.91673,-22.43573],[-68.91685,-22.43621]]}},{"type":"Feature","properties":{"nombre":"Avenida Balmaceda","jerarquia":3},"geometry":{"type":"LineString","coordinates":[[-68.91685,-22.43621],[-68.91702,-22.43688]]}},{"type":"Feature","properties":{"nombre":"Avenida Balmaceda","jerarquia":3},"geometry":{"type":"LineString","coordinates":[[-68.91702,-22.43688],[-68.91715,-22.43736]]}},{"type":"Feature","properties":{"nombre":"Avenida Balmaceda","jerarquia":3},"geometry":{"type":"LineString","coordinates":[[-68.91715,-22.43736],[-68.91732,-22.43803]]}},{"type":"Feature","properties":{"nombre":"Avenida Balmaceda","jerarquia":3},"geometry":{"type":"LineString","coordinates":[[-68.91732,-22.43803],[-68.91744,-22.43856]]}},{"type":"Feature","properties":{"nombre":"Avenida Balmaceda","jerarquia":3},"geometry":{"type":"LineString","coordinates":[[-68.91744,-22.43856],[-68.91746,-22.43865]]}},{"type":"Feature","properties":{"nombre":"Avenida Balmaceda","jerarquia":3},"geometry":{"type":"LineString","coordinates":[[-68.91746,-22.43865],[-68.91782,-22.43985]]}},{"type":"Feature","properties":{"nombre":"Avenida Balmaceda","jerarquia":3},"geometry":{"type":"LineString","coordinates":[[-68.91782,-22.43985],[-68.91801,-22.44055]]}},{"type":"Feature","properties":{"nombre":"Avenida Balmaceda","jerarquia":3},"geometry":{"type":"LineString","coordinates":[[-68.91801,-22.44055],[-68.91814,-22.44104]]}},{"type":"Feature","properties":{"nombre":"Avenida Balmaceda","jerarquia":3},"geometry":{"type":"LineString","coordinates":[[-68.91814,-22.44104],[-68.9185,-22.44229]]}},{"type":"Feature","properties":{"nombre":"Avenida Balmaceda","jerarquia":3},"geometry":{"type":"LineString","coordinates":[[-68.9185,-22.44229],[-68.9187,-22.44298]]}},{"type":"Feature","properties":{"nombre":"Avenida Balmaceda","jerarquia":3},"geometry":{"type":"LineString","coordinates":[[-68.9187,-22.44298],[-68.91884,-22.44351]]}},{"type":"Feature","properties":{"nombre":"Avenida Chorrillos","jerarquia":4},"geometry":{"type":"LineString","coordinates":[[-68.92189,-22.45436],[-68.92304,-22.45407]]}},{"type":"Feature","properties":{"nombre":"Ascotán","jerarquia":5},"geometry":{"type":"LineString","coordinates":[[-68.92704,-22.44188],[-68.92695,-22.44189]]}},{"type":"Feature","properties":{"nombre":"Ascotán","jerarquia":5},"geometry":{"type":"LineString","coordinates":[[-68.92695,-22.44189],[-68.92686,-22.44191]]}},{"type":"Feature","properties":{"nombre":"Ascotán","jerarquia":5},"geometry":{"type":"LineString","coordinates":[[-68.92686,-22.44191],[-68.92675,-22.44193]]}},{"type":"Feature","properties":{"nombre":"Ascotán","jerarquia":5},"geometry":{"type":"LineString","coordinates":[[-68.92675,-22.44193],[-68.92624,-22.44201]]}},{"type":"Feature","properties":{"nombre":"Ascotán","jerarquia":5},"geometry":{"type":"LineString","coordinates":[[-68.92624,-22.44201],[-68.92462,-22.44249]]}},{"type":"Feature","properties":{"nombre":"Ascotán","jerarquia":5},"geometry":{"type":"LineString","coordinates":[[-68.92462,-22.44249],[-68.92404,-22.44259]]}},{"type":"Feature","properties":{"nombre":"Ascotán","jerarquia":5},"geometry":{"type":"LineString","coordinates":[[-68.92404,-22.44259],[-68.92308,-22.44275]]}},{"type":"Feature","properties":{"nombre":"Ascotán","jerarquia":5},"geometry":{"type":"LineString","coordinates":[[-68.92308,-22.44275],[-68.92286,-22.4428]]}},{"type":"Feature","properties":{"nombre":"Ascotán","jerarquia":5},"geometry":{"type":"LineString","coordinates":[[-68.92286,-22.4428],[-68.92234,-22.44289]]}},{"type":"Feature","properties":{"nombre":"Ascotán","jerarquia":5},"geometry":{"type":"LineString","coordinates":[[-68.92234,-22.44289],[-68.92156,-22.44303]]}},{"type":"Feature","properties":{"nombre":"Ascotán","jerarquia":5},"geometry":{"type":"LineString","coordinates":[[-68.92156,-22.44303],[-68.92099,-22.44313]]}},{"type":"Feature","properties":{"nombre":"Ascotán","jerarquia":5},"geometry":{"type":"LineString","coordinates":[[-68.92099,-22.44313],[-68.92049,-22.44322]]}},{"type":"Feature","properties":{"nombre":"Ascotán","jerarquia":5},"geometry":{"type":"LineString","coordinates":[[-68.92049,-22.44322],[-68.91927,-22.44343]]}},{"type":"Feature","properties":{"nombre":"Ascotán","jerarquia":5},"geometry":{"type":"LineString","coordinates":[[-68.91927,-22.44343],[-68.91884,-22.44351]]}},{"type":"Feature","properties":{"nombre":"Riquelme","jerarquia":5},"geometry":{"type":"LineString","coordinates":[[-68.92443,-22.43958],[-68.92449,-22.43991]]}},{"type":"Feature","properties":{"nombre":"Riquelme","jerarquia":5},"geometry":{"type":"LineString","coordinates":[[-68.92449,-22.43991],[-68.92461,-22.44048]]}},{"type":"Feature","properties":{"nombre":"Riquelme","jerarquia":5},"geometry":{"type":"LineString","coordinates":[[-68.92461,-22.44048],[-68.92463,-22.44059]]}},{"type":"Feature","properties":{"nombre":"Riquelme","jerarquia":5},"geometry":{"type":"LineString","coordinates":[[-68.92463,-22.44059],[-68.9246,-22.44068],[-68.92432,-22.44099]]}},{"type":"Feature","properties":{"nombre":"Central Sur","jerarquia":5},"geometry":{"type":"LineString","coordinates":[[-68.9207,-22.43935],[-68.92079,-22.43922]]}},{"type":"Feature","properties":{"nombre":"Central Sur","jerarquia":5},"geometry":{"type":"LineString","coordinates":[[-68.92079,-22.43922],[-68.92119,-22.43915]]}},{"type":"Feature","properties":{"nombre":"Central Sur","jerarquia":5},"geometry":{"type":"LineString","coordinates":[[-68.92119,-22.43915],[-68.92187,-22.43903]]}},{"type":"Feature","properties":{"nombre":"Central Sur","jerarquia":5},"geometry":{"type":"LineString","coordinates":[[-68.92187,-22.43903],[-68.92232,-22.43895]]}},{"type":"Feature","properties":{"nombre":"Central Sur","jerarquia":5},"geometry":{"type":"LineString","coordinates":[[-68.92232,-22.43895],[-68.92423,-22.43861]]}},{"type":"Feature","properties":{"nombre":"Central Sur","jerarquia":5},"geometry":{"type":"LineString","coordinates":[[-68.92423,-22.43861],[-68.92523,-22.43844]]}},{"type":"Feature","properties":{"nombre":"Central Sur","jerarquia":5},"geometry":{"type":"LineString","coordinates":[[-68.92523,-22.43844],[-68.92572,-22.43835]]}},{"type":"Feature","properties":{"nombre":"Central Sur","jerarquia":5},"geometry":{"type":"LineString","coordinates":[[-68.92572,-22.43835],[-68.92604,-22.43829]]}},{"type":"Feature","properties":{"nombre":"Central Sur","jerarquia":5},"geometry":{"type":"LineString","coordinates":[[-68.92604,-22.43829],[-68.92609,-22.43829]]}},{"type":"Feature","properties":{"nombre":"Central Sur","jerarquia":5},"geometry":{"type":"LineString","coordinates":[[-68.92609,-22.43829],[-68.92623,-22.43826]]}},{"type":"Feature","properties":{"nombre":"Central Sur","jerarquia":5},"geometry":{"type":"LineString","coordinates":[[-68.92623,-22.43826],[-68.92632,-22.43825]]}},{"type":"Feature","properties":{"nombre":"Riquelme","jerarquia":5},"geometry":{"type":"LineString","coordinates":[[-68.92425,-22.43871],[-68.92423,-22.43861]]}},{"type":"Feature","properties":{"nombre":"Riquelme","jerarquia":5},"geometry":{"type":"LineString","coordinates":[[-68.92423,-22.43861],[-68.92404,-22.43747]]}},{"type":"Feature","properties":{"nombre":"Riquelme","jerarquia":5},"geometry":{"type":"LineString","coordinates":[[-68.92404,-22.43747],[-68.92402,-22.43738]]}},{"type":"Feature","properties":{"nombre":"Riquelme","jerarquia":5},"geometry":{"type":"LineString","coordinates":[[-68.92402,-22.43738],[-68.92401,-22.43733]]}},{"type":"Feature","properties":{"nombre":"Riquelme","jerarquia":5},"geometry":{"type":"LineString","coordinates":[[-68.92401,-22.43733],[-68.92392,-22.43686]]}},{"type":"Feature","properties":{"nombre":"Riquelme","jerarquia":5},"geometry":{"type":"LineString","coordinates":[[-68.92392,-22.43686],[-68.9238,-22.4363]]}},{"type":"Feature","properties":{"nombre":"Riquelme","jerarquia":5},"geometry":{"type":"LineString","coordinates":[[-68.9238,-22.4363],[-68.92378,-22.43619]]}},{"type":"Feature","properties":{"nombre":"Riquelme","jerarquia":5},"geometry":{"type":"LineString","coordinates":[[-68.92378,-22.43619],[-68.92371,-22.43584]]}},{"type":"Feature","properties":{"nombre":"Riquelme","jerarquia":5},"geometry":{"type":"LineString","coordinates":[[-68.92371,-22.43584],[-68.92368,-22.43571]]}},{"type":"Feature","properties":{"nombre":"Riquelme","jerarquia":5},"geometry":{"type":"LineString","coordinates":[[-68.92368,-22.43571],[-68.92362,-22.43538]]}},{"type":"Feature","properties":{"nombre":"Riquelme","jerarquia":5},"geometry":{"type":"LineString","coordinates":[[-68.92362,-22.43538],[-68.92354,-22.43503]]}},{"type":"Feature","properties":{"nombre":"Riquelme","jerarquia":5},"geometry":{"type":"LineString","coordinates":[[-68.92354,-22.43503],[-68.92345,-22.43457]]}},{"type":"Feature","properties":{"nombre":"Riquelme","jerarquia":5},"geometry":{"type":"LineString","coordinates":[[-68.92345,-22.43457],[-68.92341,-22.43436]]}},{"type":"Feature","properties":{"nombre":"Riquelme","jerarquia":5},"geometry":{"type":"LineString","coordinates":[[-68.92341,-22.43436],[-68.92329,-22.43382]]}},{"type":"Feature","properties":{"nombre":"Huaytiquina","jerarquia":4},"geometry":{"type":"LineString","coordinates":[[-68.92527,-22.43347],[-68.92517,-22.43349]]}},{"type":"Feature","properties":{"nombre":"Huaytiquina","jerarquia":4},"geometry":{"type":"LineString","coordinates":[[-68.92517,-22.43349],[-68.92505,-22.43351]]}},{"type":"Feature","properties":{"nombre":"Huaytiquina","jerarquia":4},"geometry":{"type":"LineString","coordinates":[[-68.92505,-22.43351],[-68.92401,-22.4337]]}},{"type":"Feature","properties":{"nombre":"Huaytiquina","jerarquia":4},"geometry":{"type":"LineString","coordinates":[[-68.92401,-22.4337],[-68.92384,-22.43372]]}},{"type":"Feature","properties":{"nombre":"Huaytiquina","jerarquia":4},"geometry":{"type":"LineString","coordinates":[[-68.92384,-22.43372],[-68.92329,-22.43382]]}},{"type":"Feature","properties":{"nombre":"Huaytiquina","jerarquia":4},"geometry":{"type":"LineString","coordinates":[[-68.92329,-22.43382],[-68.92256,-22.43395]]}},{"type":"Feature","properties":{"nombre":"Huaytiquina","jerarquia":4},"geometry":{"type":"LineString","coordinates":[[-68.92256,-22.43395],[-68.92251,-22.43396]]}},{"type":"Feature","properties":{"nombre":"Huaytiquina","jerarquia":4},"geometry":{"type":"LineString","coordinates":[[-68.92251,-22.43396],[-68.92203,-22.43404]]}},{"type":"Feature","properties":{"nombre":"Huaytiquina","jerarquia":4},"geometry":{"type":"LineString","coordinates":[[-68.92203,-22.43404],[-68.92126,-22.43418]]}},{"type":"Feature","properties":{"nombre":"Huaytiquina","jerarquia":4},"geometry":{"type":"LineString","coordinates":[[-68.92126,-22.43418],[-68.92079,-22.43426]]}},{"type":"Feature","properties":{"nombre":"Huaytiquina","jerarquia":4},"geometry":{"type":"LineString","coordinates":[[-68.92079,-22.43426],[-68.92054,-22.4343]]}},{"type":"Feature","properties":{"nombre":"Huaytiquina","jerarquia":4},"geometry":{"type":"LineString","coordinates":[[-68.92054,-22.4343],[-68.92021,-22.43436]]}},{"type":"Feature","properties":{"nombre":"Huaytiquina","jerarquia":4},"geometry":{"type":"LineString","coordinates":[[-68.92021,-22.43436],[-68.91944,-22.4345]]}},{"type":"Feature","properties":{"nombre":"Huaytiquina","jerarquia":4},"geometry":{"type":"LineString","coordinates":[[-68.91944,-22.4345],[-68.9189,-22.43459]]}},{"type":"Feature","properties":{"nombre":"Huaytiquina","jerarquia":4},"geometry":{"type":"LineString","coordinates":[[-68.9189,-22.43459],[-68.91813,-22.43473]]}},{"type":"Feature","properties":{"nombre":"Huaytiquina","jerarquia":4},"geometry":{"type":"LineString","coordinates":[[-68.91813,-22.43473],[-68.91713,-22.4349]]}},{"type":"Feature","properties":{"nombre":"Huaytiquina","jerarquia":4},"geometry":{"type":"LineString","coordinates":[[-68.91713,-22.4349],[-68.91687,-22.43495]]}},{"type":"Feature","properties":{"nombre":"Huaytiquina","jerarquia":4},"geometry":{"type":"LineString","coordinates":[[-68.91687,-22.43495],[-68.91654,-22.43501]]}},{"type":"Feature","properties":{"nombre":"Huaytiquina","jerarquia":4},"geometry":{"type":"LineString","coordinates":[[-68.91654,-22.43501],[-68.91646,-22.43502]]}},{"type":"Feature","properties":{"nombre":"Atacama","jerarquia":3},"geometry":{"type":"LineString","coordinates":[[-68.92306,-22.46427],[-68.92299,-22.46427]]}},{"type":"Feature","properties":{"nombre":"Atacama","jerarquia":3},"geometry":{"type":"LineString","coordinates":[[-68.92299,-22.46427],[-68.92189,-22.46433]]}},{"type":"Feature","properties":{"nombre":"","jerarquia":2},"geometry":{"type":"LineString","coordinates":[[-68.89908,-22.47126],[-68.89888,-22.47088],[-68.89872,-22.47071],[-68.8985,-22.47058],[-68.89823,-22.47054],[-68.89783,-22.47062],[-68.8968,-22.47116]]}},{"type":"Feature","properties":{"nombre":"Aeropuerto El Loa","jerarquia":5},"geometry":{"type":"LineString","coordinates":[[-68.90935,-22.49456],[-68.90936,-22.49486],[-68.90928,-22.49492]]}},{"type":"Feature","properties":{"nombre":"","jerarquia":4},"geometry":{"type":"LineString","coordinates":[[-68.92957,-22.45286],[-68.92977,-22.45275]]}},{"type":"Feature","properties":{"nombre":"Avenida Maipú","jerarquia":4},"geometry":{"type":"LineString","coordinates":[[-68.92957,-22.45286],[-68.92962,-22.4531],[-68.92956,-22.45323]]}},{"type":"Feature","properties":{"nombre":"Balmaceda","jerarquia":4},"geometry":{"type":"LineString","coordinates":[[-68.92962,-22.4796],[-68.9295,-22.47961]]}},{"type":"Feature","properties":{"nombre":"Tocopilla","jerarquia":5},"geometry":{"type":"LineString","coordinates":[[-68.94127,-22.45925],[-68.94244,-22.45973]]}},{"type":"Feature","properties":{"nombre":"Tocopilla","jerarquia":5},"geometry":{"type":"LineString","coordinates":[[-68.94244,-22.45973],[-68.94298,-22.45993]]}},{"type":"Feature","properties":{"nombre":"Tocopilla","jerarquia":5},"geometry":{"type":"LineString","coordinates":[[-68.94298,-22.45993],[-68.94359,-22.46016]]}},{"type":"Feature","properties":{"nombre":"Tocopilla","jerarquia":5},"geometry":{"type":"LineString","coordinates":[[-68.94359,-22.46016],[-68.94478,-22.46064]]}},{"type":"Feature","properties":{"nombre":"Tocopilla","jerarquia":5},"geometry":{"type":"LineString","coordinates":[[-68.94478,-22.46064],[-68.94586,-22.46108]]}},{"type":"Feature","properties":{"nombre":"Tocopilla","jerarquia":5},"geometry":{"type":"LineString","coordinates":[[-68.94586,-22.46108],[-68.94637,-22.46129]]}},{"type":"Feature","properties":{"nombre":"Tocopilla","jerarquia":5},"geometry":{"type":"LineString","coordinates":[[-68.94637,-22.46129],[-68.94694,-22.46151]]}},{"type":"Feature","properties":{"nombre":"Pucón","jerarquia":5},"geometry":{"type":"LineString","coordinates":[[-68.94571,-22.46304],[-68.94575,-22.46247]]}},{"type":"Feature","properties":{"nombre":"Pucón","jerarquia":5},"geometry":{"type":"LineString","coordinates":[[-68.94575,-22.46247],[-68.94577,-22.46223]]}},{"type":"Feature","properties":{"nombre":"Pucón","jerarquia":5},"geometry":{"type":"LineString","coordinates":[[-68.94577,-22.46223],[-68.9458,-22.46178]]}},{"type":"Feature","properties":{"nombre":"Pucón","jerarquia":5},"geometry":{"type":"LineString","coordinates":[[-68.9458,-22.46178],[-68.94585,-22.46127]]}},{"type":"Feature","properties":{"nombre":"Pucón","jerarquia":5},"geometry":{"type":"LineString","coordinates":[[-68.94585,-22.46127],[-68.94586,-22.46108]]}},{"type":"Feature","properties":{"nombre":"Pucón","jerarquia":5},"geometry":{"type":"LineString","coordinates":[[-68.94586,-22.46108],[-68.94587,-22.46079]]}},{"type":"Feature","properties":{"nombre":"Pucón","jerarquia":5},"geometry":{"type":"LineString","coordinates":[[-68.94587,-22.46079],[-68.94589,-22.46054]]}},{"type":"Feature","properties":{"nombre":"Pucón","jerarquia":5},"geometry":{"type":"LineString","coordinates":[[-68.94589,-22.46054],[-68.94594,-22.46005]]}},{"type":"Feature","properties":{"nombre":"Pucón","jerarquia":5},"geometry":{"type":"LineString","coordinates":[[-68.94594,-22.46005],[-68.94599,-22.45948]]}},{"type":"Feature","properties":{"nombre":"Pucón","jerarquia":5},"geometry":{"type":"LineString","coordinates":[[-68.94599,-22.45948],[-68.946,-22.4592]]}},{"type":"Feature","properties":{"nombre":"Pucón","jerarquia":5},"geometry":{"type":"LineString","coordinates":[[-68.946,-22.4592],[-68.94604,-22.45874]]}},{"type":"Feature","properties":{"nombre":"Pucón","jerarquia":5},"geometry":{"type":"LineString","coordinates":[[-68.94604,-22.45874],[-68.94608,-22.45824]]}},{"type":"Feature","properties":{"nombre":"Pucón","jerarquia":5},"geometry":{"type":"LineString","coordinates":[[-68.94608,-22.45824],[-68.94613,-22.45768]]}},{"type":"Feature","properties":{"nombre":"Pucón","jerarquia":5},"geometry":{"type":"LineString","coordinates":[[-68.94613,-22.45768],[-68.94616,-22.45729]]}},{"type":"Feature","properties":{"nombre":"Pucón","jerarquia":5},"geometry":{"type":"LineString","coordinates":[[-68.94616,-22.45729],[-68.94619,-22.45679]]}},{"type":"Feature","properties":{"nombre":"Pucón","jerarquia":5},"geometry":{"type":"LineString","coordinates":[[-68.94619,-22.45679],[-68.94623,-22.45637]]}},{"type":"Feature","properties":{"nombre":"Avenida Chorrillos","jerarquia":5},"geometry":{"type":"LineString","coordinates":[[-68.91769,-22.45384],[-68.91826,-22.45392]]}},{"type":"Feature","properties":{"nombre":"Avenida Chorrillos","jerarquia":5},"geometry":{"type":"LineString","coordinates":[[-68.91826,-22.45392],[-68.91974,-22.45415]]}},{"type":"Feature","properties":{"nombre":"Avenida Chorrillos","jerarquia":5},"geometry":{"type":"LineString","coordinates":[[-68.91974,-22.45415],[-68.92031,-22.45423]]}},{"type":"Feature","properties":{"nombre":"Avenida Chorrillos","jerarquia":5},"geometry":{"type":"LineString","coordinates":[[-68.92031,-22.45423],[-68.9206,-22.45428]]}},{"type":"Feature","properties":{"nombre":"Avenida Chorrillos","jerarquia":5},"geometry":{"type":"LineString","coordinates":[[-68.9206,-22.45428],[-68.92135,-22.45439]]}},{"type":"Feature","properties":{"nombre":"Avenida Chorrillos","jerarquia":5},"geometry":{"type":"LineString","coordinates":[[-68.92135,-22.45456],[-68.92106,-22.45452]]}},{"type":"Feature","properties":{"nombre":"Avenida Chorrillos","jerarquia":5},"geometry":{"type":"LineString","coordinates":[[-68.92106,-22.45452],[-68.92059,-22.45444]]}},{"type":"Feature","properties":{"nombre":"Avenida Chorrillos","jerarquia":5},"geometry":{"type":"LineString","coordinates":[[-68.92059,-22.45444],[-68.92028,-22.4544]]}},{"type":"Feature","properties":{"nombre":"Avenida Chorrillos","jerarquia":5},"geometry":{"type":"LineString","coordinates":[[-68.92028,-22.4544],[-68.91961,-22.4543]]}},{"type":"Feature","properties":{"nombre":"Avenida Chorrillos","jerarquia":5},"geometry":{"type":"LineString","coordinates":[[-68.91961,-22.4543],[-68.91863,-22.45415]]}},{"type":"Feature","properties":{"nombre":"Avenida Chorrillos","jerarquia":5},"geometry":{"type":"LineString","coordinates":[[-68.91863,-22.45415],[-68.91827,-22.4541]]}},{"type":"Feature","properties":{"nombre":"Avenida Chorrillos","jerarquia":5},"geometry":{"type":"LineString","coordinates":[[-68.91827,-22.4541],[-68.91817,-22.45409]]}},{"type":"Feature","properties":{"nombre":"Avenida Chorrillos","jerarquia":5},"geometry":{"type":"LineString","coordinates":[[-68.91817,-22.45409],[-68.9177,-22.45402]]}},{"type":"Feature","properties":{"nombre":"Avenida Chorrillos","jerarquia":5},"geometry":{"type":"LineString","coordinates":[[-68.9177,-22.45402],[-68.91712,-22.45393]]}},{"type":"Feature","properties":{"nombre":"Antofagasta","jerarquia":5},"geometry":{"type":"LineString","coordinates":[[-68.92266,-22.45808],[-68.92236,-22.45795]]}},{"type":"Feature","properties":{"nombre":"Antofagasta","jerarquia":5},"geometry":{"type":"LineString","coordinates":[[-68.92236,-22.45795],[-68.92088,-22.45731]]}},{"type":"Feature","properties":{"nombre":"Antofagasta","jerarquia":5},"geometry":{"type":"LineString","coordinates":[[-68.92088,-22.45731],[-68.92069,-22.45722]]}},{"type":"Feature","properties":{"nombre":"Antofagasta","jerarquia":5},"geometry":{"type":"LineString","coordinates":[[-68.92069,-22.45722],[-68.92031,-22.45707]]}},{"type":"Feature","properties":{"nombre":"Antofagasta","jerarquia":5},"geometry":{"type":"LineString","coordinates":[[-68.92031,-22.45707],[-68.91952,-22.45674]]}},{"type":"Feature","properties":{"nombre":"Antofagasta","jerarquia":5},"geometry":{"type":"LineString","coordinates":[[-68.91952,-22.45674],[-68.91869,-22.45642]]}},{"type":"Feature","properties":{"nombre":"Antofagasta","jerarquia":5},"geometry":{"type":"LineString","coordinates":[[-68.91869,-22.45642],[-68.91865,-22.45641]]}},{"type":"Feature","properties":{"nombre":"Antofagasta","jerarquia":5},"geometry":{"type":"LineString","coordinates":[[-68.91865,-22.45641],[-68.91843,-22.45632]]}},{"type":"Feature","properties":{"nombre":"Antofagasta","jerarquia":5},"geometry":{"type":"LineString","coordinates":[[-68.91843,-22.45632],[-68.91832,-22.45626]]}},{"type":"Feature","properties":{"nombre":"Antofagasta","jerarquia":5},"geometry":{"type":"LineString","coordinates":[[-68.91832,-22.45626],[-68.91785,-22.45573],[-68.91771,-22.45521]]}},{"type":"Feature","properties":{"nombre":"Antofagasta","jerarquia":5},"geometry":{"type":"LineString","coordinates":[[-68.91771,-22.45521],[-68.91764,-22.45485]]}},{"type":"Feature","properties":{"nombre":"Talagante","jerarquia":5},"geometry":{"type":"LineString","coordinates":[[-68.91752,-22.44817],[-68.91745,-22.44804]]}},{"type":"Feature","properties":{"nombre":"Talagante","jerarquia":5},"geometry":{"type":"LineString","coordinates":[[-68.91745,-22.44804],[-68.91725,-22.44781]]}},{"type":"Feature","properties":{"nombre":"Talagante","jerarquia":5},"geometry":{"type":"LineString","coordinates":[[-68.91688,-22.44775],[-68.917,-22.44721]]}},{"type":"Feature","properties":{"nombre":"Talagante","jerarquia":5},"geometry":{"type":"LineString","coordinates":[[-68.917,-22.44721],[-68.91711,-22.44677]]}},{"type":"Feature","properties":{"nombre":"11 Norte","jerarquia":5},"geometry":{"type":"LineString","coordinates":[[-68.91859,-22.44796],[-68.91829,-22.44792],[-68.91802,-22.448]]}},{"type":"Feature","properties":{"nombre":"Circunvalación","jerarquia":5},"geometry":{"type":"LineString","coordinates":[[-68.92479,-22.43082],[-68.9247,-22.43085]]}},{"type":"Feature","properties":{"nombre":"Circunvalación","jerarquia":5},"geometry":{"type":"LineString","coordinates":[[-68.9247,-22.43085],[-68.92432,-22.43092]]}},{"type":"Feature","properties":{"nombre":"Circunvalación","jerarquia":5},"geometry":{"type":"LineString","coordinates":[[-68.92432,-22.43092],[-68.92363,-22.43109]]}},{"type":"Feature","properties":{"nombre":"Circunvalación","jerarquia":5},"geometry":{"type":"LineString","coordinates":[[-68.92363,-22.43109],[-68.92287,-22.4313]]}},{"type":"Feature","properties":{"nombre":"Circunvalación","jerarquia":5},"geometry":{"type":"LineString","coordinates":[[-68.92287,-22.4313],[-68.9224,-22.43144]]}},{"type":"Feature","properties":{"nombre":"Circunvalación","jerarquia":5},"geometry":{"type":"LineString","coordinates":[[-68.9224,-22.43144],[-68.92179,-22.43174]]}},{"type":"Feature","properties":{"nombre":"Circunvalación","jerarquia":5},"geometry":{"type":"LineString","coordinates":[[-68.92179,-22.43174],[-68.92132,-22.43184]]}},{"type":"Feature","properties":{"nombre":"Circunvalación","jerarquia":5},"geometry":{"type":"LineString","coordinates":[[-68.92132,-22.43184],[-68.92053,-22.43198]]}},{"type":"Feature","properties":{"nombre":"Circunvalación","jerarquia":5},"geometry":{"type":"LineString","coordinates":[[-68.92053,-22.43198],[-68.91978,-22.43222]]}},{"type":"Feature","properties":{"nombre":"Circunvalación","jerarquia":5},"geometry":{"type":"LineString","coordinates":[[-68.91978,-22.43222],[-68.91898,-22.43242]]}},{"type":"Feature","properties":{"nombre":"Circunvalación","jerarquia":5},"geometry":{"type":"LineString","coordinates":[[-68.91898,-22.43242],[-68.91822,-22.43261]]}},{"type":"Feature","properties":{"nombre":"Circunvalación","jerarquia":5},"geometry":{"type":"LineString","coordinates":[[-68.91822,-22.43261],[-68.91748,-22.43283]]}},{"type":"Feature","properties":{"nombre":"Circunvalación","jerarquia":5},"geometry":{"type":"LineString","coordinates":[[-68.91748,-22.43283],[-68.91692,-22.43299]]}},{"type":"Feature","properties":{"nombre":"Circunvalación","jerarquia":5},"geometry":{"type":"LineString","coordinates":[[-68.91692,-22.43299],[-68.91625,-22.43319]]}},{"type":"Feature","properties":{"nombre":"Circunvalación","jerarquia":5},"geometry":{"type":"LineString","coordinates":[[-68.91625,-22.43319],[-68.9161,-22.43325]]}},{"type":"Feature","properties":{"nombre":"Riquelme","jerarquia":5},"geometry":{"type":"LineString","coordinates":[[-68.92432,-22.44099],[-68.92432,-22.44107]]}},{"type":"Feature","properties":{"nombre":"Riquelme","jerarquia":5},"geometry":{"type":"LineString","coordinates":[[-68.92432,-22.44107],[-68.92432,-22.44112]]}},{"type":"Feature","properties":{"nombre":"Riquelme","jerarquia":5},"geometry":{"type":"LineString","coordinates":[[-68.92432,-22.44112],[-68.92451,-22.44198]]}},{"type":"Feature","properties":{"nombre":"Riquelme","jerarquia":5},"geometry":{"type":"LineString","coordinates":[[-68.92451,-22.44198],[-68.92462,-22.44249]]}},{"type":"Feature","properties":{"nombre":"Riquelme","jerarquia":5},"geometry":{"type":"LineString","coordinates":[[-68.92462,-22.44249],[-68.92474,-22.44313]]}},{"type":"Feature","properties":{"nombre":"Riquelme","jerarquia":5},"geometry":{"type":"LineString","coordinates":[[-68.92474,-22.44313],[-68.92512,-22.44508]]}},{"type":"Feature","properties":{"nombre":"Riquelme","jerarquia":5},"geometry":{"type":"LineString","coordinates":[[-68.92425,-22.43871],[-68.92439,-22.43942]]}},{"type":"Feature","properties":{"nombre":"Riquelme","jerarquia":5},"geometry":{"type":"LineString","coordinates":[[-68.92439,-22.43942],[-68.92443,-22.43958]]}},{"type":"Feature","properties":{"nombre":"Laguna Legía","jerarquia":5},"geometry":{"type":"LineString","coordinates":[[-68.92727,-22.43311],[-68.92734,-22.43345]]}},{"type":"Feature","properties":{"nombre":"Laguna Legía","jerarquia":5},"geometry":{"type":"LineString","coordinates":[[-68.92734,-22.43345],[-68.92738,-22.43365]]}},{"type":"Feature","properties":{"nombre":"Laguna Legía","jerarquia":5},"geometry":{"type":"LineString","coordinates":[[-68.92738,-22.43365],[-68.92746,-22.43404]]}},{"type":"Feature","properties":{"nombre":"Laguna Legía","jerarquia":5},"geometry":{"type":"LineString","coordinates":[[-68.92746,-22.43404],[-68.92749,-22.43416]]}},{"type":"Feature","properties":{"nombre":"Laguna Legía","jerarquia":5},"geometry":{"type":"LineString","coordinates":[[-68.92749,-22.43416],[-68.92756,-22.43455]]}},{"type":"Feature","properties":{"nombre":"Laguna Legía","jerarquia":5},"geometry":{"type":"LineString","coordinates":[[-68.92756,-22.43455],[-68.9276,-22.43474]]}},{"type":"Feature","properties":{"nombre":"Laguna Legía","jerarquia":5},"geometry":{"type":"LineString","coordinates":[[-68.9276,-22.43474],[-68.92767,-22.43506]]}},{"type":"Feature","properties":{"nombre":"Laguna Legía","jerarquia":5},"geometry":{"type":"LineString","coordinates":[[-68.92767,-22.43506],[-68.92778,-22.43563]]}},{"type":"Feature","properties":{"nombre":"Diego de Almagro","jerarquia":5},"geometry":{"type":"LineString","coordinates":[[-68.93267,-22.4475],[-68.9326,-22.44751]]}},{"type":"Feature","properties":{"nombre":"Diego de Almagro","jerarquia":5},"geometry":{"type":"LineString","coordinates":[[-68.9326,-22.44751],[-68.93191,-22.44763]]}},{"type":"Feature","properties":{"nombre":"Diego de Almagro","jerarquia":5},"geometry":{"type":"LineString","coordinates":[[-68.93191,-22.44763],[-68.93112,-22.44776]]}},{"type":"Feature","properties":{"nombre":"Diego de Almagro","jerarquia":5},"geometry":{"type":"LineString","coordinates":[[-68.93112,-22.44776],[-68.93036,-22.44788]]}},{"type":"Feature","properties":{"nombre":"Diego de Almagro","jerarquia":5},"geometry":{"type":"LineString","coordinates":[[-68.93036,-22.44788],[-68.92959,-22.448]]}},{"type":"Feature","properties":{"nombre":"Diego de Almagro","jerarquia":5},"geometry":{"type":"LineString","coordinates":[[-68.92959,-22.448],[-68.92882,-22.44811]]}},{"type":"Feature","properties":{"nombre":"Diego de Almagro","jerarquia":5},"geometry":{"type":"LineString","coordinates":[[-68.92882,-22.44811],[-68.92841,-22.44819]]}},{"type":"Feature","properties":{"nombre":"Diego de Almagro","jerarquia":5},"geometry":{"type":"LineString","coordinates":[[-68.92841,-22.44819],[-68.92832,-22.44821]]}},{"type":"Feature","properties":{"nombre":"Diego de Almagro","jerarquia":5},"geometry":{"type":"LineString","coordinates":[[-68.92832,-22.44821],[-68.92823,-22.44822]]}},{"type":"Feature","properties":{"nombre":"Independencia","jerarquia":5},"geometry":{"type":"LineString","coordinates":[[-68.9274,-22.44367],[-68.92791,-22.44358]]}},{"type":"Feature","properties":{"nombre":"Independencia","jerarquia":5},"geometry":{"type":"LineString","coordinates":[[-68.92791,-22.44358],[-68.92867,-22.44345]]}},{"type":"Feature","properties":{"nombre":"Independencia","jerarquia":5},"geometry":{"type":"LineString","coordinates":[[-68.92867,-22.44345],[-68.92943,-22.44332]]}},{"type":"Feature","properties":{"nombre":"Independencia","jerarquia":5},"geometry":{"type":"LineString","coordinates":[[-68.92943,-22.44332],[-68.93018,-22.44318]]}},{"type":"Feature","properties":{"nombre":"Independencia","jerarquia":5},"geometry":{"type":"LineString","coordinates":[[-68.93018,-22.44318],[-68.93096,-22.44304]]}},{"type":"Feature","properties":{"nombre":"Independencia","jerarquia":5},"geometry":{"type":"LineString","coordinates":[[-68.93096,-22.44304],[-68.93167,-22.44292]]}},{"type":"Feature","properties":{"nombre":"Independencia","jerarquia":5},"geometry":{"type":"LineString","coordinates":[[-68.93167,-22.44292],[-68.93175,-22.44291]]}},{"type":"Feature","properties":{"nombre":"","jerarquia":2},"geometry":{"type":"LineString","coordinates":[[-68.92138,-22.49199],[-68.92067,-22.49172],[-68.92029,-22.49165],[-68.91978,-22.49167],[-68.91905,-22.49187]]}},{"type":"Feature","properties":{"nombre":"Avenida Circunvalación","jerarquia":2},"geometry":{"type":"LineString","coordinates":[[-68.89878,-22.4696],[-68.89874,-22.46932]]}},{"type":"Feature","properties":{"nombre":"Avenida Libertador Bernardo O'Higgins","jerarquia":3},"geometry":{"type":"LineString","coordinates":[[-68.92899,-22.48362],[-68.92927,-22.48327]]}},{"type":"Feature","properties":{"nombre":"Avenida Circunvalación","jerarquia":2},"geometry":{"type":"LineString","coordinates":[[-68.89883,-22.4692],[-68.89888,-22.46952]]}},{"type":"Feature","properties":{"nombre":"Avenida Circunvalación","jerarquia":2},"geometry":{"type":"LineString","coordinates":[[-68.89886,-22.4672],[-68.89993,-22.4652],[-68.90007,-22.46483],[-68.90017,-22.46431],[-68.90014,-22.46361],[-68.89951,-22.45989]]}},{"type":"Feature","properties":{"nombre":"Avenida Circunvalación","jerarquia":2},"geometry":{"type":"LineString","coordinates":[[-68.89951,-22.45989],[-68.89898,-22.4568],[-68.89764,-22.45181],[-68.89754,-22.45094],[-68.89752,-22.45026],[-68.89756,-22.44958],[-68.89768,-22.44885]]}},{"type":"Feature","properties":{"nombre":"Avenida Maipú","jerarquia":4},"geometry":{"type":"LineString","coordinates":[[-68.92652,-22.45319],[-68.92727,-22.45309]]}},{"type":"Feature","properties":{"nombre":"Avenida Maipú","jerarquia":4},"geometry":{"type":"LineString","coordinates":[[-68.92727,-22.45309],[-68.92789,-22.45298]]}},{"type":"Feature","properties":{"nombre":"Avenida Maipú","jerarquia":4},"geometry":{"type":"LineString","coordinates":[[-68.92789,-22.45298],[-68.92846,-22.45288]]}},{"type":"Feature","properties":{"nombre":"Avenida Maipú","jerarquia":4},"geometry":{"type":"LineString","coordinates":[[-68.92846,-22.45288],[-68.92907,-22.45277]]}},{"type":"Feature","properties":{"nombre":"Avenida Maipú","jerarquia":4},"geometry":{"type":"LineString","coordinates":[[-68.92907,-22.45277],[-68.92913,-22.45276]]}},{"type":"Feature","properties":{"nombre":"Avenida Maipú","jerarquia":4},"geometry":{"type":"LineString","coordinates":[[-68.92913,-22.45276],[-68.92923,-22.45274]]}},{"type":"Feature","properties":{"nombre":"Avenida Libertador Bernardo O'Higgins","jerarquia":3},"geometry":{"type":"LineString","coordinates":[[-68.92927,-22.48327],[-68.92977,-22.48261],[-68.92996,-22.48224],[-68.93004,-22.48189],[-68.93004,-22.4815]]}},{"type":"Feature","properties":{"nombre":"Avenida Circunvalación","jerarquia":2},"geometry":{"type":"LineString","coordinates":[[-68.89908,-22.47073],[-68.8993,-22.47159],[-68.89967,-22.4722],[-68.90142,-22.47433],[-68.90248,-22.47535]]}},{"type":"Feature","properties":{"nombre":"Alcalde Olegario Barrera","jerarquia":5},"geometry":{"type":"LineString","coordinates":[[-68.90777,-22.44659],[-68.90761,-22.44639]]}},{"type":"Feature","properties":{"nombre":"Alcalde Olegario Barrera","jerarquia":5},"geometry":{"type":"LineString","coordinates":[[-68.90761,-22.44639],[-68.90757,-22.44632]]}},{"type":"Feature","properties":{"nombre":"Alcalde Olegario Barrera","jerarquia":5},"geometry":{"type":"LineString","coordinates":[[-68.90757,-22.44632],[-68.90734,-22.44596]]}},{"type":"Feature","properties":{"nombre":"Alcalde Olegario Barrera","jerarquia":5},"geometry":{"type":"LineString","coordinates":[[-68.90734,-22.44596],[-68.90708,-22.44556]]}},{"type":"Feature","properties":{"nombre":"Alcalde Olegario Barrera","jerarquia":5},"geometry":{"type":"LineString","coordinates":[[-68.90708,-22.44556],[-68.90697,-22.44539]]}},{"type":"Feature","properties":{"nombre":"Alcalde Olegario Barrera","jerarquia":5},"geometry":{"type":"LineString","coordinates":[[-68.90697,-22.44539],[-68.90681,-22.44515]]}},{"type":"Feature","properties":{"nombre":"Alcalde Olegario Barrera","jerarquia":5},"geometry":{"type":"LineString","coordinates":[[-68.90681,-22.44515],[-68.90661,-22.44483]]}},{"type":"Feature","properties":{"nombre":"Alcalde Olegario Barrera","jerarquia":5},"geometry":{"type":"LineString","coordinates":[[-68.90661,-22.44483],[-68.90652,-22.4447]]}},{"type":"Feature","properties":{"nombre":"Alcalde Olegario Barrera","jerarquia":5},"geometry":{"type":"LineString","coordinates":[[-68.90652,-22.4447],[-68.90631,-22.44438]]}},{"type":"Feature","properties":{"nombre":"Alcalde Olegario Barrera","jerarquia":5},"geometry":{"type":"LineString","coordinates":[[-68.90631,-22.44438],[-68.90624,-22.44426]]}},{"type":"Feature","properties":{"nombre":"Bilbao","jerarquia":5},"geometry":{"type":"LineString","coordinates":[[-68.92141,-22.46163],[-68.91991,-22.46108]]}},{"type":"Feature","properties":{"nombre":"Avenida Ecuador","jerarquia":5},"geometry":{"type":"LineString","coordinates":[[-68.91705,-22.46528],[-68.91705,-22.46546],[-68.9172,-22.46563],[-68.91832,-22.46598],[-68.9192,-22.46632]]}},{"type":"Feature","properties":{"nombre":"Avenida Ecuador","jerarquia":5},"geometry":{"type":"LineString","coordinates":[[-68.9192,-22.46632],[-68.91937,-22.46638],[-68.92015,-22.46644],[-68.92138,-22.46671]]}},{"type":"Feature","properties":{"nombre":"Antofagasta","jerarquia":5},"geometry":{"type":"LineString","coordinates":[[-68.91764,-22.45485],[-68.91756,-22.45454]]}},{"type":"Feature","properties":{"nombre":"Antofagasta","jerarquia":5},"geometry":{"type":"LineString","coordinates":[[-68.91756,-22.45454],[-68.91752,-22.45437]]}},{"type":"Feature","properties":{"nombre":"Antofagasta","jerarquia":5},"geometry":{"type":"LineString","coordinates":[[-68.91752,-22.45437],[-68.91731,-22.45406],[-68.91712,-22.45393]]}},{"type":"Feature","properties":{"nombre":"Almirante Grau","jerarquia":2},"geometry":{"type":"LineString","coordinates":[[-68.89977,-22.44284],[-68.90157,-22.44317]]}},{"type":"Feature","properties":{"nombre":"Avenida Matta","jerarquia":5},"geometry":{"type":"LineString","coordinates":[[-68.92069,-22.45722],[-68.92049,-22.45807],[-68.92048,-22.45831],[-68.92054,-22.45866],[-68.92071,-22.45902]]}},{"type":"Feature","properties":{"nombre":"Avenida Matta","jerarquia":5},"geometry":{"type":"LineString","coordinates":[[-68.92071,-22.45902],[-68.92124,-22.45968],[-68.9213,-22.45982],[-68.92141,-22.46163]]}},{"type":"Feature","properties":{"nombre":"Avenida Matta","jerarquia":5},"geometry":{"type":"LineString","coordinates":[[-68.92141,-22.46163],[-68.92148,-22.46324]]}},{"type":"Feature","properties":{"nombre":"Avenida Los Chorrillos","jerarquia":5},"geometry":{"type":"LineString","coordinates":[[-68.91102,-22.45318],[-68.91047,-22.45307]]}},{"type":"Feature","properties":{"nombre":"Avenida Los Chorrillos","jerarquia":5},"geometry":{"type":"LineString","coordinates":[[-68.91047,-22.45307],[-68.90769,-22.45251]]}},{"type":"Feature","properties":{"nombre":"Arturo Prat","jerarquia":4},"geometry":{"type":"LineString","coordinates":[[-68.93206,-22.44444],[-68.93199,-22.44449]]}},{"type":"Feature","properties":{"nombre":"Arturo Prat","jerarquia":4},"geometry":{"type":"LineString","coordinates":[[-68.93199,-22.44449],[-68.93128,-22.44462]]}},{"type":"Feature","properties":{"nombre":"Arturo Prat","jerarquia":4},"geometry":{"type":"LineString","coordinates":[[-68.93128,-22.44462],[-68.9305,-22.44474]]}},{"type":"Feature","properties":{"nombre":"Arturo Prat","jerarquia":4},"geometry":{"type":"LineString","coordinates":[[-68.9305,-22.44474],[-68.92975,-22.44487]]}},{"type":"Feature","properties":{"nombre":"Arturo Prat","jerarquia":4},"geometry":{"type":"LineString","coordinates":[[-68.92975,-22.44487],[-68.92899,-22.44501]]}},{"type":"Feature","properties":{"nombre":"Arturo Prat","jerarquia":4},"geometry":{"type":"LineString","coordinates":[[-68.92899,-22.44501],[-68.92822,-22.44514]]}},{"type":"Feature","properties":{"nombre":"Arturo Prat","jerarquia":4},"geometry":{"type":"LineString","coordinates":[[-68.92822,-22.44514],[-68.92785,-22.4452]]}},{"type":"Feature","properties":{"nombre":"Arturo Prat","jerarquia":4},"geometry":{"type":"LineString","coordinates":[[-68.92785,-22.4452],[-68.92771,-22.44522]]}},{"type":"Feature","properties":{"nombre":"","jerarquia":5},"geometry":{"type":"LineString","coordinates":[[-68.8941,-22.47347],[-68.89424,-22.47353]]}},{"type":"Feature","properties":{"nombre":"","jerarquia":5},"geometry":{"type":"LineString","coordinates":[[-68.89424,-22.47353],[-68.89432,-22.47376],[-68.89434,-22.47399],[-68.89419,-22.4743]]}},{"type":"Feature","properties":{"nombre":"","jerarquia":5},"geometry":{"type":"LineString","coordinates":[[-68.89419,-22.4743],[-68.89394,-22.47452]]}},{"type":"Feature","properties":{"nombre":"","jerarquia":5},"geometry":{"type":"LineString","coordinates":[[-68.89394,-22.47452],[-68.89357,-22.4746],[-68.89332,-22.47456],[-68.89312,-22.47446]]}},{"type":"Feature","properties":{"nombre":"","jerarquia":5},"geometry":{"type":"LineString","coordinates":[[-68.89312,-22.47446],[-68.89304,-22.47431]]}},{"type":"Feature","properties":{"nombre":"Huaytiquina","jerarquia":5},"geometry":{"type":"LineString","coordinates":[[-68.90483,-22.4438],[-68.90499,-22.44355]]}},{"type":"Feature","properties":{"nombre":"Huaytiquina","jerarquia":5},"geometry":{"type":"LineString","coordinates":[[-68.90499,-22.44355],[-68.90531,-22.44326]]}},{"type":"Feature","properties":{"nombre":"Huaytiquina","jerarquia":5},"geometry":{"type":"LineString","coordinates":[[-68.90531,-22.44326],[-68.90546,-22.44313]]}},{"type":"Feature","properties":{"nombre":"Huaytiquina","jerarquia":5},"geometry":{"type":"LineString","coordinates":[[-68.90546,-22.44313],[-68.90567,-22.44295]]}},{"type":"Feature","properties":{"nombre":"Huaytiquina","jerarquia":5},"geometry":{"type":"LineString","coordinates":[[-68.90567,-22.44295],[-68.90581,-22.44282]]}},{"type":"Feature","properties":{"nombre":"Huaytiquina","jerarquia":5},"geometry":{"type":"LineString","coordinates":[[-68.90581,-22.44282],[-68.90652,-22.44215]]}},{"type":"Feature","properties":{"nombre":"Huaytiquina","jerarquia":5},"geometry":{"type":"LineString","coordinates":[[-68.90652,-22.44215],[-68.90687,-22.44184]]}},{"type":"Feature","properties":{"nombre":"Huaytiquina","jerarquia":5},"geometry":{"type":"LineString","coordinates":[[-68.90687,-22.44184],[-68.90741,-22.44136]]}},{"type":"Feature","properties":{"nombre":"Huaytiquina","jerarquia":5},"geometry":{"type":"LineString","coordinates":[[-68.90741,-22.44136],[-68.90774,-22.44104]]}},{"type":"Feature","properties":{"nombre":"Huaytiquina","jerarquia":5},"geometry":{"type":"LineString","coordinates":[[-68.90774,-22.44104],[-68.90809,-22.44072]]}},{"type":"Feature","properties":{"nombre":"Huaytiquina","jerarquia":5},"geometry":{"type":"LineString","coordinates":[[-68.90809,-22.44072],[-68.90852,-22.44034]]}},{"type":"Feature","properties":{"nombre":"Huaytiquina","jerarquia":5},"geometry":{"type":"LineString","coordinates":[[-68.90852,-22.44034],[-68.90885,-22.44004]]}},{"type":"Feature","properties":{"nombre":"Huaytiquina","jerarquia":5},"geometry":{"type":"LineString","coordinates":[[-68.90885,-22.44004],[-68.90918,-22.43973]]}},{"type":"Feature","properties":{"nombre":"Huaytiquina","jerarquia":5},"geometry":{"type":"LineString","coordinates":[[-68.90918,-22.43973],[-68.90971,-22.43926]]}},{"type":"Feature","properties":{"nombre":"Huaytiquina","jerarquia":5},"geometry":{"type":"LineString","coordinates":[[-68.90971,-22.43926],[-68.91006,-22.43894]]}},{"type":"Feature","properties":{"nombre":"Huaytiquina","jerarquia":5},"geometry":{"type":"LineString","coordinates":[[-68.91006,-22.43894],[-68.91065,-22.43839]]}},{"type":"Feature","properties":{"nombre":"Huaytiquina","jerarquia":5},"geometry":{"type":"LineString","coordinates":[[-68.91065,-22.43839],[-68.91072,-22.43832]]}},{"type":"Feature","properties":{"nombre":"Huaytiquina","jerarquia":5},"geometry":{"type":"LineString","coordinates":[[-68.91072,-22.43832],[-68.91095,-22.4381]]}},{"type":"Feature","properties":{"nombre":"Huaytiquina","jerarquia":5},"geometry":{"type":"LineString","coordinates":[[-68.91095,-22.4381],[-68.91106,-22.438]]}},{"type":"Feature","properties":{"nombre":"Huaytiquina","jerarquia":5},"geometry":{"type":"LineString","coordinates":[[-68.91106,-22.438],[-68.91156,-22.43756]]}},{"type":"Feature","properties":{"nombre":"Huaytiquina","jerarquia":5},"geometry":{"type":"LineString","coordinates":[[-68.91156,-22.43756],[-68.91195,-22.43718],[-68.91228,-22.43656],[-68.91259,-22.43624]]}},{"type":"Feature","properties":{"nombre":"Huaytiquina","jerarquia":5},"geometry":{"type":"LineString","coordinates":[[-68.91259,-22.43624],[-68.91302,-22.43582]]}},{"type":"Feature","properties":{"nombre":"Huaytiquina","jerarquia":5},"geometry":{"type":"LineString","coordinates":[[-68.91302,-22.43582],[-68.91389,-22.43508]]}},{"type":"Feature","properties":{"nombre":"Huaytiquina","jerarquia":5},"geometry":{"type":"LineString","coordinates":[[-68.91389,-22.43508],[-68.91425,-22.43498]]}},{"type":"Feature","properties":{"nombre":"Pasaje Vado Lo Carvajal","jerarquia":5},"geometry":{"type":"LineString","coordinates":[[-68.90849,-22.44726],[-68.90808,-22.447]]}},{"type":"Feature","properties":{"nombre":"Pasaje Vado Lo Carvajal","jerarquia":5},"geometry":{"type":"LineString","coordinates":[[-68.90808,-22.447],[-68.90777,-22.44659]]}},{"type":"Feature","properties":{"nombre":"","jerarquia":5},"geometry":{"type":"LineString","coordinates":[[-68.89419,-22.4743],[-68.89415,-22.47459]]}},{"type":"Feature","properties":{"nombre":"","jerarquia":5},"geometry":{"type":"LineString","coordinates":[[-68.89312,-22.47446],[-68.89287,-22.47443]]}},{"type":"Feature","properties":{"nombre":"","jerarquia":3},"geometry":{"type":"LineString","coordinates":[[-68.90092,-22.46785],[-68.90062,-22.46817],[-68.90051,-22.46841]]}},{"type":"Feature","properties":{"nombre":"","jerarquia":5},"geometry":{"type":"LineString","coordinates":[[-68.90028,-22.48297],[-68.90021,-22.48297],[-68.90012,-22.48289],[-68.89951,-22.48195],[-68.899,-22.48091],[-68.89878,-22.48056],[-68.89857,-22.47957],[-68.8984,-22.47901],[-68.89806,-22.47829],[-68.89774,-22.47782],[-68.89714,-22.4771],[-68.89675,-22.47677],[-68.89572,-22.4761],[-68.89488,-22.47549],[-68.89427,-22.47488],[-68.89415,-22.47459]]}},{"type":"Feature","properties":{"nombre":"Malaquías Concha","jerarquia":5},"geometry":{"type":"LineString","coordinates":[[-68.91989,-22.46085],[-68.91991,-22.46108]]}},{"type":"Feature","properties":{"nombre":"Malaquías Concha","jerarquia":5},"geometry":{"type":"LineString","coordinates":[[-68.91991,-22.46108],[-68.91983,-22.46159]]}},{"type":"Feature","properties":{"nombre":"Malaquías Concha","jerarquia":5},"geometry":{"type":"LineString","coordinates":[[-68.91983,-22.46159],[-68.9198,-22.46195]]}},{"type":"Feature","properties":{"nombre":"Malaquías Concha","jerarquia":5},"geometry":{"type":"LineString","coordinates":[[-68.9198,-22.46195],[-68.91968,-22.46297]]}},{"type":"Feature","properties":{"nombre":"Oriente","jerarquia":5},"geometry":{"type":"LineString","coordinates":[[-68.91818,-22.47263],[-68.91869,-22.47286],[-68.91941,-22.47326]]}},{"type":"Feature","properties":{"nombre":"Oriente","jerarquia":5},"geometry":{"type":"LineString","coordinates":[[-68.91941,-22.47326],[-68.92031,-22.47377],[-68.92131,-22.47443]]}},{"type":"Feature","properties":{"nombre":"Oriente","jerarquia":5},"geometry":{"type":"LineString","coordinates":[[-68.92131,-22.47443],[-68.92284,-22.47562]]}},{"type":"Feature","properties":{"nombre":"Oriente","jerarquia":5},"geometry":{"type":"LineString","coordinates":[[-68.92284,-22.47562],[-68.92312,-22.47574]]}},{"type":"Feature","properties":{"nombre":"Oriente","jerarquia":5},"geometry":{"type":"LineString","coordinates":[[-68.92312,-22.47574],[-68.92326,-22.47578]]}},{"type":"Feature","properties":{"nombre":"","jerarquia":2},"geometry":{"type":"LineString","coordinates":[[-68.85449,-22.50319],[-68.85485,-22.50326],[-68.85513,-22.50322],[-68.85556,-22.50298]]}},{"type":"Feature","properties":{"nombre":"","jerarquia":2},"geometry":{"type":"LineString","coordinates":[[-68.85565,-22.43432],[-68.85588,-22.43431],[-68.8562,-22.43408]]}},{"type":"Feature","properties":{"nombre":"","jerarquia":2},"geometry":{"type":"LineString","coordinates":[[-68.91599,-22.43318],[-68.91585,-22.43304],[-68.91566,-22.43299]]}},{"type":"Feature","properties":{"nombre":"","jerarquia":2},"geometry":{"type":"LineString","coordinates":[[-68.91566,-22.43299],[-68.91555,-22.433]]}},{"type":"Feature","properties":{"nombre":"Ruta 24","jerarquia":2},"geometry":{"type":"LineString","coordinates":[[-68.92974,-22.38403],[-68.92983,-22.38487],[-68.9301,-22.38573],[-68.93158,-22.38897],[-68.93176,-22.38959],[-68.93183,-22.39047],[-68.93177,-22.39103],[-68.93162,-22.3916],[-68.93067,-22.39411],[-68.93042,-22.39505],[-68.92947,-22.40252],[-68.92928,-22.4034],[-68.92907,-22.40391],[-68.92876,-22.40442],[-68.92834,-22.40494],[-68.9226,-22.4103],[-68.92194,-22.41107]]}},{"type":"Feature","properties":{"nombre":"Avenida Balmaceda","jerarquia":3},"geometry":{"type":"LineString","coordinates":[[-68.92248,-22.45706],[-68.9218,-22.45455]]}},{"type":"Feature","properties":{"nombre":"Avenida Balmaceda","jerarquia":3},"geometry":{"type":"LineString","coordinates":[[-68.9218,-22.45455],[-68.92178,-22.45447]]}},{"type":"Feature","properties":{"nombre":"Avenida Balmaceda","jerarquia":3},"geometry":{"type":"LineString","coordinates":[[-68.92178,-22.45447],[-68.92176,-22.45438]]}},{"type":"Feature","properties":{"nombre":"Ruta 21 CH","jerarquia":2},"geometry":{"type":"LineString","coordinates":[[-68.89935,-22.44279],[-68.89833,-22.44259]]}},{"type":"Feature","properties":{"nombre":"Ruta 21 CH","jerarquia":2},"geometry":{"type":"LineString","coordinates":[[-68.89833,-22.44259],[-68.89701,-22.44233]]}},{"type":"Feature","properties":{"nombre":"Ruta 21 CH","jerarquia":2},"geometry":{"type":"LineString","coordinates":[[-68.89701,-22.44233],[-68.89661,-22.44225]]}},{"type":"Feature","properties":{"nombre":"Ruta 21 CH","jerarquia":2},"geometry":{"type":"LineString","coordinates":[[-68.89661,-22.44225],[-68.89617,-22.44216]]}},{"type":"Feature","properties":{"nombre":"Ruta 21 CH","jerarquia":2},"geometry":{"type":"LineString","coordinates":[[-68.89617,-22.44216],[-68.89523,-22.44198]]}},{"type":"Feature","properties":{"nombre":"Ruta 21 CH","jerarquia":2},"geometry":{"type":"LineString","coordinates":[[-68.89523,-22.44198],[-68.89138,-22.44123]]}},{"type":"Feature","properties":{"nombre":"Ruta 21 CH","jerarquia":2},"geometry":{"type":"LineString","coordinates":[[-68.89138,-22.44123],[-68.89072,-22.44111]]}},{"type":"Feature","properties":{"nombre":"Ruta 21 CH","jerarquia":2},"geometry":{"type":"LineString","coordinates":[[-68.89072,-22.44111],[-68.89031,-22.44102]]}},{"type":"Feature","properties":{"nombre":"Ruta 21 CH","jerarquia":2},"geometry":{"type":"LineString","coordinates":[[-68.89031,-22.44102],[-68.88981,-22.44093]]}},{"type":"Feature","properties":{"nombre":"Ruta 21 CH","jerarquia":2},"geometry":{"type":"LineString","coordinates":[[-68.88981,-22.44093],[-68.88824,-22.44062]]}},{"type":"Feature","properties":{"nombre":"Ruta 21 CH","jerarquia":2},"geometry":{"type":"LineString","coordinates":[[-68.88824,-22.44062],[-68.88722,-22.44042]]}},{"type":"Feature","properties":{"nombre":"Ruta 21 CH","jerarquia":2},"geometry":{"type":"LineString","coordinates":[[-68.88722,-22.44042],[-68.88055,-22.43912]]}},{"type":"Feature","properties":{"nombre":"Ruta 21 CH","jerarquia":2},"geometry":{"type":"LineString","coordinates":[[-68.88055,-22.43912],[-68.87875,-22.43877]]}},{"type":"Feature","properties":{"nombre":"Ruta 21 CH","jerarquia":2},"geometry":{"type":"LineString","coordinates":[[-68.87875,-22.43877],[-68.87481,-22.438]]}},{"type":"Feature","properties":{"nombre":"Ruta 21 CH","jerarquia":2},"geometry":{"type":"LineString","coordinates":[[-68.87481,-22.438],[-68.87327,-22.4377]]}},{"type":"Feature","properties":{"nombre":"","jerarquia":2},"geometry":{"type":"LineString","coordinates":[[-68.90229,-22.44332],[-68.90262,-22.4433],[-68.90274,-22.44323],[-68.90283,-22.44309],[-68.90283,-22.44292],[-68.90272,-22.44278],[-68.90253,-22.44274],[-68.90213,-22.44292]]}},{"type":"Feature","properties":{"nombre":"","jerarquia":2},"geometry":{"type":"LineString","coordinates":[[-68.9017,-22.44312],[-68.90178,-22.44293],[-68.90177,-22.44278],[-68.90167,-22.44267],[-68.90149,-22.44263],[-68.90133,-22.4427],[-68.90124,-22.44289],[-68.90129,-22.44301],[-68.90149,-22.44314]]}},{"type":"Feature","properties":{"nombre":"","jerarquia":2},"geometry":{"type":"LineString","coordinates":[[-68.90149,-22.44314],[-68.90157,-22.44317]]}},{"type":"Feature","properties":{"nombre":"","jerarquia":2},"geometry":{"type":"LineString","coordinates":[[-68.9042,-22.44101],[-68.90289,-22.44247],[-68.90288,-22.44275],[-68.90327,-22.44336]]}},{"type":"Feature","properties":{"nombre":"","jerarquia":2},"geometry":{"type":"LineString","coordinates":[[-68.90327,-22.44336],[-68.90375,-22.4436]]}},{"type":"Feature","properties":{"nombre":"","jerarquia":2},"geometry":{"type":"LineString","coordinates":[[-68.901,-22.44313],[-68.90073,-22.44316],[-68.90061,-22.44324],[-68.90054,-22.44339],[-68.90057,-22.44355],[-68.90067,-22.44367],[-68.90087,-22.44373],[-68.90124,-22.44358]]}},{"type":"Feature","properties":{"nombre":"","jerarquia":2},"geometry":{"type":"LineString","coordinates":[[-68.90164,-22.4434],[-68.90157,-22.44364],[-68.90163,-22.4438],[-68.90178,-22.44391],[-68.90198,-22.4439],[-68.90212,-22.44377],[-68.90216,-22.4436],[-68.90209,-22.44344],[-68.90188,-22.44332]]}},{"type":"Feature","properties":{"nombre":"","jerarquia":2},"geometry":{"type":"LineString","coordinates":[[-68.90188,-22.44332],[-68.90175,-22.44327]]}},{"type":"Feature","properties":{"nombre":"Avenida Circunvalación","jerarquia":2},"geometry":{"type":"LineString","coordinates":[[-68.9004,-22.44435],[-68.90076,-22.44403]]}},{"type":"Feature","properties":{"nombre":"Avenida Circunvalación","jerarquia":2},"geometry":{"type":"LineString","coordinates":[[-68.90146,-22.44337],[-68.90166,-22.44319]]}},{"type":"Feature","properties":{"nombre":"Avenida Circunvalación","jerarquia":2},"geometry":{"type":"LineString","coordinates":[[-68.90166,-22.44319],[-68.90173,-22.44312]]}},{"type":"Feature","properties":{"nombre":"Avenida Circunvalación","jerarquia":2},"geometry":{"type":"LineString","coordinates":[[-68.90187,-22.44315],[-68.90169,-22.44331]]}},{"type":"Feature","properties":{"nombre":"Avenida Circunvalación","jerarquia":2},"geometry":{"type":"LineString","coordinates":[[-68.90169,-22.44331],[-68.9016,-22.4434]]}},{"type":"Feature","properties":{"nombre":"Avenida Circunvalación","jerarquia":2},"geometry":{"type":"LineString","coordinates":[[-68.90593,-22.43924],[-68.91079,-22.43485]]}},{"type":"Feature","properties":{"nombre":"Avenida Circunvalación","jerarquia":2},"geometry":{"type":"LineString","coordinates":[[-68.91079,-22.43485],[-68.91127,-22.4345]]}},{"type":"Feature","properties":{"nombre":"Avenida Circunvalación","jerarquia":2},"geometry":{"type":"LineString","coordinates":[[-68.91127,-22.4345],[-68.91229,-22.43396],[-68.91395,-22.43341]]}},{"type":"Feature","properties":{"nombre":"Avenida Circunvalación","jerarquia":2},"geometry":{"type":"LineString","coordinates":[[-68.91395,-22.43341],[-68.91539,-22.43293]]}},{"type":"Feature","properties":{"nombre":"Avenida Circunvalación","jerarquia":2},"geometry":{"type":"LineString","coordinates":[[-68.91539,-22.43293],[-68.91582,-22.43277]]}},{"type":"Feature","properties":{"nombre":"Avenida Circunvalación","jerarquia":2},"geometry":{"type":"LineString","coordinates":[[-68.91582,-22.43277],[-68.9159,-22.43274]]}},{"type":"Feature","properties":{"nombre":"Avenida Circunvalación","jerarquia":2},"geometry":{"type":"LineString","coordinates":[[-68.90076,-22.44403],[-68.90124,-22.44358]]}},{"type":"Feature","properties":{"nombre":"Avenida Circunvalación","jerarquia":2},"geometry":{"type":"LineString","coordinates":[[-68.90124,-22.44358],[-68.90146,-22.44337]]}},{"type":"Feature","properties":{"nombre":"Avenida Circunvalación","jerarquia":2},"geometry":{"type":"LineString","coordinates":[[-68.90081,-22.44409],[-68.90068,-22.44422]]}},{"type":"Feature","properties":{"nombre":"Avenida Circunvalación","jerarquia":2},"geometry":{"type":"LineString","coordinates":[[-68.9016,-22.4434],[-68.90081,-22.44409]]}},{"type":"Feature","properties":{"nombre":"","jerarquia":5},"geometry":{"type":"LineString","coordinates":[[-68.90198,-22.44402],[-68.90195,-22.44412],[-68.90198,-22.44423]]}},{"type":"Feature","properties":{"nombre":"","jerarquia":5},"geometry":{"type":"LineString","coordinates":[[-68.90024,-22.44482],[-68.90054,-22.44449]]}},{"type":"Feature","properties":{"nombre":"","jerarquia":5},"geometry":{"type":"LineString","coordinates":[[-68.90054,-22.44449],[-68.90089,-22.44418]]}},{"type":"Feature","properties":{"nombre":"","jerarquia":2},"geometry":{"type":"LineString","coordinates":[[-68.90198,-22.44402],[-68.90118,-22.44401],[-68.90087,-22.44411]]}},{"type":"Feature","properties":{"nombre":"","jerarquia":2},"geometry":{"type":"LineString","coordinates":[[-68.90038,-22.44433],[-68.90053,-22.44408],[-68.90056,-22.44387]]}},{"type":"Feature","properties":{"nombre":"","jerarquia":2},"geometry":{"type":"LineString","coordinates":[[-68.90056,-22.44387],[-68.9005,-22.44366],[-68.90023,-22.44321],[-68.90003,-22.443],[-68.89977,-22.44288]]}},{"type":"Feature","properties":{"nombre":"","jerarquia":2},"geometry":{"type":"LineString","coordinates":[[-68.89977,-22.44284],[-68.89995,-22.44284]]}},{"type":"Feature","properties":{"nombre":"","jerarquia":2},"geometry":{"type":"LineString","coordinates":[[-68.89995,-22.44284],[-68.90084,-22.44282],[-68.90144,-22.44254],[-68.90212,-22.44236],[-68.90256,-22.44211],[-68.90324,-22.44157],[-68.90392,-22.44112]]}},{"type":"Feature","properties":{"nombre":"Almirante Grau","jerarquia":5},"geometry":{"type":"LineString","coordinates":[[-68.90624,-22.44426],[-68.90614,-22.44424]]}},{"type":"Feature","properties":{"nombre":"Almirante Grau","jerarquia":5},"geometry":{"type":"LineString","coordinates":[[-68.90614,-22.44424],[-68.90568,-22.44415]]}},{"type":"Feature","properties":{"nombre":"Almirante Grau","jerarquia":5},"geometry":{"type":"LineString","coordinates":[[-68.90568,-22.44415],[-68.90554,-22.44412]]}},{"type":"Feature","properties":{"nombre":"Almirante Grau","jerarquia":5},"geometry":{"type":"LineString","coordinates":[[-68.90554,-22.44412],[-68.90501,-22.44401]]}},{"type":"Feature","properties":{"nombre":"Almirante Grau","jerarquia":5},"geometry":{"type":"LineString","coordinates":[[-68.90501,-22.44401],[-68.90443,-22.4439]]}},{"type":"Feature","properties":{"nombre":"Almirante Grau","jerarquia":5},"geometry":{"type":"LineString","coordinates":[[-68.90443,-22.4439],[-68.90426,-22.44387]]}},{"type":"Feature","properties":{"nombre":"Almirante Grau","jerarquia":5},"geometry":{"type":"LineString","coordinates":[[-68.90426,-22.44387],[-68.9039,-22.44379]]}},{"type":"Feature","properties":{"nombre":"Almirante Grau","jerarquia":5},"geometry":{"type":"LineString","coordinates":[[-68.9039,-22.44379],[-68.90331,-22.44368],[-68.90298,-22.4437]]}},{"type":"Feature","properties":{"nombre":"San Fernando","jerarquia":5},"geometry":{"type":"LineString","coordinates":[[-68.91688,-22.44775],[-68.91662,-22.4477]]}},{"type":"Feature","properties":{"nombre":"San Fernando","jerarquia":5},"geometry":{"type":"LineString","coordinates":[[-68.91662,-22.4477],[-68.9149,-22.44737]]}},{"type":"Feature","properties":{"nombre":"San Fernando","jerarquia":5},"geometry":{"type":"LineString","coordinates":[[-68.9149,-22.44737],[-68.91436,-22.44727]]}},{"type":"Feature","properties":{"nombre":"San Fernando","jerarquia":5},"geometry":{"type":"LineString","coordinates":[[-68.91436,-22.44727],[-68.91398,-22.44719],[-68.9139,-22.44711],[-68.91388,-22.44702]]}},{"type":"Feature","properties":{"nombre":"","jerarquia":3},"geometry":{"type":"LineString","coordinates":[[-68.91034,-22.44468],[-68.91035,-22.44485]]}},{"type":"Feature","properties":{"nombre":"","jerarquia":3},"geometry":{"type":"LineString","coordinates":[[-68.90554,-22.44412],[-68.90541,-22.444]]}},{"type":"Feature","properties":{"nombre":"","jerarquia":3},"geometry":{"type":"LineString","coordinates":[[-68.90457,-22.44375],[-68.90477,-22.44369],[-68.90499,-22.44355]]}},{"type":"Feature","properties":{"nombre":"","jerarquia":3},"geometry":{"type":"LineString","coordinates":[[-68.91698,-22.44613],[-68.91707,-22.44626]]}},{"type":"Feature","properties":{"nombre":"Central Sur","jerarquia":5},"geometry":{"type":"LineString","coordinates":[[-68.92634,-22.43833],[-68.92625,-22.43835]]}},{"type":"Feature","properties":{"nombre":"Central Sur","jerarquia":5},"geometry":{"type":"LineString","coordinates":[[-68.92625,-22.43835],[-68.92605,-22.43838]]}},{"type":"Feature","properties":{"nombre":"Central Sur","jerarquia":5},"geometry":{"type":"LineString","coordinates":[[-68.92605,-22.43838],[-68.92482,-22.43861]]}},{"type":"Feature","properties":{"nombre":"Central Sur","jerarquia":5},"geometry":{"type":"LineString","coordinates":[[-68.92482,-22.43861],[-68.92425,-22.43871]]}},{"type":"Feature","properties":{"nombre":"Central Sur","jerarquia":5},"geometry":{"type":"LineString","coordinates":[[-68.92425,-22.43871],[-68.92234,-22.43904]]}},{"type":"Feature","properties":{"nombre":"Central Sur","jerarquia":5},"geometry":{"type":"LineString","coordinates":[[-68.92234,-22.43904],[-68.92122,-22.43925]]}},{"type":"Feature","properties":{"nombre":"Central Sur","jerarquia":5},"geometry":{"type":"LineString","coordinates":[[-68.92122,-22.43925],[-68.92081,-22.43934]]}},{"type":"Feature","properties":{"nombre":"Punta de Rieles","jerarquia":5},"geometry":{"type":"LineString","coordinates":[[-68.92006,-22.4336],[-68.91968,-22.43367]]}},{"type":"Feature","properties":{"nombre":"Punta de Rieles","jerarquia":5},"geometry":{"type":"LineString","coordinates":[[-68.91968,-22.43367],[-68.91937,-22.43373]]}},{"type":"Feature","properties":{"nombre":"Punta de Rieles","jerarquia":5},"geometry":{"type":"LineString","coordinates":[[-68.91937,-22.43373],[-68.91926,-22.43375]]}},{"type":"Feature","properties":{"nombre":"Punta de Rieles","jerarquia":5},"geometry":{"type":"LineString","coordinates":[[-68.91926,-22.43375],[-68.91908,-22.43378]]}},{"type":"Feature","properties":{"nombre":"Punta de Rieles","jerarquia":5},"geometry":{"type":"LineString","coordinates":[[-68.91908,-22.43378],[-68.91876,-22.43384]]}},{"type":"Feature","properties":{"nombre":"Punta de Rieles","jerarquia":5},"geometry":{"type":"LineString","coordinates":[[-68.91876,-22.43384],[-68.91849,-22.43388]]}},{"type":"Feature","properties":{"nombre":"Punta de Rieles","jerarquia":5},"geometry":{"type":"LineString","coordinates":[[-68.91849,-22.43388],[-68.91773,-22.43402]]}},{"type":"Feature","properties":{"nombre":"Punta de Rieles","jerarquia":5},"geometry":{"type":"LineString","coordinates":[[-68.91773,-22.43402],[-68.91752,-22.43406]]}},{"type":"Feature","properties":{"nombre":"Punta de Rieles","jerarquia":5},"geometry":{"type":"LineString","coordinates":[[-68.91752,-22.43406],[-68.91697,-22.43416]]}},{"type":"Feature","properties":{"nombre":"Punta de Rieles","jerarquia":5},"geometry":{"type":"LineString","coordinates":[[-68.91697,-22.43416],[-68.9167,-22.43421]]}},{"type":"Feature","properties":{"nombre":"Punta de Rieles","jerarquia":5},"geometry":{"type":"LineString","coordinates":[[-68.9167,-22.43421],[-68.91636,-22.43427]]}},{"type":"Feature","properties":{"nombre":"Punta de Rieles","jerarquia":5},"geometry":{"type":"LineString","coordinates":[[-68.91636,-22.43427],[-68.91628,-22.43428]]}},{"type":"Feature","properties":{"nombre":"Avenida Circunvalación","jerarquia":2},"geometry":{"type":"LineString","coordinates":[[-68.91315,-22.43377],[-68.91199,-22.43421],[-68.911,-22.43482],[-68.90615,-22.43923]]}},{"type":"Feature","properties":{"nombre":"Avenida Circunvalación","jerarquia":2},"geometry":{"type":"LineString","coordinates":[[-68.90615,-22.43923],[-68.90605,-22.43938]]}},{"type":"Feature","properties":{"nombre":"Sargento Aldea","jerarquia":5},"geometry":{"type":"LineString","coordinates":[[-68.92304,-22.45407],[-68.92314,-22.45332]]}},{"type":"Feature","properties":{"nombre":"Sargento Aldea","jerarquia":5},"geometry":{"type":"LineString","coordinates":[[-68.92314,-22.45332],[-68.92322,-22.45252]]}},{"type":"Feature","properties":{"nombre":"Sargento Aldea","jerarquia":5},"geometry":{"type":"LineString","coordinates":[[-68.92322,-22.45252],[-68.92311,-22.45205]]}},{"type":"Feature","properties":{"nombre":"Sargento Aldea","jerarquia":5},"geometry":{"type":"LineString","coordinates":[[-68.92311,-22.45205],[-68.92292,-22.45135]]}},{"type":"Feature","properties":{"nombre":"Sargento Aldea","jerarquia":5},"geometry":{"type":"LineString","coordinates":[[-68.92292,-22.45135],[-68.92263,-22.45032]]}},{"type":"Feature","properties":{"nombre":"Sargento Aldea","jerarquia":5},"geometry":{"type":"LineString","coordinates":[[-68.92263,-22.45032],[-68.92261,-22.45027]]}},{"type":"Feature","properties":{"nombre":"Sargento Aldea","jerarquia":5},"geometry":{"type":"LineString","coordinates":[[-68.92261,-22.45027],[-68.92228,-22.44863]]}},{"type":"Feature","properties":{"nombre":"Sargento Aldea","jerarquia":5},"geometry":{"type":"LineString","coordinates":[[-68.92228,-22.44863],[-68.92206,-22.44736]]}},{"type":"Feature","properties":{"nombre":"Sargento Aldea","jerarquia":5},"geometry":{"type":"LineString","coordinates":[[-68.92206,-22.44736],[-68.92176,-22.44599]]}},{"type":"Feature","properties":{"nombre":"","jerarquia":3},"geometry":{"type":"LineString","coordinates":[[-68.92236,-22.45795],[-68.92256,-22.45795],[-68.92263,-22.45789]]}},{"type":"Feature","properties":{"nombre":"","jerarquia":3},"geometry":{"type":"LineString","coordinates":[[-68.92269,-22.4577],[-68.92296,-22.4581],[-68.92311,-22.45824]]}},{"type":"Feature","properties":{"nombre":"Talca","jerarquia":5},"geometry":{"type":"LineString","coordinates":[[-68.92975,-22.43724],[-68.92986,-22.43776]]}},{"type":"Feature","properties":{"nombre":"Talca","jerarquia":5},"geometry":{"type":"LineString","coordinates":[[-68.92986,-22.43776],[-68.92997,-22.43826]]}},{"type":"Feature","properties":{"nombre":"Talca","jerarquia":5},"geometry":{"type":"LineString","coordinates":[[-68.92997,-22.43826],[-68.93008,-22.43882]]}},{"type":"Feature","properties":{"nombre":"Diego de Almagro","jerarquia":5},"geometry":{"type":"LineString","coordinates":[[-68.93952,-22.44639],[-68.94164,-22.44605]]}},{"type":"Feature","properties":{"nombre":"Diego de Almagro","jerarquia":5},"geometry":{"type":"LineString","coordinates":[[-68.94164,-22.44605],[-68.94203,-22.44599]]}},{"type":"Feature","properties":{"nombre":"Diego de Almagro","jerarquia":5},"geometry":{"type":"LineString","coordinates":[[-68.94203,-22.44599],[-68.94237,-22.44594]]}},{"type":"Feature","properties":{"nombre":"Diego de Almagro","jerarquia":5},"geometry":{"type":"LineString","coordinates":[[-68.94237,-22.44594],[-68.94273,-22.44588]]}},{"type":"Feature","properties":{"nombre":"Diego de Almagro","jerarquia":5},"geometry":{"type":"LineString","coordinates":[[-68.94273,-22.44588],[-68.94306,-22.44583]]}},{"type":"Feature","properties":{"nombre":"Diego de Almagro","jerarquia":5},"geometry":{"type":"LineString","coordinates":[[-68.94306,-22.44583],[-68.9434,-22.44578]]}},{"type":"Feature","properties":{"nombre":"Diego de Almagro","jerarquia":5},"geometry":{"type":"LineString","coordinates":[[-68.9434,-22.44578],[-68.94408,-22.44568]]}},{"type":"Feature","properties":{"nombre":"Diego de Almagro","jerarquia":5},"geometry":{"type":"LineString","coordinates":[[-68.94408,-22.44568],[-68.94448,-22.44562]]}},{"type":"Feature","properties":{"nombre":"Diego de Almagro","jerarquia":5},"geometry":{"type":"LineString","coordinates":[[-68.94448,-22.44562],[-68.94483,-22.44556]]}},{"type":"Feature","properties":{"nombre":"Avenida Los Chorrillos","jerarquia":5},"geometry":{"type":"LineString","coordinates":[[-68.90738,-22.45233],[-68.90776,-22.45241]]}},{"type":"Feature","properties":{"nombre":"Avenida Los Chorrillos","jerarquia":5},"geometry":{"type":"LineString","coordinates":[[-68.90776,-22.45241],[-68.91104,-22.45308]]}},{"type":"Feature","properties":{"nombre":"Avenida Los Chorrillos","jerarquia":5},"geometry":{"type":"LineString","coordinates":[[-68.91712,-22.45393],[-68.91647,-22.45382]]}},{"type":"Feature","properties":{"nombre":"Avenida Los Chorrillos","jerarquia":5},"geometry":{"type":"LineString","coordinates":[[-68.91647,-22.45382],[-68.91619,-22.45378]]}},{"type":"Feature","properties":{"nombre":"Avenida Los Chorrillos","jerarquia":5},"geometry":{"type":"LineString","coordinates":[[-68.91619,-22.45378],[-68.91613,-22.45377]]}},{"type":"Feature","properties":{"nombre":"Avenida Los Chorrillos","jerarquia":5},"geometry":{"type":"LineString","coordinates":[[-68.91613,-22.45377],[-68.91596,-22.45374]]}},{"type":"Feature","properties":{"nombre":"Avenida Los Chorrillos","jerarquia":5},"geometry":{"type":"LineString","coordinates":[[-68.91596,-22.45374],[-68.91541,-22.45366]]}},{"type":"Feature","properties":{"nombre":"Avenida Los Chorrillos","jerarquia":5},"geometry":{"type":"LineString","coordinates":[[-68.91541,-22.45366],[-68.91462,-22.45353]]}},{"type":"Feature","properties":{"nombre":"Avenida Nueva","jerarquia":5},"geometry":{"type":"LineString","coordinates":[[-68.91398,-22.44947],[-68.91381,-22.45036]]}},{"type":"Feature","properties":{"nombre":"Avenida Nueva","jerarquia":5},"geometry":{"type":"LineString","coordinates":[[-68.91381,-22.45036],[-68.91372,-22.4509]]}},{"type":"Feature","properties":{"nombre":"Avenida Nueva","jerarquia":5},"geometry":{"type":"LineString","coordinates":[[-68.91372,-22.4509],[-68.91348,-22.45228]]}},{"type":"Feature","properties":{"nombre":"Avenida Nueva","jerarquia":5},"geometry":{"type":"LineString","coordinates":[[-68.91348,-22.45228],[-68.91329,-22.45337]]}},{"type":"Feature","properties":{"nombre":"Avenida Nueva","jerarquia":5},"geometry":{"type":"LineString","coordinates":[[-68.91329,-22.45337],[-68.91328,-22.45345]]}},{"type":"Feature","properties":{"nombre":"Avenida Circunvalación","jerarquia":2},"geometry":{"type":"LineString","coordinates":[[-68.91592,-22.43285],[-68.91555,-22.433]]}},{"type":"Feature","properties":{"nombre":"Avenida Circunvalación","jerarquia":2},"geometry":{"type":"LineString","coordinates":[[-68.91555,-22.433],[-68.91315,-22.43377]]}},{"type":"Feature","properties":{"nombre":"Avenida Granaderos","jerarquia":5},"geometry":{"type":"LineString","coordinates":[[-68.92527,-22.43347],[-68.92511,-22.4327]]}},{"type":"Feature","properties":{"nombre":"Avenida Granaderos","jerarquia":5},"geometry":{"type":"LineString","coordinates":[[-68.92511,-22.4327],[-68.9247,-22.43085]]}},{"type":"Feature","properties":{"nombre":"Alonso de Ercilla","jerarquia":5},"geometry":{"type":"LineString","coordinates":[[-68.94173,-22.45135],[-68.94254,-22.45137]]}},{"type":"Feature","properties":{"nombre":"Alonso de Ercilla","jerarquia":5},"geometry":{"type":"LineString","coordinates":[[-68.94254,-22.45137],[-68.94297,-22.45138]]}},{"type":"Feature","properties":{"nombre":"Alonso de Ercilla","jerarquia":5},"geometry":{"type":"LineString","coordinates":[[-68.94297,-22.45138],[-68.94419,-22.45141]]}},{"type":"Feature","properties":{"nombre":"Alonso de Ercilla","jerarquia":5},"geometry":{"type":"LineString","coordinates":[[-68.94419,-22.45141],[-68.94465,-22.45142]]}},{"type":"Feature","properties":{"nombre":"Alonso de Ercilla","jerarquia":5},"geometry":{"type":"LineString","coordinates":[[-68.94465,-22.45142],[-68.94531,-22.45143]]}},{"type":"Feature","properties":{"nombre":"Alonso de Ercilla","jerarquia":5},"geometry":{"type":"LineString","coordinates":[[-68.94531,-22.45143],[-68.94537,-22.45143]]}},{"type":"Feature","properties":{"nombre":"Alonso de Ercilla","jerarquia":5},"geometry":{"type":"LineString","coordinates":[[-68.94537,-22.45143],[-68.94599,-22.45145]]}},{"type":"Feature","properties":{"nombre":"Alonso de Ercilla","jerarquia":5},"geometry":{"type":"LineString","coordinates":[[-68.94599,-22.45145],[-68.94616,-22.45145]]}},{"type":"Feature","properties":{"nombre":"Alonso de Ercilla","jerarquia":5},"geometry":{"type":"LineString","coordinates":[[-68.94616,-22.45145],[-68.94663,-22.45146]]}},{"type":"Feature","properties":{"nombre":"Alonso de Ercilla","jerarquia":5},"geometry":{"type":"LineString","coordinates":[[-68.94663,-22.45146],[-68.94731,-22.45148]]}},{"type":"Feature","properties":{"nombre":"Alonso de Ercilla","jerarquia":5},"geometry":{"type":"LineString","coordinates":[[-68.94731,-22.45148],[-68.94779,-22.45149]]}},{"type":"Feature","properties":{"nombre":"Alonso de Ercilla","jerarquia":5},"geometry":{"type":"LineString","coordinates":[[-68.94779,-22.45149],[-68.94824,-22.4515]]}},{"type":"Feature","properties":{"nombre":"Alonso de Ercilla","jerarquia":5},"geometry":{"type":"LineString","coordinates":[[-68.94824,-22.4515],[-68.94883,-22.45152]]}},{"type":"Feature","properties":{"nombre":"Alonso de Ercilla","jerarquia":5},"geometry":{"type":"LineString","coordinates":[[-68.94883,-22.45152],[-68.94925,-22.45153]]}},{"type":"Feature","properties":{"nombre":"Alonso de Ercilla","jerarquia":5},"geometry":{"type":"LineString","coordinates":[[-68.94925,-22.45153],[-68.94985,-22.45154]]}},{"type":"Feature","properties":{"nombre":"Alonso de Ercilla","jerarquia":5},"geometry":{"type":"LineString","coordinates":[[-68.94985,-22.45154],[-68.95093,-22.45157]]}},{"type":"Feature","properties":{"nombre":"Avenida Parque Oriente","jerarquia":5},"geometry":{"type":"LineString","coordinates":[[-68.92248,-22.45706],[-68.92257,-22.45698]]}},{"type":"Feature","properties":{"nombre":"Avenida Parque Oriente","jerarquia":5},"geometry":{"type":"LineString","coordinates":[[-68.92257,-22.45698],[-68.92273,-22.45682]]}},{"type":"Feature","properties":{"nombre":"Avenida Parque Oriente","jerarquia":5},"geometry":{"type":"LineString","coordinates":[[-68.92273,-22.45682],[-68.92286,-22.45659],[-68.92297,-22.45578]]}},{"type":"Feature","properties":{"nombre":"Avenida Parque Oriente","jerarquia":5},"geometry":{"type":"LineString","coordinates":[[-68.92297,-22.45578],[-68.92301,-22.45465]]}},{"type":"Feature","properties":{"nombre":"Avenida Parque Oriente","jerarquia":5},"geometry":{"type":"LineString","coordinates":[[-68.92301,-22.45465],[-68.92304,-22.45416]]}},{"type":"Feature","properties":{"nombre":"Avenida Parque Oriente","jerarquia":5},"geometry":{"type":"LineString","coordinates":[[-68.92297,-22.45578],[-68.92289,-22.45666],[-68.92259,-22.45705]]}},{"type":"Feature","properties":{"nombre":"Quetena","jerarquia":5},"geometry":{"type":"LineString","coordinates":[[-68.94275,-22.45488],[-68.94271,-22.45535]]}},{"type":"Feature","properties":{"nombre":"Quetena","jerarquia":5},"geometry":{"type":"LineString","coordinates":[[-68.94271,-22.45535],[-68.94269,-22.4558]]}},{"type":"Feature","properties":{"nombre":"Quetena","jerarquia":5},"geometry":{"type":"LineString","coordinates":[[-68.94269,-22.4558],[-68.94266,-22.45628]]}},{"type":"Feature","properties":{"nombre":"Quetena","jerarquia":5},"geometry":{"type":"LineString","coordinates":[[-68.94266,-22.45628],[-68.94258,-22.45731]]}},{"type":"Feature","properties":{"nombre":"Quetena","jerarquia":5},"geometry":{"type":"LineString","coordinates":[[-68.94258,-22.45731],[-68.94252,-22.45834]]}},{"type":"Feature","properties":{"nombre":"Quetena","jerarquia":5},"geometry":{"type":"LineString","coordinates":[[-68.94252,-22.45834],[-68.94248,-22.45909]]}},{"type":"Feature","properties":{"nombre":"Quetena","jerarquia":5},"geometry":{"type":"LineString","coordinates":[[-68.94248,-22.45909],[-68.94244,-22.45973]]}},{"type":"Feature","properties":{"nombre":"Quetena","jerarquia":5},"geometry":{"type":"LineString","coordinates":[[-68.94244,-22.45973],[-68.9424,-22.4599]]}},{"type":"Feature","properties":{"nombre":"Quetena","jerarquia":5},"geometry":{"type":"LineString","coordinates":[[-68.9424,-22.4599],[-68.94237,-22.46054]]}},{"type":"Feature","properties":{"nombre":"Quetena","jerarquia":5},"geometry":{"type":"LineString","coordinates":[[-68.94237,-22.46054],[-68.94233,-22.4611]]}},{"type":"Feature","properties":{"nombre":"Quetena","jerarquia":5},"geometry":{"type":"LineString","coordinates":[[-68.94233,-22.4611],[-68.9423,-22.46162]]}},{"type":"Feature","properties":{"nombre":"Quetena","jerarquia":5},"geometry":{"type":"LineString","coordinates":[[-68.9423,-22.46162],[-68.94226,-22.4624]]}},{"type":"Feature","properties":{"nombre":"Quetena","jerarquia":5},"geometry":{"type":"LineString","coordinates":[[-68.94226,-22.4624],[-68.94224,-22.46298]]}},{"type":"Feature","properties":{"nombre":"Quetena","jerarquia":5},"geometry":{"type":"LineString","coordinates":[[-68.94224,-22.46298],[-68.94222,-22.4634]]}},{"type":"Feature","properties":{"nombre":"Quetena","jerarquia":5},"geometry":{"type":"LineString","coordinates":[[-68.94222,-22.4634],[-68.9422,-22.46361]]}},{"type":"Feature","properties":{"nombre":"","jerarquia":2},"geometry":{"type":"LineString","coordinates":[[-68.89885,-22.45548],[-68.89892,-22.45613]]}},{"type":"Feature","properties":{"nombre":"Salar de la Luna","jerarquia":5},"geometry":{"type":"LineString","coordinates":[[-68.89885,-22.45548],[-68.89872,-22.45407]]}},{"type":"Feature","properties":{"nombre":"Salar de la Luna","jerarquia":5},"geometry":{"type":"LineString","coordinates":[[-68.89872,-22.45407],[-68.8987,-22.45391]]}},{"type":"Feature","properties":{"nombre":"Salar de la Luna","jerarquia":5},"geometry":{"type":"LineString","coordinates":[[-68.8987,-22.45391],[-68.89864,-22.45309]]}},{"type":"Feature","properties":{"nombre":"Salar de la Luna","jerarquia":5},"geometry":{"type":"LineString","coordinates":[[-68.89864,-22.45309],[-68.89843,-22.45186]]}},{"type":"Feature","properties":{"nombre":"Salar de la Luna","jerarquia":5},"geometry":{"type":"LineString","coordinates":[[-68.89843,-22.45186],[-68.8984,-22.45173]]}},{"type":"Feature","properties":{"nombre":"Salar de la Luna","jerarquia":5},"geometry":{"type":"LineString","coordinates":[[-68.8984,-22.45173],[-68.89811,-22.45005]]}},{"type":"Feature","properties":{"nombre":"Salar de la Luna","jerarquia":5},"geometry":{"type":"LineString","coordinates":[[-68.89811,-22.45005],[-68.89807,-22.44931]]}},{"type":"Feature","properties":{"nombre":"Salar de la Luna","jerarquia":5},"geometry":{"type":"LineString","coordinates":[[-68.89807,-22.44931],[-68.89813,-22.44861],[-68.89827,-22.44789]]}},{"type":"Feature","properties":{"nombre":"Salar de la Luna","jerarquia":5},"geometry":{"type":"LineString","coordinates":[[-68.89827,-22.44789],[-68.89854,-22.44714],[-68.89872,-22.44676]]}},{"type":"Feature","properties":{"nombre":"Salar de la Luna","jerarquia":5},"geometry":{"type":"LineString","coordinates":[[-68.89872,-22.44676],[-68.89925,-22.44591]]}},{"type":"Feature","properties":{"nombre":"","jerarquia":2},"geometry":{"type":"LineString","coordinates":[[-68.89855,-22.44626],[-68.8989,-22.44578],[-68.89942,-22.44533]]}},{"type":"Feature","properties":{"nombre":"Alcalde José Lira","jerarquia":5},"geometry":{"type":"LineString","coordinates":[[-68.90874,-22.48039],[-68.90859,-22.48027]]}},{"type":"Feature","properties":{"nombre":"Alcalde José Lira","jerarquia":5},"geometry":{"type":"LineString","coordinates":[[-68.90859,-22.48027],[-68.90618,-22.47815]]}},{"type":"Feature","properties":{"nombre":"Avenida Jorge Alessandri Rodríguez","jerarquia":5},"geometry":{"type":"LineString","coordinates":[[-68.92067,-22.4851],[-68.92025,-22.48495]]}},{"type":"Feature","properties":{"nombre":"Avenida Jorge Alessandri Rodríguez","jerarquia":5},"geometry":{"type":"LineString","coordinates":[[-68.92025,-22.48495],[-68.91989,-22.48486]]}},{"type":"Feature","properties":{"nombre":"Avenida Jorge Alessandri Rodríguez","jerarquia":5},"geometry":{"type":"LineString","coordinates":[[-68.91989,-22.48486],[-68.91879,-22.48462]]}},{"type":"Feature","properties":{"nombre":"Avenida Jorge Alessandri Rodríguez","jerarquia":5},"geometry":{"type":"LineString","coordinates":[[-68.91879,-22.48462],[-68.91842,-22.48452]]}},{"type":"Feature","properties":{"nombre":"Avenida Jorge Alessandri Rodríguez","jerarquia":5},"geometry":{"type":"LineString","coordinates":[[-68.91842,-22.48452],[-68.91787,-22.48429]]}},{"type":"Feature","properties":{"nombre":"Avenida Jorge Alessandri Rodríguez","jerarquia":5},"geometry":{"type":"LineString","coordinates":[[-68.91787,-22.48429],[-68.91736,-22.48408]]}},{"type":"Feature","properties":{"nombre":"Avenida Jorge Alessandri Rodríguez","jerarquia":5},"geometry":{"type":"LineString","coordinates":[[-68.91736,-22.48408],[-68.9166,-22.48371]]}},{"type":"Feature","properties":{"nombre":"Avenida Jorge Alessandri Rodríguez","jerarquia":5},"geometry":{"type":"LineString","coordinates":[[-68.9166,-22.48371],[-68.91584,-22.48331]]}},{"type":"Feature","properties":{"nombre":"Avenida Jorge Alessandri Rodríguez","jerarquia":5},"geometry":{"type":"LineString","coordinates":[[-68.91584,-22.48331],[-68.91536,-22.48306]]}},{"type":"Feature","properties":{"nombre":"Avenida Jorge Alessandri Rodríguez","jerarquia":5},"geometry":{"type":"LineString","coordinates":[[-68.91536,-22.48306],[-68.91484,-22.48283]]}},{"type":"Feature","properties":{"nombre":"Avenida Jorge Alessandri Rodríguez","jerarquia":5},"geometry":{"type":"LineString","coordinates":[[-68.91484,-22.48283],[-68.91442,-22.48253]]}},{"type":"Feature","properties":{"nombre":"Avenida Jorge Alessandri Rodríguez","jerarquia":5},"geometry":{"type":"LineString","coordinates":[[-68.91442,-22.48253],[-68.91424,-22.48234]]}},{"type":"Feature","properties":{"nombre":"Avenida Jorge Alessandri Rodríguez","jerarquia":5},"geometry":{"type":"LineString","coordinates":[[-68.91424,-22.48234],[-68.91392,-22.48192]]}},{"type":"Feature","properties":{"nombre":"Avenida Jorge Alessandri Rodríguez","jerarquia":5},"geometry":{"type":"LineString","coordinates":[[-68.91392,-22.48192],[-68.91341,-22.48128],[-68.91297,-22.48036]]}},{"type":"Feature","properties":{"nombre":"Avenida Jorge Alessandri Rodríguez","jerarquia":5},"geometry":{"type":"LineString","coordinates":[[-68.91297,-22.48036],[-68.91274,-22.48015],[-68.91168,-22.47947]]}},{"type":"Feature","properties":{"nombre":"Avenida Jorge Alessandri Rodríguez","jerarquia":5},"geometry":{"type":"LineString","coordinates":[[-68.91168,-22.47947],[-68.90923,-22.47789]]}},{"type":"Feature","properties":{"nombre":"Avenida Jorge Alessandri Rodríguez","jerarquia":5},"geometry":{"type":"LineString","coordinates":[[-68.90923,-22.47789],[-68.9086,-22.47749]]}},{"type":"Feature","properties":{"nombre":"Avenida Jorge Alessandri Rodríguez","jerarquia":5},"geometry":{"type":"LineString","coordinates":[[-68.9086,-22.47749],[-68.9085,-22.47743]]}},{"type":"Feature","properties":{"nombre":"Avenida Jorge Alessandri Rodríguez","jerarquia":5},"geometry":{"type":"LineString","coordinates":[[-68.9085,-22.47743],[-68.90803,-22.47714]]}},{"type":"Feature","properties":{"nombre":"Avenida Jorge Alessandri Rodríguez","jerarquia":5},"geometry":{"type":"LineString","coordinates":[[-68.90803,-22.47714],[-68.90795,-22.47709]]}},{"type":"Feature","properties":{"nombre":"Avenida Jorge Alessandri Rodríguez","jerarquia":5},"geometry":{"type":"LineString","coordinates":[[-68.90795,-22.47709],[-68.90763,-22.4769],[-68.90745,-22.47688],[-68.90723,-22.47693],[-68.90706,-22.47707],[-68.90664,-22.4776]]}},{"type":"Feature","properties":{"nombre":"Avenida Jorge Alessandri Rodríguez","jerarquia":5},"geometry":{"type":"LineString","coordinates":[[-68.90664,-22.4776],[-68.90618,-22.47815]]}},{"type":"Feature","properties":{"nombre":"Avenida Matta","jerarquia":3},"geometry":{"type":"LineString","coordinates":[[-68.92189,-22.46433],[-68.92173,-22.46405],[-68.92148,-22.46324]]}},{"type":"Feature","properties":{"nombre":"Emilio Sotomayor","jerarquia":4},"geometry":{"type":"LineString","coordinates":[[-68.93353,-22.46283],[-68.93345,-22.46283]]}},{"type":"Feature","properties":{"nombre":"Emilio Sotomayor","jerarquia":4},"geometry":{"type":"LineString","coordinates":[[-68.93345,-22.46283],[-68.93245,-22.46284]]}},{"type":"Feature","properties":{"nombre":"Emilio Sotomayor","jerarquia":4},"geometry":{"type":"LineString","coordinates":[[-68.93245,-22.46284],[-68.93152,-22.46285]]}},{"type":"Feature","properties":{"nombre":"Emilio Sotomayor","jerarquia":4},"geometry":{"type":"LineString","coordinates":[[-68.93152,-22.46285],[-68.93071,-22.46286]]}},{"type":"Feature","properties":{"nombre":"Emilio Sotomayor","jerarquia":4},"geometry":{"type":"LineString","coordinates":[[-68.93071,-22.46286],[-68.93066,-22.46286]]}},{"type":"Feature","properties":{"nombre":"Emilio Sotomayor","jerarquia":4},"geometry":{"type":"LineString","coordinates":[[-68.93066,-22.46286],[-68.92957,-22.46287]]}},{"type":"Feature","properties":{"nombre":"Emilio Sotomayor","jerarquia":4},"geometry":{"type":"LineString","coordinates":[[-68.92957,-22.46287],[-68.92863,-22.4629],[-68.92774,-22.46286]]}},{"type":"Feature","properties":{"nombre":"Emilio Sotomayor","jerarquia":4},"geometry":{"type":"LineString","coordinates":[[-68.92774,-22.46286],[-68.92702,-22.46281]]}},{"type":"Feature","properties":{"nombre":"Emilio Sotomayor","jerarquia":4},"geometry":{"type":"LineString","coordinates":[[-68.92702,-22.46281],[-68.92694,-22.4628]]}},{"type":"Feature","properties":{"nombre":"Emilio Sotomayor","jerarquia":4},"geometry":{"type":"LineString","coordinates":[[-68.92694,-22.4628],[-68.92569,-22.46271]]}},{"type":"Feature","properties":{"nombre":"Emilio Sotomayor","jerarquia":4},"geometry":{"type":"LineString","coordinates":[[-68.92569,-22.46271],[-68.92561,-22.4627]]}},{"type":"Feature","properties":{"nombre":"Emilio Sotomayor","jerarquia":4},"geometry":{"type":"LineString","coordinates":[[-68.92561,-22.4627],[-68.92456,-22.46263]]}},{"type":"Feature","properties":{"nombre":"Emilio Sotomayor","jerarquia":4},"geometry":{"type":"LineString","coordinates":[[-68.92456,-22.46263],[-68.92447,-22.46262]]}},{"type":"Feature","properties":{"nombre":"Emilio Sotomayor","jerarquia":4},"geometry":{"type":"LineString","coordinates":[[-68.92447,-22.46262],[-68.923,-22.46251]]}},{"type":"Feature","properties":{"nombre":"Emilio Sotomayor","jerarquia":4},"geometry":{"type":"LineString","coordinates":[[-68.923,-22.46251],[-68.92293,-22.46251]]}},{"type":"Feature","properties":{"nombre":"Emilio Sotomayor","jerarquia":4},"geometry":{"type":"LineString","coordinates":[[-68.92293,-22.46251],[-68.92288,-22.46251]]}},{"type":"Feature","properties":{"nombre":"Vicuña Mackenna","jerarquia":5},"geometry":{"type":"LineString","coordinates":[[-68.92554,-22.46329],[-68.92681,-22.46332]]}},{"type":"Feature","properties":{"nombre":"Vicuña Mackenna","jerarquia":5},"geometry":{"type":"LineString","coordinates":[[-68.92681,-22.46332],[-68.92688,-22.46332]]}},{"type":"Feature","properties":{"nombre":"Vicuña Mackenna","jerarquia":5},"geometry":{"type":"LineString","coordinates":[[-68.92688,-22.46332],[-68.92759,-22.46333]]}},{"type":"Feature","properties":{"nombre":"Vicuña Mackenna","jerarquia":5},"geometry":{"type":"LineString","coordinates":[[-68.92759,-22.46333],[-68.92768,-22.46333]]}},{"type":"Feature","properties":{"nombre":"Vicuña Mackenna","jerarquia":5},"geometry":{"type":"LineString","coordinates":[[-68.92768,-22.46333],[-68.92855,-22.46336]]}},{"type":"Feature","properties":{"nombre":"Vicuña Mackenna","jerarquia":5},"geometry":{"type":"LineString","coordinates":[[-68.92855,-22.46336],[-68.92953,-22.46343]]}},{"type":"Feature","properties":{"nombre":"Brasilia","jerarquia":5},"geometry":{"type":"LineString","coordinates":[[-68.93502,-22.46378],[-68.93521,-22.46456]]}},{"type":"Feature","properties":{"nombre":"Brasilia","jerarquia":5},"geometry":{"type":"LineString","coordinates":[[-68.93521,-22.46456],[-68.93524,-22.46471]]}},{"type":"Feature","properties":{"nombre":"Brasilia","jerarquia":5},"geometry":{"type":"LineString","coordinates":[[-68.93524,-22.46471],[-68.93533,-22.46505]]}},{"type":"Feature","properties":{"nombre":"Brasilia","jerarquia":5},"geometry":{"type":"LineString","coordinates":[[-68.93533,-22.46505],[-68.93546,-22.46563]]}},{"type":"Feature","properties":{"nombre":"Brasilia","jerarquia":5},"geometry":{"type":"LineString","coordinates":[[-68.93546,-22.46563],[-68.93562,-22.46637]]}},{"type":"Feature","properties":{"nombre":"Brasilia","jerarquia":5},"geometry":{"type":"LineString","coordinates":[[-68.93562,-22.46637],[-68.93586,-22.46738]]}},{"type":"Feature","properties":{"nombre":"Brasilia","jerarquia":5},"geometry":{"type":"LineString","coordinates":[[-68.93586,-22.46738],[-68.93594,-22.46781]]}},{"type":"Feature","properties":{"nombre":"Brasilia","jerarquia":5},"geometry":{"type":"LineString","coordinates":[[-68.93594,-22.46781],[-68.93599,-22.468]]}},{"type":"Feature","properties":{"nombre":"Brasilia","jerarquia":5},"geometry":{"type":"LineString","coordinates":[[-68.93599,-22.468],[-68.93612,-22.46856]]}},{"type":"Feature","properties":{"nombre":"Brasilia","jerarquia":5},"geometry":{"type":"LineString","coordinates":[[-68.93612,-22.46856],[-68.93613,-22.4686]]}},{"type":"Feature","properties":{"nombre":"Brasilia","jerarquia":5},"geometry":{"type":"LineString","coordinates":[[-68.93613,-22.4686],[-68.93623,-22.46898],[-68.9362,-22.46907]]}},{"type":"Feature","properties":{"nombre":"Pomaire","jerarquia":5},"geometry":{"type":"LineString","coordinates":[[-68.91388,-22.44702],[-68.91398,-22.44659]]}},{"type":"Feature","properties":{"nombre":"Pomaire","jerarquia":5},"geometry":{"type":"LineString","coordinates":[[-68.91398,-22.44659],[-68.9141,-22.44606]]}},{"type":"Feature","properties":{"nombre":"Pomaire","jerarquia":5},"geometry":{"type":"LineString","coordinates":[[-68.9141,-22.44606],[-68.91419,-22.44569]]}},{"type":"Feature","properties":{"nombre":"Guacolda","jerarquia":5},"geometry":{"type":"LineString","coordinates":[[-68.91765,-22.45286],[-68.91769,-22.45384]]}},{"type":"Feature","properties":{"nombre":"Guacolda","jerarquia":5},"geometry":{"type":"LineString","coordinates":[[-68.91769,-22.45384],[-68.9177,-22.45402]]}},{"type":"Feature","properties":{"nombre":"Guacolda","jerarquia":5},"geometry":{"type":"LineString","coordinates":[[-68.9177,-22.45402],[-68.91771,-22.45469],[-68.91764,-22.45485]]}},{"type":"Feature","properties":{"nombre":"Huaytiquina","jerarquia":5},"geometry":{"type":"LineString","coordinates":[[-68.92727,-22.43311],[-68.92688,-22.43318]]}},{"type":"Feature","properties":{"nombre":"Huaytiquina","jerarquia":5},"geometry":{"type":"LineString","coordinates":[[-68.92688,-22.43318],[-68.92648,-22.43325]]}},{"type":"Feature","properties":{"nombre":"Huaytiquina","jerarquia":5},"geometry":{"type":"LineString","coordinates":[[-68.92648,-22.43325],[-68.92585,-22.43336]]}},{"type":"Feature","properties":{"nombre":"Huaytiquina","jerarquia":5},"geometry":{"type":"LineString","coordinates":[[-68.92585,-22.43336],[-68.92546,-22.43343]]}},{"type":"Feature","properties":{"nombre":"Huaytiquina","jerarquia":5},"geometry":{"type":"LineString","coordinates":[[-68.92546,-22.43343],[-68.92536,-22.43345]]}},{"type":"Feature","properties":{"nombre":"","jerarquia":2},"geometry":{"type":"LineString","coordinates":[[-68.9153,-22.41451],[-68.91538,-22.41478],[-68.91554,-22.41503],[-68.91577,-22.41526],[-68.91593,-22.41534],[-68.91618,-22.4154],[-68.91652,-22.4154],[-68.91682,-22.41531],[-68.9171,-22.41515]]}},{"type":"Feature","properties":{"nombre":"","jerarquia":2},"geometry":{"type":"LineString","coordinates":[[-68.92143,-22.41216],[-68.92132,-22.41236],[-68.92115,-22.4125],[-68.92097,-22.41256],[-68.92075,-22.41252],[-68.9206,-22.41239],[-68.92053,-22.41221],[-68.92057,-22.412],[-68.92066,-22.41182]]}},{"type":"Feature","properties":{"nombre":"","jerarquia":2},"geometry":{"type":"LineString","coordinates":[[-68.91945,-22.41295],[-68.91998,-22.41268],[-68.92027,-22.41264],[-68.92055,-22.41269],[-68.92088,-22.41284],[-68.92107,-22.41302],[-68.92131,-22.41356]]}},{"type":"Feature","properties":{"nombre":"Aldunate","jerarquia":4},"geometry":{"type":"LineString","coordinates":[[-68.93916,-22.45621],[-68.9391,-22.45694]]}},{"type":"Feature","properties":{"nombre":"Aldunate","jerarquia":4},"geometry":{"type":"LineString","coordinates":[[-68.9391,-22.45694],[-68.93901,-22.45795]]}},{"type":"Feature","properties":{"nombre":"Aldunate","jerarquia":4},"geometry":{"type":"LineString","coordinates":[[-68.93901,-22.45795],[-68.93898,-22.45831]]}},{"type":"Feature","properties":{"nombre":"Aldunate","jerarquia":4},"geometry":{"type":"LineString","coordinates":[[-68.93898,-22.45831],[-68.93897,-22.45846]]}},{"type":"Feature","properties":{"nombre":"Aldunate","jerarquia":4},"geometry":{"type":"LineString","coordinates":[[-68.93897,-22.45846],[-68.93892,-22.45906]]}},{"type":"Feature","properties":{"nombre":"Aldunate","jerarquia":4},"geometry":{"type":"LineString","coordinates":[[-68.93892,-22.45906],[-68.93886,-22.45971]]}},{"type":"Feature","properties":{"nombre":"Aldunate","jerarquia":4},"geometry":{"type":"LineString","coordinates":[[-68.93886,-22.45971],[-68.93881,-22.46035]]}},{"type":"Feature","properties":{"nombre":"Aldunate","jerarquia":4},"geometry":{"type":"LineString","coordinates":[[-68.93881,-22.46035],[-68.93876,-22.46089]]}},{"type":"Feature","properties":{"nombre":"Aldunate","jerarquia":4},"geometry":{"type":"LineString","coordinates":[[-68.93876,-22.46089],[-68.93872,-22.46141]]}},{"type":"Feature","properties":{"nombre":"Aldunate","jerarquia":4},"geometry":{"type":"LineString","coordinates":[[-68.93872,-22.46141],[-68.93869,-22.4618]]}},{"type":"Feature","properties":{"nombre":"Aldunate","jerarquia":4},"geometry":{"type":"LineString","coordinates":[[-68.93869,-22.4618],[-68.93864,-22.46232]]}},{"type":"Feature","properties":{"nombre":"Aldunate","jerarquia":4},"geometry":{"type":"LineString","coordinates":[[-68.93864,-22.46232],[-68.93859,-22.4629]]}},{"type":"Feature","properties":{"nombre":"Aldunate","jerarquia":4},"geometry":{"type":"LineString","coordinates":[[-68.93859,-22.4629],[-68.93856,-22.46393]]}},{"type":"Feature","properties":{"nombre":"Aldunate","jerarquia":4},"geometry":{"type":"LineString","coordinates":[[-68.93856,-22.46393],[-68.93855,-22.46491]]}},{"type":"Feature","properties":{"nombre":"Aldunate","jerarquia":4},"geometry":{"type":"LineString","coordinates":[[-68.93855,-22.46491],[-68.93852,-22.46585]]}},{"type":"Feature","properties":{"nombre":"Aldunate","jerarquia":4},"geometry":{"type":"LineString","coordinates":[[-68.93852,-22.46585],[-68.93851,-22.46658]]}},{"type":"Feature","properties":{"nombre":"Aldunate","jerarquia":4},"geometry":{"type":"LineString","coordinates":[[-68.93851,-22.46658],[-68.9385,-22.46678],[-68.93842,-22.46703]]}},{"type":"Feature","properties":{"nombre":"Aldunate","jerarquia":4},"geometry":{"type":"LineString","coordinates":[[-68.93842,-22.46703],[-68.93835,-22.46721]]}},{"type":"Feature","properties":{"nombre":"Aldunate","jerarquia":4},"geometry":{"type":"LineString","coordinates":[[-68.93835,-22.46721],[-68.93819,-22.46765]]}},{"type":"Feature","properties":{"nombre":"Aldunate","jerarquia":4},"geometry":{"type":"LineString","coordinates":[[-68.93819,-22.46765],[-68.93796,-22.46826]]}},{"type":"Feature","properties":{"nombre":"Aldunate","jerarquia":4},"geometry":{"type":"LineString","coordinates":[[-68.93796,-22.46826],[-68.93775,-22.46886]]}},{"type":"Feature","properties":{"nombre":"Aldunate","jerarquia":4},"geometry":{"type":"LineString","coordinates":[[-68.93775,-22.46886],[-68.93752,-22.46947]]}},{"type":"Feature","properties":{"nombre":"Tarapacá","jerarquia":5},"geometry":{"type":"LineString","coordinates":[[-68.92902,-22.45733],[-68.92979,-22.45749]]}},{"type":"Feature","properties":{"nombre":"Tarapacá","jerarquia":5},"geometry":{"type":"LineString","coordinates":[[-68.92979,-22.45749],[-68.93045,-22.4576]]}},{"type":"Feature","properties":{"nombre":"Tarapacá","jerarquia":5},"geometry":{"type":"LineString","coordinates":[[-68.93045,-22.4576],[-68.9308,-22.45766]]}},{"type":"Feature","properties":{"nombre":"Tarapacá","jerarquia":5},"geometry":{"type":"LineString","coordinates":[[-68.9308,-22.45766],[-68.93083,-22.45767]]}},{"type":"Feature","properties":{"nombre":"Tarapacá","jerarquia":5},"geometry":{"type":"LineString","coordinates":[[-68.93083,-22.45767],[-68.93124,-22.45771]]}},{"type":"Feature","properties":{"nombre":"Tarapacá","jerarquia":5},"geometry":{"type":"LineString","coordinates":[[-68.93124,-22.45771],[-68.93164,-22.45773]]}},{"type":"Feature","properties":{"nombre":"Tarapacá","jerarquia":5},"geometry":{"type":"LineString","coordinates":[[-68.93164,-22.45773],[-68.93202,-22.45773]]}},{"type":"Feature","properties":{"nombre":"Tarapacá","jerarquia":5},"geometry":{"type":"LineString","coordinates":[[-68.93202,-22.45773],[-68.93228,-22.45774]]}},{"type":"Feature","properties":{"nombre":"Tarapacá","jerarquia":5},"geometry":{"type":"LineString","coordinates":[[-68.93228,-22.45774],[-68.93238,-22.45774]]}},{"type":"Feature","properties":{"nombre":"Tarapacá","jerarquia":5},"geometry":{"type":"LineString","coordinates":[[-68.93238,-22.45774],[-68.93274,-22.45776]]}},{"type":"Feature","properties":{"nombre":"Tarapacá","jerarquia":5},"geometry":{"type":"LineString","coordinates":[[-68.93274,-22.45776],[-68.93285,-22.45776]]}},{"type":"Feature","properties":{"nombre":"Tarapacá","jerarquia":5},"geometry":{"type":"LineString","coordinates":[[-68.93285,-22.45776],[-68.93314,-22.45777]]}},{"type":"Feature","properties":{"nombre":"Tarapacá","jerarquia":5},"geometry":{"type":"LineString","coordinates":[[-68.93314,-22.45777],[-68.93331,-22.45778]]}},{"type":"Feature","properties":{"nombre":"Tarapacá","jerarquia":5},"geometry":{"type":"LineString","coordinates":[[-68.93331,-22.45778],[-68.93358,-22.4578]]}},{"type":"Feature","properties":{"nombre":"Tarapacá","jerarquia":5},"geometry":{"type":"LineString","coordinates":[[-68.93358,-22.4578],[-68.93364,-22.45781]]}},{"type":"Feature","properties":{"nombre":"Cobija","jerarquia":4},"geometry":{"type":"LineString","coordinates":[[-68.92546,-22.46444],[-68.92668,-22.4651]]}},{"type":"Feature","properties":{"nombre":"Javiera Carrera","jerarquia":5},"geometry":{"type":"LineString","coordinates":[[-68.9305,-22.46494],[-68.93101,-22.46497]]}},{"type":"Feature","properties":{"nombre":"Javiera Carrera","jerarquia":5},"geometry":{"type":"LineString","coordinates":[[-68.93101,-22.46497],[-68.93151,-22.465]]}},{"type":"Feature","properties":{"nombre":"Javiera Carrera","jerarquia":5},"geometry":{"type":"LineString","coordinates":[[-68.93151,-22.465],[-68.93196,-22.46502]]}},{"type":"Feature","properties":{"nombre":"Javiera Carrera","jerarquia":5},"geometry":{"type":"LineString","coordinates":[[-68.93196,-22.46502],[-68.93244,-22.46506]]}},{"type":"Feature","properties":{"nombre":"Javiera Carrera","jerarquia":5},"geometry":{"type":"LineString","coordinates":[[-68.93244,-22.46506],[-68.9333,-22.4651]]}},{"type":"Feature","properties":{"nombre":"Javiera Carrera","jerarquia":5},"geometry":{"type":"LineString","coordinates":[[-68.9333,-22.4651],[-68.93338,-22.46511]]}},{"type":"Feature","properties":{"nombre":"Javiera Carrera","jerarquia":5},"geometry":{"type":"LineString","coordinates":[[-68.93338,-22.46511],[-68.93355,-22.46512]]}},{"type":"Feature","properties":{"nombre":"Javiera Carrera","jerarquia":5},"geometry":{"type":"LineString","coordinates":[[-68.93355,-22.46512],[-68.9338,-22.46523],[-68.93421,-22.46553]]}},{"type":"Feature","properties":{"nombre":"Javiera Carrera","jerarquia":5},"geometry":{"type":"LineString","coordinates":[[-68.93421,-22.46553],[-68.93437,-22.46557]]}},{"type":"Feature","properties":{"nombre":"Javiera Carrera","jerarquia":5},"geometry":{"type":"LineString","coordinates":[[-68.93437,-22.46557],[-68.93478,-22.4656]]}},{"type":"Feature","properties":{"nombre":"Javiera Carrera","jerarquia":5},"geometry":{"type":"LineString","coordinates":[[-68.93478,-22.4656],[-68.93483,-22.4656]]}},{"type":"Feature","properties":{"nombre":"Javiera Carrera","jerarquia":5},"geometry":{"type":"LineString","coordinates":[[-68.93483,-22.4656],[-68.93491,-22.46561]]}},{"type":"Feature","properties":{"nombre":"Javiera Carrera","jerarquia":5},"geometry":{"type":"LineString","coordinates":[[-68.93491,-22.46561],[-68.93546,-22.46563]]}},{"type":"Feature","properties":{"nombre":"Javiera Carrera","jerarquia":5},"geometry":{"type":"LineString","coordinates":[[-68.93546,-22.46563],[-68.93609,-22.46567]]}},{"type":"Feature","properties":{"nombre":"Javiera Carrera","jerarquia":5},"geometry":{"type":"LineString","coordinates":[[-68.93609,-22.46567],[-68.93733,-22.46576]]}},{"type":"Feature","properties":{"nombre":"Javiera Carrera","jerarquia":5},"geometry":{"type":"LineString","coordinates":[[-68.93733,-22.46576],[-68.93852,-22.46585]]}},{"type":"Feature","properties":{"nombre":"Javiera Carrera","jerarquia":5},"geometry":{"type":"LineString","coordinates":[[-68.93852,-22.46585],[-68.93968,-22.46594]]}},{"type":"Feature","properties":{"nombre":"Javiera Carrera","jerarquia":5},"geometry":{"type":"LineString","coordinates":[[-68.93968,-22.46594],[-68.9401,-22.46597]]}},{"type":"Feature","properties":{"nombre":"Javiera Carrera","jerarquia":5},"geometry":{"type":"LineString","coordinates":[[-68.9401,-22.46597],[-68.94058,-22.466]]}},{"type":"Feature","properties":{"nombre":"Javiera Carrera","jerarquia":5},"geometry":{"type":"LineString","coordinates":[[-68.94058,-22.466],[-68.94116,-22.46604]]}},{"type":"Feature","properties":{"nombre":"Aníbal Pinto","jerarquia":5},"geometry":{"type":"LineString","coordinates":[[-68.9305,-22.46494],[-68.93054,-22.46448]]}},{"type":"Feature","properties":{"nombre":"Aníbal Pinto","jerarquia":5},"geometry":{"type":"LineString","coordinates":[[-68.93054,-22.46448],[-68.93059,-22.46352]]}},{"type":"Feature","properties":{"nombre":"Aldunate","jerarquia":4},"geometry":{"type":"LineString","coordinates":[[-68.9371,-22.47135],[-68.937,-22.47171]]}},{"type":"Feature","properties":{"nombre":"Aldunate","jerarquia":4},"geometry":{"type":"LineString","coordinates":[[-68.937,-22.47171],[-68.93689,-22.47204]]}},{"type":"Feature","properties":{"nombre":"Las Vegas","jerarquia":4},"geometry":{"type":"LineString","coordinates":[[-68.93661,-22.47218],[-68.93657,-22.47222]]}},{"type":"Feature","properties":{"nombre":"Las Vegas","jerarquia":4},"geometry":{"type":"LineString","coordinates":[[-68.93657,-22.47222],[-68.93627,-22.4732]]}},{"type":"Feature","properties":{"nombre":"Las Vegas","jerarquia":4},"geometry":{"type":"LineString","coordinates":[[-68.93627,-22.4732],[-68.93606,-22.47385]]}},{"type":"Feature","properties":{"nombre":"Las Vegas","jerarquia":4},"geometry":{"type":"LineString","coordinates":[[-68.93606,-22.47385],[-68.93593,-22.47426]]}},{"type":"Feature","properties":{"nombre":"Las Vegas","jerarquia":4},"geometry":{"type":"LineString","coordinates":[[-68.93593,-22.47426],[-68.9358,-22.47467]]}},{"type":"Feature","properties":{"nombre":"Las Vegas","jerarquia":4},"geometry":{"type":"LineString","coordinates":[[-68.9358,-22.47467],[-68.93562,-22.47522]]}},{"type":"Feature","properties":{"nombre":"Las Vegas","jerarquia":4},"geometry":{"type":"LineString","coordinates":[[-68.93562,-22.47522],[-68.93547,-22.47572]]}},{"type":"Feature","properties":{"nombre":"Las Vegas","jerarquia":4},"geometry":{"type":"LineString","coordinates":[[-68.93547,-22.47572],[-68.93534,-22.47615]]}},{"type":"Feature","properties":{"nombre":"Las Vegas","jerarquia":4},"geometry":{"type":"LineString","coordinates":[[-68.93534,-22.47615],[-68.93508,-22.47692]]}},{"type":"Feature","properties":{"nombre":"Las Vegas","jerarquia":4},"geometry":{"type":"LineString","coordinates":[[-68.93508,-22.47692],[-68.93494,-22.47736]]}},{"type":"Feature","properties":{"nombre":"Las Vegas","jerarquia":4},"geometry":{"type":"LineString","coordinates":[[-68.93494,-22.47736],[-68.93487,-22.47757]]}},{"type":"Feature","properties":{"nombre":"Las Vegas","jerarquia":4},"geometry":{"type":"LineString","coordinates":[[-68.93487,-22.47757],[-68.93474,-22.478]]}},{"type":"Feature","properties":{"nombre":"Las Vegas","jerarquia":4},"geometry":{"type":"LineString","coordinates":[[-68.93474,-22.478],[-68.9346,-22.47841]]}},{"type":"Feature","properties":{"nombre":"Las Vegas","jerarquia":4},"geometry":{"type":"LineString","coordinates":[[-68.9346,-22.47841],[-68.93439,-22.47906]]}},{"type":"Feature","properties":{"nombre":"Las Vegas","jerarquia":4},"geometry":{"type":"LineString","coordinates":[[-68.93439,-22.47906],[-68.93419,-22.4797]]}},{"type":"Feature","properties":{"nombre":"Las Vegas","jerarquia":4},"geometry":{"type":"LineString","coordinates":[[-68.93419,-22.4797],[-68.93419,-22.47973]]}},{"type":"Feature","properties":{"nombre":"Las Vegas","jerarquia":4},"geometry":{"type":"LineString","coordinates":[[-68.93419,-22.47973],[-68.93406,-22.48013]]}},{"type":"Feature","properties":{"nombre":"Las Vegas","jerarquia":4},"geometry":{"type":"LineString","coordinates":[[-68.93406,-22.48013],[-68.93393,-22.48054]]}},{"type":"Feature","properties":{"nombre":"Las Vegas","jerarquia":4},"geometry":{"type":"LineString","coordinates":[[-68.93393,-22.48054],[-68.93378,-22.481]]}},{"type":"Feature","properties":{"nombre":"Las Vegas","jerarquia":4},"geometry":{"type":"LineString","coordinates":[[-68.93378,-22.481],[-68.93364,-22.48144]]}},{"type":"Feature","properties":{"nombre":"11 Norte","jerarquia":5},"geometry":{"type":"LineString","coordinates":[[-68.91752,-22.44817],[-68.91713,-22.44832]]}},{"type":"Feature","properties":{"nombre":"11 Norte","jerarquia":5},"geometry":{"type":"LineString","coordinates":[[-68.91713,-22.44832],[-68.91601,-22.44874]]}},{"type":"Feature","properties":{"nombre":"11 Norte","jerarquia":5},"geometry":{"type":"LineString","coordinates":[[-68.91601,-22.44874],[-68.91591,-22.44876]]}},{"type":"Feature","properties":{"nombre":"11 Norte","jerarquia":5},"geometry":{"type":"LineString","coordinates":[[-68.91591,-22.44876],[-68.91552,-22.44889]]}},{"type":"Feature","properties":{"nombre":"11 Norte","jerarquia":5},"geometry":{"type":"LineString","coordinates":[[-68.91552,-22.44889],[-68.91455,-22.44923]]}},{"type":"Feature","properties":{"nombre":"11 Norte","jerarquia":5},"geometry":{"type":"LineString","coordinates":[[-68.91455,-22.44923],[-68.91398,-22.44947]]}},{"type":"Feature","properties":{"nombre":"Nueva Oriente","jerarquia":5},"geometry":{"type":"LineString","coordinates":[[-68.91752,-22.44817],[-68.91749,-22.44839]]}},{"type":"Feature","properties":{"nombre":"Nueva Oriente","jerarquia":5},"geometry":{"type":"LineString","coordinates":[[-68.91749,-22.44839],[-68.91739,-22.44894]]}},{"type":"Feature","properties":{"nombre":"Nueva Oriente","jerarquia":5},"geometry":{"type":"LineString","coordinates":[[-68.91739,-22.44894],[-68.91729,-22.44955]]}},{"type":"Feature","properties":{"nombre":"Nueva Oriente","jerarquia":5},"geometry":{"type":"LineString","coordinates":[[-68.91729,-22.44955],[-68.91713,-22.45041]]}},{"type":"Feature","properties":{"nombre":"Nueva Oriente","jerarquia":5},"geometry":{"type":"LineString","coordinates":[[-68.91713,-22.45041],[-68.91703,-22.45093]]}},{"type":"Feature","properties":{"nombre":"Nueva Oriente","jerarquia":5},"geometry":{"type":"LineString","coordinates":[[-68.91703,-22.45093],[-68.91697,-22.45124]]}},{"type":"Feature","properties":{"nombre":"Nueva Oriente","jerarquia":5},"geometry":{"type":"LineString","coordinates":[[-68.91697,-22.45124],[-68.91688,-22.45174],[-68.91691,-22.45184],[-68.91765,-22.45286]]}},{"type":"Feature","properties":{"nombre":"Avenida Regimiento","jerarquia":5},"geometry":{"type":"LineString","coordinates":[[-68.90659,-22.45217],[-68.90764,-22.44949]]}},{"type":"Feature","properties":{"nombre":"Avenida Regimiento","jerarquia":5},"geometry":{"type":"LineString","coordinates":[[-68.90764,-22.44949],[-68.90783,-22.44894]]}},{"type":"Feature","properties":{"nombre":"Avenida Regimiento","jerarquia":5},"geometry":{"type":"LineString","coordinates":[[-68.90783,-22.44894],[-68.90817,-22.4481]]}},{"type":"Feature","properties":{"nombre":"Avenida Regimiento","jerarquia":5},"geometry":{"type":"LineString","coordinates":[[-68.90817,-22.4481],[-68.90849,-22.44726]]}},{"type":"Feature","properties":{"nombre":"Avenida Regimiento","jerarquia":5},"geometry":{"type":"LineString","coordinates":[[-68.90849,-22.44726],[-68.90883,-22.44643],[-68.90881,-22.44626]]}},{"type":"Feature","properties":{"nombre":"Avenida Regimiento","jerarquia":5},"geometry":{"type":"LineString","coordinates":[[-68.90881,-22.44626],[-68.90865,-22.44606]]}},{"type":"Feature","properties":{"nombre":"Quebrada Blanca","jerarquia":5},"geometry":{"type":"LineString","coordinates":[[-68.90993,-22.44487],[-68.90982,-22.44497]]}},{"type":"Feature","properties":{"nombre":"Quebrada Blanca","jerarquia":5},"geometry":{"type":"LineString","coordinates":[[-68.90982,-22.44497],[-68.90951,-22.44527]]}},{"type":"Feature","properties":{"nombre":"Quebrada Blanca","jerarquia":5},"geometry":{"type":"LineString","coordinates":[[-68.90951,-22.44527],[-68.90916,-22.44562]]}},{"type":"Feature","properties":{"nombre":"Quebrada Blanca","jerarquia":5},"geometry":{"type":"LineString","coordinates":[[-68.90916,-22.44562],[-68.90865,-22.44606]]}},{"type":"Feature","properties":{"nombre":"Quebrada Blanca","jerarquia":5},"geometry":{"type":"LineString","coordinates":[[-68.90865,-22.44606],[-68.90841,-22.44624]]}},{"type":"Feature","properties":{"nombre":"Quebrada Blanca","jerarquia":5},"geometry":{"type":"LineString","coordinates":[[-68.90841,-22.44624],[-68.90777,-22.44659]]}},{"type":"Feature","properties":{"nombre":"Quebrada Blanca","jerarquia":5},"geometry":{"type":"LineString","coordinates":[[-68.90777,-22.44659],[-68.90696,-22.44687],[-68.90622,-22.44724]]}},{"type":"Feature","properties":{"nombre":"Quebrada Blanca","jerarquia":5},"geometry":{"type":"LineString","coordinates":[[-68.90622,-22.44724],[-68.90511,-22.44747]]}},{"type":"Feature","properties":{"nombre":"Quebrada Blanca","jerarquia":5},"geometry":{"type":"LineString","coordinates":[[-68.90511,-22.44747],[-68.90475,-22.44752]]}},{"type":"Feature","properties":{"nombre":"Quebrada Blanca","jerarquia":5},"geometry":{"type":"LineString","coordinates":[[-68.90475,-22.44752],[-68.90448,-22.44759],[-68.90415,-22.44778]]}},{"type":"Feature","properties":{"nombre":"Quebrada Blanca","jerarquia":5},"geometry":{"type":"LineString","coordinates":[[-68.91003,-22.44479],[-68.90993,-22.44487]]}},{"type":"Feature","properties":{"nombre":"Chorrillos","jerarquia":5},"geometry":{"type":"LineString","coordinates":[[-68.91462,-22.45353],[-68.91442,-22.45358]]}},{"type":"Feature","properties":{"nombre":"","jerarquia":3},"geometry":{"type":"LineString","coordinates":[[-68.92526,-22.48814],[-68.925,-22.48861],[-68.92485,-22.48917]]}},{"type":"Feature","properties":{"nombre":"Avenida Libertador Bernardo O'Higgins","jerarquia":3},"geometry":{"type":"LineString","coordinates":[[-68.92613,-22.48697],[-68.92899,-22.48362]]}},{"type":"Feature","properties":{"nombre":"Avenida Libertador Bernardo O'Higgins","jerarquia":3},"geometry":{"type":"LineString","coordinates":[[-68.92613,-22.48697],[-68.92575,-22.48756],[-68.92526,-22.48814]]}},{"type":"Feature","properties":{"nombre":"Balmaceda","jerarquia":3},"geometry":{"type":"LineString","coordinates":[[-68.92485,-22.48917],[-68.92481,-22.48961],[-68.92485,-22.49]]}},{"type":"Feature","properties":{"nombre":"Balmaceda","jerarquia":3},"geometry":{"type":"LineString","coordinates":[[-68.92485,-22.49],[-68.92491,-22.49026]]}},{"type":"Feature","properties":{"nombre":"Balmaceda","jerarquia":3},"geometry":{"type":"LineString","coordinates":[[-68.92491,-22.49026],[-68.92509,-22.49099]]}},{"type":"Feature","properties":{"nombre":"Balmaceda","jerarquia":3},"geometry":{"type":"LineString","coordinates":[[-68.92418,-22.48851],[-68.92394,-22.48795],[-68.92376,-22.48716]]}},{"type":"Feature","properties":{"nombre":"Balmaceda","jerarquia":3},"geometry":{"type":"LineString","coordinates":[[-68.92376,-22.48716],[-68.9233,-22.48472],[-68.92314,-22.48271]]}},{"type":"Feature","properties":{"nombre":"Balmaceda","jerarquia":3},"geometry":{"type":"LineString","coordinates":[[-68.92314,-22.48271],[-68.92314,-22.48242]]}},{"type":"Feature","properties":{"nombre":"Balmaceda","jerarquia":3},"geometry":{"type":"LineString","coordinates":[[-68.92314,-22.48242],[-68.92316,-22.47993]]}},{"type":"Feature","properties":{"nombre":"","jerarquia":3},"geometry":{"type":"LineString","coordinates":[[-68.92449,-22.48923],[-68.9243,-22.48927]]}},{"type":"Feature","properties":{"nombre":"","jerarquia":3},"geometry":{"type":"LineString","coordinates":[[-68.92464,-22.48852],[-68.92482,-22.48853]]}},{"type":"Feature","properties":{"nombre":"","jerarquia":3},"geometry":{"type":"LineString","coordinates":[[-68.92418,-22.48851],[-68.92425,-22.48834],[-68.92443,-22.48833]]}},{"type":"Feature","properties":{"nombre":"Alcalde José Lira","jerarquia":5},"geometry":{"type":"LineString","coordinates":[[-68.92238,-22.49051],[-68.92121,-22.49097]]}},{"type":"Feature","properties":{"nombre":"Alcalde José Lira","jerarquia":5},"geometry":{"type":"LineString","coordinates":[[-68.92121,-22.49097],[-68.91905,-22.49187]]}},{"type":"Feature","properties":{"nombre":"Alcalde José Lira","jerarquia":5},"geometry":{"type":"LineString","coordinates":[[-68.92233,-22.49045],[-68.92354,-22.48988],[-68.92382,-22.48967],[-68.9242,-22.48928]]}},{"type":"Feature","properties":{"nombre":"","jerarquia":3},"geometry":{"type":"LineString","coordinates":[[-68.9242,-22.48928],[-68.92425,-22.48867]]}},{"type":"Feature","properties":{"nombre":"Alcalde José Lira","jerarquia":5},"geometry":{"type":"LineString","coordinates":[[-68.92219,-22.49024],[-68.92126,-22.49068],[-68.92106,-22.49072]]}},{"type":"Feature","properties":{"nombre":"Alcalde José Lira","jerarquia":5},"geometry":{"type":"LineString","coordinates":[[-68.92106,-22.49072],[-68.92081,-22.49068],[-68.92051,-22.49057]]}},{"type":"Feature","properties":{"nombre":"Alcalde José Lira","jerarquia":5},"geometry":{"type":"LineString","coordinates":[[-68.92051,-22.49057],[-68.91952,-22.48981]]}},{"type":"Feature","properties":{"nombre":"Alcalde José Lira","jerarquia":5},"geometry":{"type":"LineString","coordinates":[[-68.91952,-22.48981],[-68.91915,-22.48948]]}},{"type":"Feature","properties":{"nombre":"Alcalde José Lira","jerarquia":5},"geometry":{"type":"LineString","coordinates":[[-68.91915,-22.48948],[-68.91847,-22.48889]]}},{"type":"Feature","properties":{"nombre":"Alcalde José Lira","jerarquia":5},"geometry":{"type":"LineString","coordinates":[[-68.91847,-22.48889],[-68.91811,-22.48858]]}},{"type":"Feature","properties":{"nombre":"Alcalde José Lira","jerarquia":5},"geometry":{"type":"LineString","coordinates":[[-68.91811,-22.48858],[-68.91775,-22.48826]]}},{"type":"Feature","properties":{"nombre":"","jerarquia":3},"geometry":{"type":"LineString","coordinates":[[-68.92485,-22.48917],[-68.92482,-22.48927],[-68.92473,-22.48934],[-68.92452,-22.48932]]}},{"type":"Feature","properties":{"nombre":"Balmaceda","jerarquia":3},"geometry":{"type":"LineString","coordinates":[[-68.92449,-22.48923],[-68.92444,-22.4891]]}},{"type":"Feature","properties":{"nombre":"Balmaceda","jerarquia":3},"geometry":{"type":"LineString","coordinates":[[-68.92444,-22.4891],[-68.9244,-22.48903]]}},{"type":"Feature","properties":{"nombre":"Balmaceda","jerarquia":3},"geometry":{"type":"LineString","coordinates":[[-68.92316,-22.47952],[-68.92314,-22.47896]]}},{"type":"Feature","properties":{"nombre":"Balmaceda","jerarquia":3},"geometry":{"type":"LineString","coordinates":[[-68.92316,-22.46797],[-68.92319,-22.46802]]}},{"type":"Feature","properties":{"nombre":"Balmaceda","jerarquia":3},"geometry":{"type":"LineString","coordinates":[[-68.92299,-22.46427],[-68.92293,-22.46325]]}},{"type":"Feature","properties":{"nombre":"Balmaceda","jerarquia":3},"geometry":{"type":"LineString","coordinates":[[-68.92293,-22.46325],[-68.92288,-22.46257]]}},{"type":"Feature","properties":{"nombre":"Balmaceda","jerarquia":3},"geometry":{"type":"LineString","coordinates":[[-68.92288,-22.46257],[-68.92288,-22.46251]]}},{"type":"Feature","properties":{"nombre":"Balmaceda","jerarquia":3},"geometry":{"type":"LineString","coordinates":[[-68.92288,-22.46251],[-68.9228,-22.46053]]}},{"type":"Feature","properties":{"nombre":"Balmaceda","jerarquia":3},"geometry":{"type":"LineString","coordinates":[[-68.9228,-22.46053],[-68.92276,-22.45963]]}},{"type":"Feature","properties":{"nombre":"Balmaceda","jerarquia":3},"geometry":{"type":"LineString","coordinates":[[-68.92306,-22.46427],[-68.92301,-22.46467]]}},{"type":"Feature","properties":{"nombre":"Balmaceda","jerarquia":3},"geometry":{"type":"LineString","coordinates":[[-68.92301,-22.46467],[-68.92298,-22.46605]]}},{"type":"Feature","properties":{"nombre":"Balmaceda","jerarquia":3},"geometry":{"type":"LineString","coordinates":[[-68.92298,-22.46605],[-68.92313,-22.46659],[-68.92315,-22.46683],[-68.92316,-22.46797]]}},{"type":"Feature","properties":{"nombre":"Avenida Maipú","jerarquia":4},"geometry":{"type":"LineString","coordinates":[[-68.93917,-22.45337],[-68.93842,-22.45336]]}},{"type":"Feature","properties":{"nombre":"Avenida Maipú","jerarquia":4},"geometry":{"type":"LineString","coordinates":[[-68.93842,-22.45336],[-68.93764,-22.45335]]}},{"type":"Feature","properties":{"nombre":"Avenida Maipú","jerarquia":4},"geometry":{"type":"LineString","coordinates":[[-68.93764,-22.45335],[-68.93687,-22.45334]]}},{"type":"Feature","properties":{"nombre":"Avenida Maipú","jerarquia":4},"geometry":{"type":"LineString","coordinates":[[-68.93687,-22.45334],[-68.9361,-22.45331]]}},{"type":"Feature","properties":{"nombre":"Avenida Maipú","jerarquia":4},"geometry":{"type":"LineString","coordinates":[[-68.9361,-22.45331],[-68.93533,-22.4533]]}},{"type":"Feature","properties":{"nombre":"Avenida Maipú","jerarquia":4},"geometry":{"type":"LineString","coordinates":[[-68.93533,-22.4533],[-68.93454,-22.45327]]}},{"type":"Feature","properties":{"nombre":"Avenida Maipú","jerarquia":4},"geometry":{"type":"LineString","coordinates":[[-68.93454,-22.45327],[-68.93388,-22.45325]]}},{"type":"Feature","properties":{"nombre":"Avenida Maipú","jerarquia":4},"geometry":{"type":"LineString","coordinates":[[-68.93388,-22.45325],[-68.93377,-22.45325]]}},{"type":"Feature","properties":{"nombre":"Avenida Maipú","jerarquia":4},"geometry":{"type":"LineString","coordinates":[[-68.93377,-22.45325],[-68.9337,-22.45325]]}},{"type":"Feature","properties":{"nombre":"Avenida Maipú","jerarquia":4},"geometry":{"type":"LineString","coordinates":[[-68.9337,-22.45325],[-68.93292,-22.45323]]}},{"type":"Feature","properties":{"nombre":"Avenida Maipú","jerarquia":4},"geometry":{"type":"LineString","coordinates":[[-68.93292,-22.45323],[-68.93215,-22.45322]]}},{"type":"Feature","properties":{"nombre":"Avenida Maipú","jerarquia":4},"geometry":{"type":"LineString","coordinates":[[-68.93215,-22.45322],[-68.93135,-22.45319]]}},{"type":"Feature","properties":{"nombre":"Avenida Maipú","jerarquia":4},"geometry":{"type":"LineString","coordinates":[[-68.93135,-22.45319],[-68.93057,-22.45317]]}},{"type":"Feature","properties":{"nombre":"Avenida Maipú","jerarquia":4},"geometry":{"type":"LineString","coordinates":[[-68.93057,-22.45317],[-68.92984,-22.45315]]}},{"type":"Feature","properties":{"nombre":"Avenida Maipú","jerarquia":4},"geometry":{"type":"LineString","coordinates":[[-68.92984,-22.45315],[-68.92956,-22.45323]]}},{"type":"Feature","properties":{"nombre":"Avenida Maipú","jerarquia":4},"geometry":{"type":"LineString","coordinates":[[-68.92956,-22.45323],[-68.92947,-22.45326]]}},{"type":"Feature","properties":{"nombre":"Avenida Maipú","jerarquia":4},"geometry":{"type":"LineString","coordinates":[[-68.92947,-22.45326],[-68.92933,-22.45327]]}},{"type":"Feature","properties":{"nombre":"Avenida Chorrillos","jerarquia":4},"geometry":{"type":"LineString","coordinates":[[-68.92651,-22.45329],[-68.9252,-22.45362]]}},{"type":"Feature","properties":{"nombre":"Avenida Chorrillos","jerarquia":4},"geometry":{"type":"LineString","coordinates":[[-68.9252,-22.45362],[-68.92422,-22.45387]]}},{"type":"Feature","properties":{"nombre":"Avenida Chorrillos","jerarquia":4},"geometry":{"type":"LineString","coordinates":[[-68.92422,-22.45387],[-68.92374,-22.45398]]}},{"type":"Feature","properties":{"nombre":"Alonso de Ercilla","jerarquia":5},"geometry":{"type":"LineString","coordinates":[[-68.93214,-22.45273],[-68.9329,-22.45261]]}},{"type":"Feature","properties":{"nombre":"Alonso de Ercilla","jerarquia":5},"geometry":{"type":"LineString","coordinates":[[-68.9329,-22.45261],[-68.93361,-22.45249]]}},{"type":"Feature","properties":{"nombre":"Alonso de Ercilla","jerarquia":5},"geometry":{"type":"LineString","coordinates":[[-68.93361,-22.45249],[-68.93368,-22.45247]]}},{"type":"Feature","properties":{"nombre":"","jerarquia":5},"geometry":{"type":"LineString","coordinates":[[-68.89424,-22.47336],[-68.89424,-22.47353]]}},{"type":"Feature","properties":{"nombre":"","jerarquia":5},"geometry":{"type":"LineString","coordinates":[[-68.89415,-22.47459],[-68.89407,-22.47452],[-68.89394,-22.47452]]}},{"type":"Feature","properties":{"nombre":"Almirante Grau","jerarquia":2},"geometry":{"type":"LineString","coordinates":[[-68.901,-22.44313],[-68.89977,-22.44288]]}},{"type":"Feature","properties":{"nombre":"Avenida La Paz","jerarquia":3},"geometry":{"type":"LineString","coordinates":[[-68.89929,-22.46897],[-68.90006,-22.46835]]}},{"type":"Feature","properties":{"nombre":"Avenida La Paz","jerarquia":3},"geometry":{"type":"LineString","coordinates":[[-68.90006,-22.46835],[-68.90049,-22.46807]]}},{"type":"Feature","properties":{"nombre":"Avenida La Paz","jerarquia":3},"geometry":{"type":"LineString","coordinates":[[-68.90049,-22.46807],[-68.90085,-22.4679]]}},{"type":"Feature","properties":{"nombre":"Ruta 23 CH","jerarquia":2},"geometry":{"type":"LineString","coordinates":[[-68.89832,-22.46988],[-68.8968,-22.47116]]}},{"type":"Feature","properties":{"nombre":"Almirante Grau","jerarquia":3},"geometry":{"type":"LineString","coordinates":[[-68.90375,-22.4436],[-68.90457,-22.44375]]}},{"type":"Feature","properties":{"nombre":"Almirante Grau","jerarquia":3},"geometry":{"type":"LineString","coordinates":[[-68.90457,-22.44375],[-68.90483,-22.4438]]}},{"type":"Feature","properties":{"nombre":"Almirante Grau","jerarquia":3},"geometry":{"type":"LineString","coordinates":[[-68.90483,-22.4438],[-68.90609,-22.44404]]}},{"type":"Feature","properties":{"nombre":"Almirante Grau","jerarquia":3},"geometry":{"type":"LineString","coordinates":[[-68.90609,-22.44404],[-68.90628,-22.44408]]}},{"type":"Feature","properties":{"nombre":"Almirante Grau","jerarquia":3},"geometry":{"type":"LineString","coordinates":[[-68.90628,-22.44408],[-68.90781,-22.44437]]}},{"type":"Feature","properties":{"nombre":"Almirante Grau","jerarquia":3},"geometry":{"type":"LineString","coordinates":[[-68.90781,-22.44437],[-68.90873,-22.44455]]}},{"type":"Feature","properties":{"nombre":"Almirante Grau","jerarquia":3},"geometry":{"type":"LineString","coordinates":[[-68.90873,-22.44455],[-68.90879,-22.44457]]}},{"type":"Feature","properties":{"nombre":"Almirante Grau","jerarquia":3},"geometry":{"type":"LineString","coordinates":[[-68.90879,-22.44457],[-68.9099,-22.44477]]}},{"type":"Feature","properties":{"nombre":"Almirante Grau","jerarquia":3},"geometry":{"type":"LineString","coordinates":[[-68.9099,-22.44477],[-68.91003,-22.44479]]}},{"type":"Feature","properties":{"nombre":"Almirante Grau","jerarquia":3},"geometry":{"type":"LineString","coordinates":[[-68.91003,-22.44479],[-68.91035,-22.44485]]}},{"type":"Feature","properties":{"nombre":"Almirante Grau","jerarquia":3},"geometry":{"type":"LineString","coordinates":[[-68.91035,-22.44485],[-68.91231,-22.44523]]}},{"type":"Feature","properties":{"nombre":"Almirante Grau","jerarquia":3},"geometry":{"type":"LineString","coordinates":[[-68.91231,-22.44523],[-68.91254,-22.44528]]}},{"type":"Feature","properties":{"nombre":"Almirante Grau","jerarquia":3},"geometry":{"type":"LineString","coordinates":[[-68.91254,-22.44528],[-68.91424,-22.4456]]}},{"type":"Feature","properties":{"nombre":"Almirante Grau","jerarquia":3},"geometry":{"type":"LineString","coordinates":[[-68.91424,-22.4456],[-68.91676,-22.44609]]}},{"type":"Feature","properties":{"nombre":"Ruta 21 CH","jerarquia":2},"geometry":{"type":"LineString","coordinates":[[-68.86722,-22.43655],[-68.86686,-22.43648]]}},{"type":"Feature","properties":{"nombre":"Ruta 21 CH","jerarquia":2},"geometry":{"type":"LineString","coordinates":[[-68.86686,-22.43648],[-68.86524,-22.43617]]}},{"type":"Feature","properties":{"nombre":"Ruta 21 CH","jerarquia":2},"geometry":{"type":"LineString","coordinates":[[-68.86524,-22.43617],[-68.8649,-22.43611]]}},{"type":"Feature","properties":{"nombre":"Ruta 21 CH","jerarquia":2},"geometry":{"type":"LineString","coordinates":[[-68.8649,-22.43611],[-68.86309,-22.43577]]}},{"type":"Feature","properties":{"nombre":"Ruta 21 CH","jerarquia":2},"geometry":{"type":"LineString","coordinates":[[-68.86309,-22.43577],[-68.86254,-22.4357]]}},{"type":"Feature","properties":{"nombre":"Ruta 21 CH","jerarquia":2},"geometry":{"type":"LineString","coordinates":[[-68.86072,-22.43529],[-68.86309,-22.43577]]}},{"type":"Feature","properties":{"nombre":"Ruta 21 CH","jerarquia":2},"geometry":{"type":"LineString","coordinates":[[-68.85159,-22.43357],[-68.85565,-22.43432]]}},{"type":"Feature","properties":{"nombre":"Ruta 21 CH","jerarquia":2},"geometry":{"type":"LineString","coordinates":[[-68.85565,-22.43432],[-68.85613,-22.43442]]}},{"type":"Feature","properties":{"nombre":"Ruta 21 CH","jerarquia":2},"geometry":{"type":"LineString","coordinates":[[-68.85613,-22.43442],[-68.85655,-22.4345]]}},{"type":"Feature","properties":{"nombre":"Ruta 21 CH","jerarquia":2},"geometry":{"type":"LineString","coordinates":[[-68.85655,-22.4345],[-68.86072,-22.43529]]}},{"type":"Feature","properties":{"nombre":"Ruta 21 CH","jerarquia":2},"geometry":{"type":"LineString","coordinates":[[-68.86799,-22.43674],[-68.86722,-22.43655]]}},{"type":"Feature","properties":{"nombre":"Ruta 21 CH","jerarquia":2},"geometry":{"type":"LineString","coordinates":[[-68.86722,-22.43655],[-68.86986,-22.43703]]}},{"type":"Feature","properties":{"nombre":"Ruta 21 CH","jerarquia":2},"geometry":{"type":"LineString","coordinates":[[-68.86254,-22.4357],[-68.86068,-22.43539]]}},{"type":"Feature","properties":{"nombre":"Ruta 21 CH","jerarquia":2},"geometry":{"type":"LineString","coordinates":[[-68.86068,-22.43539],[-68.85611,-22.43454]]}},{"type":"Feature","properties":{"nombre":"Ruta 21 CH","jerarquia":2},"geometry":{"type":"LineString","coordinates":[[-68.85611,-22.43454],[-68.85249,-22.43387],[-68.85162,-22.43367]]}},{"type":"Feature","properties":{"nombre":"","jerarquia":2},"geometry":{"type":"LineString","coordinates":[[-68.8562,-22.43408],[-68.85633,-22.43433],[-68.85655,-22.4345]]}},{"type":"Feature","properties":{"nombre":"Granaderos","jerarquia":3},"geometry":{"type":"LineString","coordinates":[[-68.92927,-22.45603],[-68.92916,-22.45662]]}},{"type":"Feature","properties":{"nombre":"Granaderos","jerarquia":3},"geometry":{"type":"LineString","coordinates":[[-68.92916,-22.45662],[-68.92902,-22.45733]]}},{"type":"Feature","properties":{"nombre":"Granaderos","jerarquia":3},"geometry":{"type":"LineString","coordinates":[[-68.92902,-22.45733],[-68.92896,-22.45759]]}},{"type":"Feature","properties":{"nombre":"Vasco de Gama","jerarquia":5},"geometry":{"type":"LineString","coordinates":[[-68.92934,-22.45451],[-68.92984,-22.45451]]}},{"type":"Feature","properties":{"nombre":"Vasco de Gama","jerarquia":5},"geometry":{"type":"LineString","coordinates":[[-68.92984,-22.45451],[-68.93057,-22.45451]]}},{"type":"Feature","properties":{"nombre":"Vasco de Gama","jerarquia":5},"geometry":{"type":"LineString","coordinates":[[-68.93057,-22.45451],[-68.93137,-22.45454]]}},{"type":"Feature","properties":{"nombre":"Vasco de Gama","jerarquia":5},"geometry":{"type":"LineString","coordinates":[[-68.93137,-22.45454],[-68.93214,-22.45456]]}},{"type":"Feature","properties":{"nombre":"Vasco de Gama","jerarquia":5},"geometry":{"type":"LineString","coordinates":[[-68.93214,-22.45456],[-68.93293,-22.45457]]}},{"type":"Feature","properties":{"nombre":"Vasco de Gama","jerarquia":5},"geometry":{"type":"LineString","coordinates":[[-68.93293,-22.45457],[-68.93358,-22.45459]]}},{"type":"Feature","properties":{"nombre":"Vasco de Gama","jerarquia":5},"geometry":{"type":"LineString","coordinates":[[-68.93358,-22.45459],[-68.93369,-22.45459]]}},{"type":"Feature","properties":{"nombre":"Vasco de Gama","jerarquia":5},"geometry":{"type":"LineString","coordinates":[[-68.93369,-22.45459],[-68.93376,-22.4546]]}},{"type":"Feature","properties":{"nombre":"Vasco de Gama","jerarquia":5},"geometry":{"type":"LineString","coordinates":[[-68.93376,-22.4546],[-68.93452,-22.45461]]}},{"type":"Feature","properties":{"nombre":"Vasco de Gama","jerarquia":5},"geometry":{"type":"LineString","coordinates":[[-68.93452,-22.45461],[-68.93531,-22.45463]]}},{"type":"Feature","properties":{"nombre":"Vasco de Gama","jerarquia":5},"geometry":{"type":"LineString","coordinates":[[-68.93531,-22.45463],[-68.93609,-22.45465]]}},{"type":"Feature","properties":{"nombre":"Vasco de Gama","jerarquia":5},"geometry":{"type":"LineString","coordinates":[[-68.93609,-22.45465],[-68.93686,-22.45466]]}},{"type":"Feature","properties":{"nombre":"Vasco de Gama","jerarquia":5},"geometry":{"type":"LineString","coordinates":[[-68.93686,-22.45466],[-68.93763,-22.45468]]}},{"type":"Feature","properties":{"nombre":"Vasco de Gama","jerarquia":5},"geometry":{"type":"LineString","coordinates":[[-68.93763,-22.45468],[-68.93841,-22.45469]]}},{"type":"Feature","properties":{"nombre":"Vasco de Gama","jerarquia":5},"geometry":{"type":"LineString","coordinates":[[-68.93841,-22.45469],[-68.93918,-22.45471]]}},{"type":"Feature","properties":{"nombre":"Vasco de Gama","jerarquia":5},"geometry":{"type":"LineString","coordinates":[[-68.93918,-22.45471],[-68.93997,-22.45473]]}},{"type":"Feature","properties":{"nombre":"Vasco de Gama","jerarquia":5},"geometry":{"type":"LineString","coordinates":[[-68.93997,-22.45473],[-68.94072,-22.45474]]}},{"type":"Feature","properties":{"nombre":"Vasco de Gama","jerarquia":5},"geometry":{"type":"LineString","coordinates":[[-68.94072,-22.45474],[-68.94155,-22.45476]]}},{"type":"Feature","properties":{"nombre":"Vasco de Gama","jerarquia":5},"geometry":{"type":"LineString","coordinates":[[-68.94155,-22.45476],[-68.94225,-22.45479]]}},{"type":"Feature","properties":{"nombre":"Vasco de Gama","jerarquia":5},"geometry":{"type":"LineString","coordinates":[[-68.94225,-22.45479],[-68.94275,-22.45479]]}},{"type":"Feature","properties":{"nombre":"Vasco de Gama","jerarquia":5},"geometry":{"type":"LineString","coordinates":[[-68.94275,-22.45479],[-68.94394,-22.45482]]}},{"type":"Feature","properties":{"nombre":"Vasco de Gama","jerarquia":5},"geometry":{"type":"LineString","coordinates":[[-68.94394,-22.45482],[-68.94465,-22.45484]]}},{"type":"Feature","properties":{"nombre":"Vasco de Gama","jerarquia":5},"geometry":{"type":"LineString","coordinates":[[-68.94465,-22.45484],[-68.94511,-22.45486]]}},{"type":"Feature","properties":{"nombre":"Vasco de Gama","jerarquia":5},"geometry":{"type":"LineString","coordinates":[[-68.94511,-22.45486],[-68.94517,-22.45486]]}},{"type":"Feature","properties":{"nombre":"Vasco de Gama","jerarquia":5},"geometry":{"type":"LineString","coordinates":[[-68.94517,-22.45486],[-68.94586,-22.45488]]}},{"type":"Feature","properties":{"nombre":"Vasco de Gama","jerarquia":5},"geometry":{"type":"LineString","coordinates":[[-68.94586,-22.45488],[-68.94635,-22.4549]]}},{"type":"Feature","properties":{"nombre":"Huaytiquina","jerarquia":5},"geometry":{"type":"LineString","coordinates":[[-68.91425,-22.43498],[-68.91516,-22.43478]]}},{"type":"Feature","properties":{"nombre":"Huaytiquina","jerarquia":5},"geometry":{"type":"LineString","coordinates":[[-68.91516,-22.43478],[-68.9153,-22.43475]]}},{"type":"Feature","properties":{"nombre":"Huaytiquina","jerarquia":5},"geometry":{"type":"LineString","coordinates":[[-68.9153,-22.43475],[-68.91634,-22.43453]]}},{"type":"Feature","properties":{"nombre":"Huaytiquina","jerarquia":5},"geometry":{"type":"LineString","coordinates":[[-68.91634,-22.43453],[-68.91641,-22.43451]]}},{"type":"Feature","properties":{"nombre":"Balmaceda","jerarquia":3},"geometry":{"type":"LineString","coordinates":[[-68.92485,-22.49051],[-68.9248,-22.49028]]}},{"type":"Feature","properties":{"nombre":"Balmaceda","jerarquia":3},"geometry":{"type":"LineString","coordinates":[[-68.9248,-22.49028],[-68.92452,-22.48932]]}},{"type":"Feature","properties":{"nombre":"Balmaceda","jerarquia":3},"geometry":{"type":"LineString","coordinates":[[-68.92443,-22.48833],[-68.92464,-22.48852]]}},{"type":"Feature","properties":{"nombre":"Avenida Libertador Bernardo O'Higgins","jerarquia":3},"geometry":{"type":"LineString","coordinates":[[-68.92526,-22.48814],[-68.92477,-22.48872]]}},{"type":"Feature","properties":{"nombre":"Avenida Libertador Bernardo O'Higgins","jerarquia":3},"geometry":{"type":"LineString","coordinates":[[-68.92477,-22.48872],[-68.92444,-22.4891]]}},{"type":"Feature","properties":{"nombre":"Balmaceda","jerarquia":3},"geometry":{"type":"LineString","coordinates":[[-68.9244,-22.48903],[-68.92425,-22.48867]]}},{"type":"Feature","properties":{"nombre":"Balmaceda","jerarquia":3},"geometry":{"type":"LineString","coordinates":[[-68.92472,-22.48865],[-68.92477,-22.48872]]}},{"type":"Feature","properties":{"nombre":"Balmaceda","jerarquia":3},"geometry":{"type":"LineString","coordinates":[[-68.92477,-22.48872],[-68.92485,-22.48917]]}},{"type":"Feature","properties":{"nombre":"Punta de Rieles","jerarquia":5},"geometry":{"type":"LineString","coordinates":[[-68.92519,-22.43269],[-68.92511,-22.4327]]}},{"type":"Feature","properties":{"nombre":"Punta de Rieles","jerarquia":5},"geometry":{"type":"LineString","coordinates":[[-68.92511,-22.4327],[-68.92474,-22.43277]]}},{"type":"Feature","properties":{"nombre":"Punta de Rieles","jerarquia":5},"geometry":{"type":"LineString","coordinates":[[-68.92474,-22.43277],[-68.92448,-22.43281]]}},{"type":"Feature","properties":{"nombre":"Punta de Rieles","jerarquia":5},"geometry":{"type":"LineString","coordinates":[[-68.92448,-22.43281],[-68.92401,-22.4329]]}},{"type":"Feature","properties":{"nombre":"Punta de Rieles","jerarquia":5},"geometry":{"type":"LineString","coordinates":[[-68.92401,-22.4329],[-68.92319,-22.43305]]}},{"type":"Feature","properties":{"nombre":"Punta de Rieles","jerarquia":5},"geometry":{"type":"LineString","coordinates":[[-68.92319,-22.43305],[-68.92314,-22.43306]]}},{"type":"Feature","properties":{"nombre":"Punta de Rieles","jerarquia":5},"geometry":{"type":"LineString","coordinates":[[-68.92314,-22.43306],[-68.92243,-22.43318]]}},{"type":"Feature","properties":{"nombre":"Punta de Rieles","jerarquia":5},"geometry":{"type":"LineString","coordinates":[[-68.92243,-22.43318],[-68.92188,-22.43328]]}},{"type":"Feature","properties":{"nombre":"Punta de Rieles","jerarquia":5},"geometry":{"type":"LineString","coordinates":[[-68.92188,-22.43328],[-68.92166,-22.43332]]}},{"type":"Feature","properties":{"nombre":"Punta de Rieles","jerarquia":5},"geometry":{"type":"LineString","coordinates":[[-68.92166,-22.43332],[-68.92089,-22.43345]]}},{"type":"Feature","properties":{"nombre":"Punta de Rieles","jerarquia":5},"geometry":{"type":"LineString","coordinates":[[-68.92089,-22.43345],[-68.92006,-22.4336]]}},{"type":"Feature","properties":{"nombre":"","jerarquia":4},"geometry":{"type":"LineString","coordinates":[[-68.92353,-22.45839],[-68.92389,-22.45824]]}},{"type":"Feature","properties":{"nombre":"Calle Ollantay","jerarquia":5},"geometry":{"type":"LineString","coordinates":[[-68.95093,-22.45157],[-68.95092,-22.45188]]}},{"type":"Feature","properties":{"nombre":"Calle Ollantay","jerarquia":5},"geometry":{"type":"LineString","coordinates":[[-68.95092,-22.45188],[-68.95091,-22.45215]]}},{"type":"Feature","properties":{"nombre":"Calle Ollantay","jerarquia":5},"geometry":{"type":"LineString","coordinates":[[-68.95091,-22.45215],[-68.9509,-22.45231]]}},{"type":"Feature","properties":{"nombre":"Calle Ollantay","jerarquia":5},"geometry":{"type":"LineString","coordinates":[[-68.9509,-22.45231],[-68.95089,-22.45264]]}},{"type":"Feature","properties":{"nombre":"Calle Ollantay","jerarquia":5},"geometry":{"type":"LineString","coordinates":[[-68.95089,-22.45264],[-68.95087,-22.45291]]}},{"type":"Feature","properties":{"nombre":"Calle Ollantay","jerarquia":5},"geometry":{"type":"LineString","coordinates":[[-68.95087,-22.45291],[-68.95086,-22.45319]]}},{"type":"Feature","properties":{"nombre":"Calle Ollantay","jerarquia":5},"geometry":{"type":"LineString","coordinates":[[-68.95086,-22.45319],[-68.95084,-22.45366]]}},{"type":"Feature","properties":{"nombre":"Avenida Circunvalación","jerarquia":2},"geometry":{"type":"LineString","coordinates":[[-68.91603,-22.43282],[-68.91592,-22.43285]]}},{"type":"Feature","properties":{"nombre":"Avenida Libertador Bernardo O'Higgins","jerarquia":3},"geometry":{"type":"LineString","coordinates":[[-68.92729,-22.47277],[-68.92788,-22.4745]]}},{"type":"Feature","properties":{"nombre":"Avenida Libertador Bernardo O'Higgins","jerarquia":3},"geometry":{"type":"LineString","coordinates":[[-68.92788,-22.4745],[-68.92817,-22.47534]]}},{"type":"Feature","properties":{"nombre":"Avenida Libertador Bernardo O'Higgins","jerarquia":3},"geometry":{"type":"LineString","coordinates":[[-68.92817,-22.47534],[-68.9282,-22.47543]]}},{"type":"Feature","properties":{"nombre":"Avenida Libertador Bernardo O'Higgins","jerarquia":3},"geometry":{"type":"LineString","coordinates":[[-68.9282,-22.47543],[-68.92839,-22.47599]]}},{"type":"Feature","properties":{"nombre":"Avenida Libertador Bernardo O'Higgins","jerarquia":3},"geometry":{"type":"LineString","coordinates":[[-68.92839,-22.47599],[-68.92851,-22.47633]]}},{"type":"Feature","properties":{"nombre":"Avenida Libertador Bernardo O'Higgins","jerarquia":3},"geometry":{"type":"LineString","coordinates":[[-68.92851,-22.47633],[-68.92859,-22.47658]]}},{"type":"Feature","properties":{"nombre":"Avenida Libertador Bernardo O'Higgins","jerarquia":3},"geometry":{"type":"LineString","coordinates":[[-68.92859,-22.47658],[-68.92869,-22.47687]]}},{"type":"Feature","properties":{"nombre":"Avenida Libertador Bernardo O'Higgins","jerarquia":3},"geometry":{"type":"LineString","coordinates":[[-68.92869,-22.47687],[-68.92927,-22.47858]]}},{"type":"Feature","properties":{"nombre":"Avenida Libertador Bernardo O'Higgins","jerarquia":3},"geometry":{"type":"LineString","coordinates":[[-68.92927,-22.47858],[-68.92928,-22.4786]]}},{"type":"Feature","properties":{"nombre":"Avenida Libertador Bernardo O'Higgins","jerarquia":3},"geometry":{"type":"LineString","coordinates":[[-68.92928,-22.4786],[-68.9293,-22.47865]]}},{"type":"Feature","properties":{"nombre":"Avenida Libertador Bernardo O'Higgins","jerarquia":3},"geometry":{"type":"LineString","coordinates":[[-68.9293,-22.47865],[-68.92936,-22.47884]]}},{"type":"Feature","properties":{"nombre":"Avenida Libertador Bernardo O'Higgins","jerarquia":3},"geometry":{"type":"LineString","coordinates":[[-68.92936,-22.47884],[-68.92941,-22.47898]]}},{"type":"Feature","properties":{"nombre":"Avenida Libertador Bernardo O'Higgins","jerarquia":3},"geometry":{"type":"LineString","coordinates":[[-68.92941,-22.47898],[-68.92957,-22.47945]]}},{"type":"Feature","properties":{"nombre":"Avenida Libertador Bernardo O'Higgins","jerarquia":3},"geometry":{"type":"LineString","coordinates":[[-68.92957,-22.47945],[-68.92962,-22.4796]]}},{"type":"Feature","properties":{"nombre":"","jerarquia":3},"geometry":{"type":"LineString","coordinates":[[-68.92325,-22.47848],[-68.92333,-22.4787],[-68.92344,-22.47884],[-68.92365,-22.47898],[-68.92389,-22.47904]]}},{"type":"Feature","properties":{"nombre":"Almirante Latorre","jerarquia":3},"geometry":{"type":"LineString","coordinates":[[-68.92569,-22.46198],[-68.9258,-22.46081]]}},{"type":"Feature","properties":{"nombre":"Almirante Latorre","jerarquia":3},"geometry":{"type":"LineString","coordinates":[[-68.9258,-22.46081],[-68.92581,-22.46071]]}},{"type":"Feature","properties":{"nombre":"Almirante Latorre","jerarquia":3},"geometry":{"type":"LineString","coordinates":[[-68.92581,-22.46071],[-68.92584,-22.46038]]}},{"type":"Feature","properties":{"nombre":"Almirante Latorre","jerarquia":3},"geometry":{"type":"LineString","coordinates":[[-68.92584,-22.46038],[-68.92595,-22.45924]]}},{"type":"Feature","properties":{"nombre":"Almirante Latorre","jerarquia":3},"geometry":{"type":"LineString","coordinates":[[-68.92595,-22.45924],[-68.92596,-22.45913]]}},{"type":"Feature","properties":{"nombre":"Almirante Latorre","jerarquia":3},"geometry":{"type":"LineString","coordinates":[[-68.92596,-22.45913],[-68.92603,-22.45832]]}},{"type":"Feature","properties":{"nombre":"Almirante Latorre","jerarquia":3},"geometry":{"type":"LineString","coordinates":[[-68.92603,-22.45832],[-68.92603,-22.45824]]}},{"type":"Feature","properties":{"nombre":"Almirante Latorre","jerarquia":3},"geometry":{"type":"LineString","coordinates":[[-68.92603,-22.45824],[-68.92612,-22.45738]]}},{"type":"Feature","properties":{"nombre":"Almirante Latorre","jerarquia":3},"geometry":{"type":"LineString","coordinates":[[-68.92612,-22.45738],[-68.92618,-22.45684]]}},{"type":"Feature","properties":{"nombre":"Granaderos","jerarquia":3},"geometry":{"type":"LineString","coordinates":[[-68.92711,-22.46683],[-68.9265,-22.46897]]}},{"type":"Feature","properties":{"nombre":"Vicuña Mackenna","jerarquia":5},"geometry":{"type":"LineString","coordinates":[[-68.93502,-22.46378],[-68.93599,-22.46382]]}},{"type":"Feature","properties":{"nombre":"Vicuña Mackenna","jerarquia":5},"geometry":{"type":"LineString","coordinates":[[-68.93599,-22.46382],[-68.93735,-22.46388]]}},{"type":"Feature","properties":{"nombre":"Vicuña Mackenna","jerarquia":5},"geometry":{"type":"LineString","coordinates":[[-68.93735,-22.46388],[-68.93856,-22.46393]]}},{"type":"Feature","properties":{"nombre":"Vicuña Mackenna","jerarquia":5},"geometry":{"type":"LineString","coordinates":[[-68.93856,-22.46393],[-68.93976,-22.46398]]}},{"type":"Feature","properties":{"nombre":"Vicuña Mackenna","jerarquia":5},"geometry":{"type":"LineString","coordinates":[[-68.93976,-22.46398],[-68.94076,-22.46402]]}},{"type":"Feature","properties":{"nombre":"Vicuña Mackenna","jerarquia":5},"geometry":{"type":"LineString","coordinates":[[-68.94076,-22.46402],[-68.94155,-22.46405]]}},{"type":"Feature","properties":{"nombre":"Vicuña Mackenna","jerarquia":5},"geometry":{"type":"LineString","coordinates":[[-68.94155,-22.46405],[-68.94189,-22.46407]]}},{"type":"Feature","properties":{"nombre":"Vicuña Mackenna","jerarquia":5},"geometry":{"type":"LineString","coordinates":[[-68.94189,-22.46407],[-68.94251,-22.4641]]}},{"type":"Feature","properties":{"nombre":"Vicuña Mackenna","jerarquia":5},"geometry":{"type":"LineString","coordinates":[[-68.94251,-22.4641],[-68.94289,-22.46411]]}},{"type":"Feature","properties":{"nombre":"Vicuña Mackenna","jerarquia":5},"geometry":{"type":"LineString","coordinates":[[-68.94289,-22.46411],[-68.94329,-22.46413]]}},{"type":"Feature","properties":{"nombre":"Vicuña Mackenna","jerarquia":5},"geometry":{"type":"LineString","coordinates":[[-68.94329,-22.46413],[-68.94333,-22.46413]]}},{"type":"Feature","properties":{"nombre":"Vicuña Mackenna","jerarquia":5},"geometry":{"type":"LineString","coordinates":[[-68.94333,-22.46413],[-68.94424,-22.46417]]}},{"type":"Feature","properties":{"nombre":"Vicuña Mackenna","jerarquia":5},"geometry":{"type":"LineString","coordinates":[[-68.94424,-22.46417],[-68.94441,-22.46418]]}},{"type":"Feature","properties":{"nombre":"Vicuña Mackenna","jerarquia":5},"geometry":{"type":"LineString","coordinates":[[-68.94441,-22.46418],[-68.94549,-22.46422]]}},{"type":"Feature","properties":{"nombre":"Vicuña Mackenna","jerarquia":5},"geometry":{"type":"LineString","coordinates":[[-68.94549,-22.46422],[-68.94601,-22.46425]]}},{"type":"Feature","properties":{"nombre":"Vicuña Mackenna","jerarquia":5},"geometry":{"type":"LineString","coordinates":[[-68.94601,-22.46425],[-68.94718,-22.4643]]}},{"type":"Feature","properties":{"nombre":"Ecuador","jerarquia":3},"geometry":{"type":"LineString","coordinates":[[-68.9265,-22.46897],[-68.92617,-22.46895]]}},{"type":"Feature","properties":{"nombre":"Ecuador","jerarquia":3},"geometry":{"type":"LineString","coordinates":[[-68.92617,-22.46895],[-68.92603,-22.46899]]}},{"type":"Feature","properties":{"nombre":"Ecuador","jerarquia":5},"geometry":{"type":"LineString","coordinates":[[-68.92594,-22.469],[-68.92552,-22.469],[-68.92516,-22.46884]]}},{"type":"Feature","properties":{"nombre":"Ecuador","jerarquia":5},"geometry":{"type":"LineString","coordinates":[[-68.92516,-22.46884],[-68.92486,-22.46868],[-68.92415,-22.46838]]}},{"type":"Feature","properties":{"nombre":"Ecuador","jerarquia":5},"geometry":{"type":"LineString","coordinates":[[-68.92415,-22.46838],[-68.92403,-22.46833]]}},{"type":"Feature","properties":{"nombre":"Ecuador","jerarquia":5},"geometry":{"type":"LineString","coordinates":[[-68.92403,-22.46833],[-68.92376,-22.46823]]}},{"type":"Feature","properties":{"nombre":"Ecuador","jerarquia":5},"geometry":{"type":"LineString","coordinates":[[-68.92376,-22.46823],[-68.9232,-22.46798]]}},{"type":"Feature","properties":{"nombre":"Granaderos","jerarquia":3},"geometry":{"type":"LineString","coordinates":[[-68.92896,-22.45759],[-68.92885,-22.45806]]}},{"type":"Feature","properties":{"nombre":"Granaderos","jerarquia":3},"geometry":{"type":"LineString","coordinates":[[-68.92885,-22.45806],[-68.92881,-22.45821]]}},{"type":"Feature","properties":{"nombre":"Granaderos","jerarquia":3},"geometry":{"type":"LineString","coordinates":[[-68.92881,-22.45821],[-68.92862,-22.45893]]}},{"type":"Feature","properties":{"nombre":"Granaderos","jerarquia":3},"geometry":{"type":"LineString","coordinates":[[-68.92862,-22.45893],[-68.92844,-22.45967]]}},{"type":"Feature","properties":{"nombre":"Granaderos","jerarquia":3},"geometry":{"type":"LineString","coordinates":[[-68.92844,-22.45967],[-68.92842,-22.45976]]}},{"type":"Feature","properties":{"nombre":"Granaderos","jerarquia":3},"geometry":{"type":"LineString","coordinates":[[-68.92842,-22.45976],[-68.92824,-22.46058]]}},{"type":"Feature","properties":{"nombre":"Granaderos","jerarquia":3},"geometry":{"type":"LineString","coordinates":[[-68.92824,-22.46058],[-68.92812,-22.46074]]}},{"type":"Feature","properties":{"nombre":"Granaderos","jerarquia":3},"geometry":{"type":"LineString","coordinates":[[-68.92812,-22.46074],[-68.92805,-22.46084]]}},{"type":"Feature","properties":{"nombre":"Granaderos","jerarquia":3},"geometry":{"type":"LineString","coordinates":[[-68.92805,-22.46084],[-68.92786,-22.46196]]}},{"type":"Feature","properties":{"nombre":"Granaderos","jerarquia":3},"geometry":{"type":"LineString","coordinates":[[-68.92786,-22.46196],[-68.92784,-22.46203]]}},{"type":"Feature","properties":{"nombre":"Granaderos","jerarquia":3},"geometry":{"type":"LineString","coordinates":[[-68.92784,-22.46203],[-68.92774,-22.46286]]}},{"type":"Feature","properties":{"nombre":"Granaderos","jerarquia":3},"geometry":{"type":"LineString","coordinates":[[-68.92774,-22.46286],[-68.92769,-22.46324]]}},{"type":"Feature","properties":{"nombre":"Granaderos","jerarquia":3},"geometry":{"type":"LineString","coordinates":[[-68.92769,-22.46324],[-68.92768,-22.46333]]}},{"type":"Feature","properties":{"nombre":"Granaderos","jerarquia":3},"geometry":{"type":"LineString","coordinates":[[-68.92768,-22.46333],[-68.92755,-22.46541]]}},{"type":"Feature","properties":{"nombre":"Granaderos","jerarquia":3},"geometry":{"type":"LineString","coordinates":[[-68.92755,-22.46541],[-68.92755,-22.46552]]}},{"type":"Feature","properties":{"nombre":"Granaderos","jerarquia":3},"geometry":{"type":"LineString","coordinates":[[-68.92755,-22.46552],[-68.92711,-22.46683]]}},{"type":"Feature","properties":{"nombre":"Avenida Grecia","jerarquia":4},"geometry":{"type":"LineString","coordinates":[[-68.93337,-22.4622],[-68.93339,-22.46166]]}},{"type":"Feature","properties":{"nombre":"Central Sur","jerarquia":5},"geometry":{"type":"LineString","coordinates":[[-68.92081,-22.43934],[-68.9207,-22.43935]]}},{"type":"Feature","properties":{"nombre":"Central Sur","jerarquia":5},"geometry":{"type":"LineString","coordinates":[[-68.9207,-22.43935],[-68.92036,-22.43941]]}},{"type":"Feature","properties":{"nombre":"Central Sur","jerarquia":5},"geometry":{"type":"LineString","coordinates":[[-68.92036,-22.43941],[-68.92025,-22.43943]]}},{"type":"Feature","properties":{"nombre":"Central Sur","jerarquia":5},"geometry":{"type":"LineString","coordinates":[[-68.92025,-22.43943],[-68.91842,-22.43975]]}},{"type":"Feature","properties":{"nombre":"Central Sur","jerarquia":5},"geometry":{"type":"LineString","coordinates":[[-68.91842,-22.43975],[-68.91782,-22.43985]]}},{"type":"Feature","properties":{"nombre":"Central Sur","jerarquia":5},"geometry":{"type":"LineString","coordinates":[[-68.91782,-22.43985],[-68.91774,-22.43986]]}},{"type":"Feature","properties":{"nombre":"Hurtado de Mendoza","jerarquia":4},"geometry":{"type":"LineString","coordinates":[[-68.93405,-22.45611],[-68.93451,-22.45612]]}},{"type":"Feature","properties":{"nombre":"Hurtado de Mendoza","jerarquia":4},"geometry":{"type":"LineString","coordinates":[[-68.93451,-22.45612],[-68.93506,-22.45613]]}},{"type":"Feature","properties":{"nombre":"Hurtado de Mendoza","jerarquia":4},"geometry":{"type":"LineString","coordinates":[[-68.93506,-22.45613],[-68.93531,-22.45614]]}},{"type":"Feature","properties":{"nombre":"Hurtado de Mendoza","jerarquia":4},"geometry":{"type":"LineString","coordinates":[[-68.93531,-22.45614],[-68.93609,-22.45615]]}},{"type":"Feature","properties":{"nombre":"Hurtado de Mendoza","jerarquia":4},"geometry":{"type":"LineString","coordinates":[[-68.93609,-22.45615],[-68.93685,-22.45617]]}},{"type":"Feature","properties":{"nombre":"Hurtado de Mendoza","jerarquia":4},"geometry":{"type":"LineString","coordinates":[[-68.93685,-22.45617],[-68.93762,-22.45618]]}},{"type":"Feature","properties":{"nombre":"Hurtado de Mendoza","jerarquia":4},"geometry":{"type":"LineString","coordinates":[[-68.93762,-22.45618],[-68.93842,-22.4562]]}},{"type":"Feature","properties":{"nombre":"Hurtado de Mendoza","jerarquia":4},"geometry":{"type":"LineString","coordinates":[[-68.93842,-22.4562],[-68.93916,-22.45621]]}},{"type":"Feature","properties":{"nombre":"Hurtado de Mendoza","jerarquia":4},"geometry":{"type":"LineString","coordinates":[[-68.93366,-22.45614],[-68.93373,-22.45613]]}},{"type":"Feature","properties":{"nombre":"Hurtado de Mendoza","jerarquia":4},"geometry":{"type":"LineString","coordinates":[[-68.93373,-22.45613],[-68.93389,-22.45612]]}},{"type":"Feature","properties":{"nombre":"Hurtado de Mendoza","jerarquia":4},"geometry":{"type":"LineString","coordinates":[[-68.93389,-22.45612],[-68.93405,-22.45611]]}},{"type":"Feature","properties":{"nombre":"Hurtado de Mendoza","jerarquia":4},"geometry":{"type":"LineString","coordinates":[[-68.93366,-22.45614],[-68.93353,-22.45621],[-68.93333,-22.45625]]}},{"type":"Feature","properties":{"nombre":"Hurtado de Mendoza","jerarquia":4},"geometry":{"type":"LineString","coordinates":[[-68.93333,-22.45625],[-68.93295,-22.45625]]}},{"type":"Feature","properties":{"nombre":"Hurtado de Mendoza","jerarquia":4},"geometry":{"type":"LineString","coordinates":[[-68.93295,-22.45625],[-68.93213,-22.45627]]}},{"type":"Feature","properties":{"nombre":"Hurtado de Mendoza","jerarquia":4},"geometry":{"type":"LineString","coordinates":[[-68.93213,-22.45627],[-68.93137,-22.45625]]}},{"type":"Feature","properties":{"nombre":"Hurtado de Mendoza","jerarquia":4},"geometry":{"type":"LineString","coordinates":[[-68.93137,-22.45625],[-68.9306,-22.45625]]}},{"type":"Feature","properties":{"nombre":"Hurtado de Mendoza","jerarquia":4},"geometry":{"type":"LineString","coordinates":[[-68.9306,-22.45625],[-68.93042,-22.45625]]}},{"type":"Feature","properties":{"nombre":"Tarapacá","jerarquia":3},"geometry":{"type":"LineString","coordinates":[[-68.92618,-22.45684],[-68.92709,-22.45709]]}},{"type":"Feature","properties":{"nombre":"Tarapacá","jerarquia":3},"geometry":{"type":"LineString","coordinates":[[-68.92709,-22.45709],[-68.92753,-22.45721]]}},{"type":"Feature","properties":{"nombre":"Tarapacá","jerarquia":3},"geometry":{"type":"LineString","coordinates":[[-68.92753,-22.45721],[-68.92896,-22.45759]]}},{"type":"Feature","properties":{"nombre":"Balmaceda","jerarquia":3},"geometry":{"type":"LineString","coordinates":[[-68.92259,-22.45705],[-68.92263,-22.45725]]}},{"type":"Feature","properties":{"nombre":"Balmaceda","jerarquia":3},"geometry":{"type":"LineString","coordinates":[[-68.92263,-22.45725],[-68.92269,-22.4577]]}},{"type":"Feature","properties":{"nombre":"Balmaceda","jerarquia":3},"geometry":{"type":"LineString","coordinates":[[-68.92269,-22.4577],[-68.92274,-22.45811]]}},{"type":"Feature","properties":{"nombre":"Balmaceda","jerarquia":3},"geometry":{"type":"LineString","coordinates":[[-68.92274,-22.45811],[-68.92284,-22.45965]]}},{"type":"Feature","properties":{"nombre":"Balmaceda","jerarquia":3},"geometry":{"type":"LineString","coordinates":[[-68.92284,-22.45965],[-68.92287,-22.46054]]}},{"type":"Feature","properties":{"nombre":"Balmaceda","jerarquia":3},"geometry":{"type":"LineString","coordinates":[[-68.92287,-22.46054],[-68.92293,-22.46245]]}},{"type":"Feature","properties":{"nombre":"Balmaceda","jerarquia":3},"geometry":{"type":"LineString","coordinates":[[-68.92293,-22.46245],[-68.92293,-22.46251]]}},{"type":"Feature","properties":{"nombre":"Balmaceda","jerarquia":3},"geometry":{"type":"LineString","coordinates":[[-68.92293,-22.46251],[-68.92297,-22.46324]]}},{"type":"Feature","properties":{"nombre":"Balmaceda","jerarquia":3},"geometry":{"type":"LineString","coordinates":[[-68.92297,-22.46324],[-68.92306,-22.46427]]}},{"type":"Feature","properties":{"nombre":"Avenida Chorrillos","jerarquia":4},"geometry":{"type":"LineString","coordinates":[[-68.92374,-22.45398],[-68.92304,-22.45416]]}},{"type":"Feature","properties":{"nombre":"","jerarquia":2},"geometry":{"type":"LineString","coordinates":[[-68.91702,-22.42796],[-68.91655,-22.42795],[-68.91614,-22.42777],[-68.91588,-22.42747],[-68.91573,-22.42703]]}},{"type":"Feature","properties":{"nombre":"Avenida Maipú","jerarquia":4},"geometry":{"type":"LineString","coordinates":[[-68.92933,-22.45327],[-68.92924,-22.45328]]}},{"type":"Feature","properties":{"nombre":"Avenida Maipú","jerarquia":4},"geometry":{"type":"LineString","coordinates":[[-68.92924,-22.45328],[-68.92851,-22.45328]]}},{"type":"Feature","properties":{"nombre":"Avenida Maipú","jerarquia":4},"geometry":{"type":"LineString","coordinates":[[-68.92851,-22.45328],[-68.92793,-22.45328]]}},{"type":"Feature","properties":{"nombre":"Avenida Maipú","jerarquia":4},"geometry":{"type":"LineString","coordinates":[[-68.92793,-22.45328],[-68.92731,-22.45328]]}},{"type":"Feature","properties":{"nombre":"Avenida Maipú","jerarquia":4},"geometry":{"type":"LineString","coordinates":[[-68.92731,-22.45328],[-68.92678,-22.45328]]}},{"type":"Feature","properties":{"nombre":"Avenida Maipú","jerarquia":4},"geometry":{"type":"LineString","coordinates":[[-68.92678,-22.45328],[-68.92651,-22.45329]]}},{"type":"Feature","properties":{"nombre":"Avenida Balmaceda","jerarquia":3},"geometry":{"type":"LineString","coordinates":[[-68.92189,-22.45445],[-68.92201,-22.45487]]}},{"type":"Feature","properties":{"nombre":"Avenida Balmaceda","jerarquia":3},"geometry":{"type":"LineString","coordinates":[[-68.92201,-22.45487],[-68.92253,-22.45678]]}},{"type":"Feature","properties":{"nombre":"Avenida Balmaceda","jerarquia":3},"geometry":{"type":"LineString","coordinates":[[-68.92253,-22.45678],[-68.92257,-22.45698]]}},{"type":"Feature","properties":{"nombre":"Avenida Balmaceda","jerarquia":3},"geometry":{"type":"LineString","coordinates":[[-68.92257,-22.45698],[-68.92259,-22.45705]]}},{"type":"Feature","properties":{"nombre":"Avenida Los Chorrillos","jerarquia":4},"geometry":{"type":"LineString","coordinates":[[-68.92189,-22.45445],[-68.92178,-22.45447]]}},{"type":"Feature","properties":{"nombre":"Avenida Balmaceda","jerarquia":3},"geometry":{"type":"LineString","coordinates":[[-68.92176,-22.45438],[-68.92125,-22.45251]]}},{"type":"Feature","properties":{"nombre":"Avenida Balmaceda","jerarquia":3},"geometry":{"type":"LineString","coordinates":[[-68.92125,-22.45251],[-68.92122,-22.45241]]}},{"type":"Feature","properties":{"nombre":"Avenida Balmaceda","jerarquia":3},"geometry":{"type":"LineString","coordinates":[[-68.92122,-22.45241],[-68.92108,-22.45194]]}},{"type":"Feature","properties":{"nombre":"Avenida Balmaceda","jerarquia":3},"geometry":{"type":"LineString","coordinates":[[-68.92108,-22.45194],[-68.92104,-22.45183]]}},{"type":"Feature","properties":{"nombre":"Avenida Balmaceda","jerarquia":3},"geometry":{"type":"LineString","coordinates":[[-68.92104,-22.45183],[-68.92061,-22.45027]]}},{"type":"Feature","properties":{"nombre":"Avenida Balmaceda","jerarquia":3},"geometry":{"type":"LineString","coordinates":[[-68.92061,-22.45027],[-68.91989,-22.44778]]}},{"type":"Feature","properties":{"nombre":"Avenida Balmaceda","jerarquia":3},"geometry":{"type":"LineString","coordinates":[[-68.91989,-22.44778],[-68.91987,-22.4477]]}},{"type":"Feature","properties":{"nombre":"Pedro León Gallo","jerarquia":4},"geometry":{"type":"LineString","coordinates":[[-68.92658,-22.46539],[-68.9255,-22.46518]]}},{"type":"Feature","properties":{"nombre":"Pedro León Gallo","jerarquia":4},"geometry":{"type":"LineString","coordinates":[[-68.9255,-22.46518],[-68.92539,-22.46516]]}},{"type":"Feature","properties":{"nombre":"Pedro León Gallo","jerarquia":4},"geometry":{"type":"LineString","coordinates":[[-68.92539,-22.46516],[-68.92449,-22.46497]]}},{"type":"Feature","properties":{"nombre":"Pedro León Gallo","jerarquia":4},"geometry":{"type":"LineString","coordinates":[[-68.92449,-22.46497],[-68.92436,-22.46495]]}},{"type":"Feature","properties":{"nombre":"Pedro León Gallo","jerarquia":4},"geometry":{"type":"LineString","coordinates":[[-68.92436,-22.46495],[-68.92301,-22.46467]]}},{"type":"Feature","properties":{"nombre":"Eduardo Abaroa","jerarquia":5},"geometry":{"type":"LineString","coordinates":[[-68.92658,-22.46539],[-68.92668,-22.4651]]}},{"type":"Feature","properties":{"nombre":"Eduardo Abaroa","jerarquia":5},"geometry":{"type":"LineString","coordinates":[[-68.92668,-22.4651],[-68.92687,-22.4634]]}},{"type":"Feature","properties":{"nombre":"Eduardo Abaroa","jerarquia":5},"geometry":{"type":"LineString","coordinates":[[-68.92687,-22.4634],[-68.92688,-22.46332]]}},{"type":"Feature","properties":{"nombre":"Eduardo Abaroa","jerarquia":5},"geometry":{"type":"LineString","coordinates":[[-68.92688,-22.46332],[-68.92693,-22.46288]]}},{"type":"Feature","properties":{"nombre":"Eduardo Abaroa","jerarquia":5},"geometry":{"type":"LineString","coordinates":[[-68.92693,-22.46288],[-68.92694,-22.4628]]}},{"type":"Feature","properties":{"nombre":"Eduardo Abaroa","jerarquia":5},"geometry":{"type":"LineString","coordinates":[[-68.92694,-22.4628],[-68.92694,-22.46209]]}},{"type":"Feature","properties":{"nombre":"Eduardo Abaroa","jerarquia":5},"geometry":{"type":"LineString","coordinates":[[-68.92694,-22.46209],[-68.92698,-22.46088]]}},{"type":"Feature","properties":{"nombre":"Eduardo Abaroa","jerarquia":5},"geometry":{"type":"LineString","coordinates":[[-68.92698,-22.46088],[-68.92698,-22.46077]]}},{"type":"Feature","properties":{"nombre":"Eduardo Abaroa","jerarquia":5},"geometry":{"type":"LineString","coordinates":[[-68.92698,-22.46077],[-68.927,-22.46047]]}},{"type":"Feature","properties":{"nombre":"Eduardo Abaroa","jerarquia":5},"geometry":{"type":"LineString","coordinates":[[-68.927,-22.46047],[-68.92714,-22.45953]]}},{"type":"Feature","properties":{"nombre":"Eduardo Abaroa","jerarquia":5},"geometry":{"type":"LineString","coordinates":[[-68.92714,-22.45953],[-68.92716,-22.45945]]}},{"type":"Feature","properties":{"nombre":"Eduardo Abaroa","jerarquia":5},"geometry":{"type":"LineString","coordinates":[[-68.92716,-22.45945],[-68.92729,-22.45866]]}},{"type":"Feature","properties":{"nombre":"Eduardo Abaroa","jerarquia":5},"geometry":{"type":"LineString","coordinates":[[-68.92729,-22.45866],[-68.92731,-22.45858]]}},{"type":"Feature","properties":{"nombre":"Eduardo Abaroa","jerarquia":5},"geometry":{"type":"LineString","coordinates":[[-68.92731,-22.45858],[-68.92753,-22.45721]]}},{"type":"Feature","properties":{"nombre":"Balmaceda","jerarquia":3},"geometry":{"type":"LineString","coordinates":[[-68.92276,-22.45963],[-68.92266,-22.45808]]}},{"type":"Feature","properties":{"nombre":"Balmaceda","jerarquia":3},"geometry":{"type":"LineString","coordinates":[[-68.92266,-22.45808],[-68.92263,-22.45789]]}},{"type":"Feature","properties":{"nombre":"Balmaceda","jerarquia":3},"geometry":{"type":"LineString","coordinates":[[-68.92263,-22.45789],[-68.92258,-22.45758]]}},{"type":"Feature","properties":{"nombre":"Diego de Almagro","jerarquia":5},"geometry":{"type":"LineString","coordinates":[[-68.94682,-22.44525],[-68.94563,-22.44545]]}},{"type":"Feature","properties":{"nombre":"","jerarquia":2},"geometry":{"type":"LineString","coordinates":[[-68.89667,-22.44194],[-68.89678,-22.44215],[-68.89701,-22.44233]]}},{"type":"Feature","properties":{"nombre":"","jerarquia":2},"geometry":{"type":"LineString","coordinates":[[-68.89617,-22.44216],[-68.89642,-22.4421],[-68.89667,-22.44194]]}},{"type":"Feature","properties":{"nombre":"Avenida Granaderos","jerarquia":4},"geometry":{"type":"LineString","coordinates":[[-68.92762,-22.44517],[-68.92736,-22.4439]]}},{"type":"Feature","properties":{"nombre":"Avenida Granaderos","jerarquia":4},"geometry":{"type":"LineString","coordinates":[[-68.92736,-22.4439],[-68.92709,-22.44253]]}},{"type":"Feature","properties":{"nombre":"Avenida Granaderos","jerarquia":4},"geometry":{"type":"LineString","coordinates":[[-68.92709,-22.44253],[-68.92696,-22.44194]]}},{"type":"Feature","properties":{"nombre":"Avenida Granaderos","jerarquia":4},"geometry":{"type":"LineString","coordinates":[[-68.92696,-22.44194],[-68.92695,-22.44189]]}},{"type":"Feature","properties":{"nombre":"Avenida Granaderos","jerarquia":4},"geometry":{"type":"LineString","coordinates":[[-68.92695,-22.44189],[-68.92672,-22.44071]]}},{"type":"Feature","properties":{"nombre":"Avenida Granaderos","jerarquia":4},"geometry":{"type":"LineString","coordinates":[[-68.92672,-22.44071],[-68.92649,-22.43955]]}},{"type":"Feature","properties":{"nombre":"Avenida Granaderos","jerarquia":4},"geometry":{"type":"LineString","coordinates":[[-68.92649,-22.43955],[-68.92648,-22.43948]]}},{"type":"Feature","properties":{"nombre":"Avenida Granaderos","jerarquia":4},"geometry":{"type":"LineString","coordinates":[[-68.92648,-22.43948],[-68.92647,-22.43943]]}},{"type":"Feature","properties":{"nombre":"Avenida Granaderos","jerarquia":4},"geometry":{"type":"LineString","coordinates":[[-68.92647,-22.43943],[-68.92626,-22.43841]]}},{"type":"Feature","properties":{"nombre":"Avenida Granaderos","jerarquia":4},"geometry":{"type":"LineString","coordinates":[[-68.92626,-22.43841],[-68.92625,-22.43835]]}},{"type":"Feature","properties":{"nombre":"Avenida Granaderos","jerarquia":4},"geometry":{"type":"LineString","coordinates":[[-68.92625,-22.43835],[-68.92623,-22.43826]]}},{"type":"Feature","properties":{"nombre":"Avenida Granaderos","jerarquia":4},"geometry":{"type":"LineString","coordinates":[[-68.92623,-22.43826],[-68.92598,-22.437]]}},{"type":"Feature","properties":{"nombre":"Avenida Granaderos","jerarquia":4},"geometry":{"type":"LineString","coordinates":[[-68.92598,-22.437],[-68.92577,-22.43597]]}},{"type":"Feature","properties":{"nombre":"Avenida Granaderos","jerarquia":4},"geometry":{"type":"LineString","coordinates":[[-68.92577,-22.43597],[-68.92575,-22.43585]]}},{"type":"Feature","properties":{"nombre":"Avenida Granaderos","jerarquia":4},"geometry":{"type":"LineString","coordinates":[[-68.92575,-22.43585],[-68.92561,-22.43516]]}},{"type":"Feature","properties":{"nombre":"Avenida Granaderos","jerarquia":4},"geometry":{"type":"LineString","coordinates":[[-68.92561,-22.43516],[-68.92552,-22.43469]]}},{"type":"Feature","properties":{"nombre":"Avenida Granaderos","jerarquia":4},"geometry":{"type":"LineString","coordinates":[[-68.92552,-22.43469],[-68.92538,-22.434]]}},{"type":"Feature","properties":{"nombre":"Avenida Granaderos","jerarquia":4},"geometry":{"type":"LineString","coordinates":[[-68.92538,-22.434],[-68.9253,-22.43361]]}},{"type":"Feature","properties":{"nombre":"Avenida Granaderos","jerarquia":4},"geometry":{"type":"LineString","coordinates":[[-68.9253,-22.43361],[-68.92527,-22.43347]]}},{"type":"Feature","properties":{"nombre":"Avenida Circunvalación","jerarquia":2},"geometry":{"type":"LineString","coordinates":[[-68.90838,-22.48048],[-68.91849,-22.4893]]}},{"type":"Feature","properties":{"nombre":"Balmaceda","jerarquia":3},"geometry":{"type":"LineString","coordinates":[[-68.92314,-22.47896],[-68.92312,-22.47574]]}},{"type":"Feature","properties":{"nombre":"Balmaceda","jerarquia":3},"geometry":{"type":"LineString","coordinates":[[-68.92312,-22.47574],[-68.92311,-22.46801]]}},{"type":"Feature","properties":{"nombre":"Avenida Grecia","jerarquia":4},"geometry":{"type":"LineString","coordinates":[[-68.93328,-22.46661],[-68.93295,-22.46759]]}},{"type":"Feature","properties":{"nombre":"Avenida Grecia","jerarquia":4},"geometry":{"type":"LineString","coordinates":[[-68.93295,-22.46759],[-68.93285,-22.46791]]}},{"type":"Feature","properties":{"nombre":"Avenida Grecia","jerarquia":4},"geometry":{"type":"LineString","coordinates":[[-68.93285,-22.46791],[-68.9328,-22.46804]]}},{"type":"Feature","properties":{"nombre":"Avenida Grecia","jerarquia":4},"geometry":{"type":"LineString","coordinates":[[-68.9328,-22.46804],[-68.93195,-22.47029]]}},{"type":"Feature","properties":{"nombre":"Avenida Grecia","jerarquia":4},"geometry":{"type":"LineString","coordinates":[[-68.93195,-22.47029],[-68.93157,-22.4713]]}},{"type":"Feature","properties":{"nombre":"Avenida Grecia","jerarquia":4},"geometry":{"type":"LineString","coordinates":[[-68.93157,-22.4713],[-68.93133,-22.47199],[-68.93131,-22.47232]]}},{"type":"Feature","properties":{"nombre":"Avenida Grecia","jerarquia":4},"geometry":{"type":"LineString","coordinates":[[-68.93131,-22.47232],[-68.93128,-22.47296]]}},{"type":"Feature","properties":{"nombre":"Avenida Grecia","jerarquia":4},"geometry":{"type":"LineString","coordinates":[[-68.93128,-22.47296],[-68.93116,-22.4734]]}},{"type":"Feature","properties":{"nombre":"Avenida Grecia","jerarquia":4},"geometry":{"type":"LineString","coordinates":[[-68.93116,-22.4734],[-68.93102,-22.47385]]}},{"type":"Feature","properties":{"nombre":"Avenida Grecia","jerarquia":4},"geometry":{"type":"LineString","coordinates":[[-68.93102,-22.47385],[-68.93085,-22.47441]]}},{"type":"Feature","properties":{"nombre":"Avenida Grecia","jerarquia":4},"geometry":{"type":"LineString","coordinates":[[-68.93366,-22.45614],[-68.93368,-22.45473]]}},{"type":"Feature","properties":{"nombre":"Avenida Grecia","jerarquia":4},"geometry":{"type":"LineString","coordinates":[[-68.93368,-22.45473],[-68.93369,-22.45467]]}},{"type":"Feature","properties":{"nombre":"Avenida Grecia","jerarquia":4},"geometry":{"type":"LineString","coordinates":[[-68.93369,-22.45467],[-68.93369,-22.45459]]}},{"type":"Feature","properties":{"nombre":"Avenida Grecia","jerarquia":4},"geometry":{"type":"LineString","coordinates":[[-68.93369,-22.45459],[-68.9337,-22.45335]]}},{"type":"Feature","properties":{"nombre":"Avenida Grecia","jerarquia":4},"geometry":{"type":"LineString","coordinates":[[-68.9337,-22.45335],[-68.9337,-22.45325]]}},{"type":"Feature","properties":{"nombre":"Avenida Grecia","jerarquia":4},"geometry":{"type":"LineString","coordinates":[[-68.9337,-22.45325],[-68.93369,-22.45318]]}},{"type":"Feature","properties":{"nombre":"Avenida Grecia","jerarquia":4},"geometry":{"type":"LineString","coordinates":[[-68.93369,-22.45318],[-68.93361,-22.45249]]}},{"type":"Feature","properties":{"nombre":"Avenida Grecia","jerarquia":4},"geometry":{"type":"LineString","coordinates":[[-68.93361,-22.45249],[-68.93336,-22.45126]]}},{"type":"Feature","properties":{"nombre":"Avenida Grecia","jerarquia":4},"geometry":{"type":"LineString","coordinates":[[-68.93336,-22.45126],[-68.93309,-22.44997]]}},{"type":"Feature","properties":{"nombre":"Avenida Grecia","jerarquia":4},"geometry":{"type":"LineString","coordinates":[[-68.93309,-22.44997],[-68.93285,-22.44875]]}},{"type":"Feature","properties":{"nombre":"Avenida Grecia","jerarquia":4},"geometry":{"type":"LineString","coordinates":[[-68.93285,-22.44875],[-68.9326,-22.44751]]}},{"type":"Feature","properties":{"nombre":"Avenida Grecia","jerarquia":4},"geometry":{"type":"LineString","coordinates":[[-68.9326,-22.44751],[-68.9325,-22.44703]]}},{"type":"Feature","properties":{"nombre":"Avenida Grecia","jerarquia":4},"geometry":{"type":"LineString","coordinates":[[-68.9325,-22.44703],[-68.93239,-22.44644]]}},{"type":"Feature","properties":{"nombre":"Avenida Grecia","jerarquia":4},"geometry":{"type":"LineString","coordinates":[[-68.93239,-22.44644],[-68.93227,-22.44587]]}},{"type":"Feature","properties":{"nombre":"Avenida Grecia","jerarquia":4},"geometry":{"type":"LineString","coordinates":[[-68.93227,-22.44587],[-68.932,-22.44455]]}},{"type":"Feature","properties":{"nombre":"Avenida Grecia","jerarquia":4},"geometry":{"type":"LineString","coordinates":[[-68.932,-22.44455],[-68.93199,-22.44449]]}},{"type":"Feature","properties":{"nombre":"Avenida Grecia","jerarquia":4},"geometry":{"type":"LineString","coordinates":[[-68.93199,-22.44449],[-68.93198,-22.44442]]}},{"type":"Feature","properties":{"nombre":"Avenida Grecia","jerarquia":4},"geometry":{"type":"LineString","coordinates":[[-68.93198,-22.44442],[-68.93171,-22.44308]]}},{"type":"Feature","properties":{"nombre":"Avenida Grecia","jerarquia":4},"geometry":{"type":"LineString","coordinates":[[-68.93171,-22.44308],[-68.93167,-22.44292]]}},{"type":"Feature","properties":{"nombre":"Avenida Grecia","jerarquia":4},"geometry":{"type":"LineString","coordinates":[[-68.93167,-22.44292],[-68.93139,-22.44152]]}},{"type":"Feature","properties":{"nombre":"Avenida Grecia","jerarquia":4},"geometry":{"type":"LineString","coordinates":[[-68.93139,-22.44152],[-68.93111,-22.4401]]}},{"type":"Feature","properties":{"nombre":"Avenida Grecia","jerarquia":4},"geometry":{"type":"LineString","coordinates":[[-68.93111,-22.4401],[-68.93081,-22.43869]]}},{"type":"Feature","properties":{"nombre":"Antofagasta","jerarquia":4},"geometry":{"type":"LineString","coordinates":[[-68.9335,-22.4606],[-68.93481,-22.46068]]}},{"type":"Feature","properties":{"nombre":"Antofagasta","jerarquia":4},"geometry":{"type":"LineString","coordinates":[[-68.93481,-22.46068],[-68.93618,-22.46075]]}},{"type":"Feature","properties":{"nombre":"Antofagasta","jerarquia":4},"geometry":{"type":"LineString","coordinates":[[-68.93618,-22.46075],[-68.93751,-22.46083]]}},{"type":"Feature","properties":{"nombre":"Antofagasta","jerarquia":4},"geometry":{"type":"LineString","coordinates":[[-68.93751,-22.46083],[-68.93876,-22.46089]]}},{"type":"Feature","properties":{"nombre":"Avenida Granaderos","jerarquia":3},"geometry":{"type":"LineString","coordinates":[[-68.92444,-22.42911],[-68.92454,-22.42959]]}},{"type":"Feature","properties":{"nombre":"Avenida Chorrillos","jerarquia":4},"geometry":{"type":"LineString","coordinates":[[-68.92304,-22.45407],[-68.92419,-22.45378]]}},{"type":"Feature","properties":{"nombre":"Avenida Chorrillos","jerarquia":4},"geometry":{"type":"LineString","coordinates":[[-68.92419,-22.45378],[-68.92525,-22.45351]]}},{"type":"Feature","properties":{"nombre":"Avenida Chorrillos","jerarquia":4},"geometry":{"type":"LineString","coordinates":[[-68.92525,-22.45351],[-68.92652,-22.45319]]}},{"type":"Feature","properties":{"nombre":"Avenida La Paz","jerarquia":3},"geometry":{"type":"LineString","coordinates":[[-68.92148,-22.46324],[-68.92111,-22.46319]]}},{"type":"Feature","properties":{"nombre":"Avenida La Paz","jerarquia":3},"geometry":{"type":"LineString","coordinates":[[-68.92111,-22.46319],[-68.92055,-22.4631]]}},{"type":"Feature","properties":{"nombre":"Avenida La Paz","jerarquia":3},"geometry":{"type":"LineString","coordinates":[[-68.92055,-22.4631],[-68.92002,-22.46302]]}},{"type":"Feature","properties":{"nombre":"Avenida La Paz","jerarquia":3},"geometry":{"type":"LineString","coordinates":[[-68.92002,-22.46302],[-68.91968,-22.46297]]}},{"type":"Feature","properties":{"nombre":"Avenida La Paz","jerarquia":3},"geometry":{"type":"LineString","coordinates":[[-68.91968,-22.46297],[-68.91962,-22.46297]]}},{"type":"Feature","properties":{"nombre":"Avenida La Paz","jerarquia":3},"geometry":{"type":"LineString","coordinates":[[-68.91962,-22.46297],[-68.91932,-22.46294],[-68.91901,-22.46298],[-68.91867,-22.46311],[-68.91853,-22.46321]]}},{"type":"Feature","properties":{"nombre":"Avenida La Paz","jerarquia":3},"geometry":{"type":"LineString","coordinates":[[-68.91853,-22.46321],[-68.91847,-22.4633]]}},{"type":"Feature","properties":{"nombre":"Avenida La Paz","jerarquia":3},"geometry":{"type":"LineString","coordinates":[[-68.91847,-22.4633],[-68.91836,-22.46345]]}},{"type":"Feature","properties":{"nombre":"Avenida La Paz","jerarquia":3},"geometry":{"type":"LineString","coordinates":[[-68.91836,-22.46345],[-68.91817,-22.46375]]}},{"type":"Feature","properties":{"nombre":"Avenida La Paz","jerarquia":3},"geometry":{"type":"LineString","coordinates":[[-68.91817,-22.46375],[-68.91775,-22.46444]]}},{"type":"Feature","properties":{"nombre":"Avenida La Paz","jerarquia":3},"geometry":{"type":"LineString","coordinates":[[-68.91775,-22.46444],[-68.91729,-22.46512],[-68.91717,-22.46525],[-68.91705,-22.46528]]}},{"type":"Feature","properties":{"nombre":"Avenida La Paz","jerarquia":3},"geometry":{"type":"LineString","coordinates":[[-68.91705,-22.46528],[-68.91672,-22.46521]]}},{"type":"Feature","properties":{"nombre":"Avenida La Paz","jerarquia":3},"geometry":{"type":"LineString","coordinates":[[-68.91672,-22.46521],[-68.91664,-22.46519]]}},{"type":"Feature","properties":{"nombre":"Avenida La Paz","jerarquia":3},"geometry":{"type":"LineString","coordinates":[[-68.91664,-22.46519],[-68.91498,-22.46472]]}},{"type":"Feature","properties":{"nombre":"Avenida La Paz","jerarquia":3},"geometry":{"type":"LineString","coordinates":[[-68.91498,-22.46472],[-68.91404,-22.46446],[-68.91287,-22.46387],[-68.9126,-22.46392],[-68.91185,-22.4644],[-68.91165,-22.46445],[-68.91019,-22.46396]]}},{"type":"Feature","properties":{"nombre":"Avenida La Paz","jerarquia":3},"geometry":{"type":"LineString","coordinates":[[-68.91019,-22.46396],[-68.90969,-22.46386],[-68.90891,-22.46386]]}},{"type":"Feature","properties":{"nombre":"Avenida La Paz","jerarquia":3},"geometry":{"type":"LineString","coordinates":[[-68.90891,-22.46386],[-68.90782,-22.46402]]}},{"type":"Feature","properties":{"nombre":"Avenida La Paz","jerarquia":3},"geometry":{"type":"LineString","coordinates":[[-68.90782,-22.46402],[-68.90713,-22.46411]]}},{"type":"Feature","properties":{"nombre":"Avenida La Paz","jerarquia":3},"geometry":{"type":"LineString","coordinates":[[-68.90713,-22.46411],[-68.90698,-22.46415]]}},{"type":"Feature","properties":{"nombre":"Avenida La Paz","jerarquia":3},"geometry":{"type":"LineString","coordinates":[[-68.90698,-22.46415],[-68.90649,-22.46431],[-68.9054,-22.46478]]}},{"type":"Feature","properties":{"nombre":"Bilbao","jerarquia":5},"geometry":{"type":"LineString","coordinates":[[-68.91989,-22.46085],[-68.91894,-22.46026]]}},{"type":"Feature","properties":{"nombre":"Bilbao","jerarquia":5},"geometry":{"type":"LineString","coordinates":[[-68.91894,-22.46026],[-68.9179,-22.45959]]}},{"type":"Feature","properties":{"nombre":"Bilbao","jerarquia":5},"geometry":{"type":"LineString","coordinates":[[-68.9179,-22.45959],[-68.91751,-22.45932],[-68.91654,-22.45877],[-68.91572,-22.45812]]}},{"type":"Feature","properties":{"nombre":"Bilbao","jerarquia":5},"geometry":{"type":"LineString","coordinates":[[-68.91572,-22.45812],[-68.91529,-22.45778],[-68.91412,-22.45731]]}},{"type":"Feature","properties":{"nombre":"Bilbao","jerarquia":5},"geometry":{"type":"LineString","coordinates":[[-68.91412,-22.45731],[-68.91243,-22.45672]]}},{"type":"Feature","properties":{"nombre":"Bilbao","jerarquia":5},"geometry":{"type":"LineString","coordinates":[[-68.91243,-22.45672],[-68.91119,-22.45625]]}},{"type":"Feature","properties":{"nombre":"Bilbao","jerarquia":5},"geometry":{"type":"LineString","coordinates":[[-68.91119,-22.45625],[-68.91011,-22.45584]]}},{"type":"Feature","properties":{"nombre":"Bilbao","jerarquia":5},"geometry":{"type":"LineString","coordinates":[[-68.91011,-22.45584],[-68.9099,-22.45578]]}},{"type":"Feature","properties":{"nombre":"Bilbao","jerarquia":5},"geometry":{"type":"LineString","coordinates":[[-68.9099,-22.45578],[-68.90941,-22.45559]]}},{"type":"Feature","properties":{"nombre":"Bilbao","jerarquia":5},"geometry":{"type":"LineString","coordinates":[[-68.90941,-22.45559],[-68.90907,-22.45545]]}},{"type":"Feature","properties":{"nombre":"Bilbao","jerarquia":5},"geometry":{"type":"LineString","coordinates":[[-68.90907,-22.45545],[-68.90866,-22.45528]]}},{"type":"Feature","properties":{"nombre":"Bilbao","jerarquia":5},"geometry":{"type":"LineString","coordinates":[[-68.90866,-22.45528],[-68.90782,-22.45489],[-68.90645,-22.45378],[-68.90596,-22.45332]]}},{"type":"Feature","properties":{"nombre":"Bilbao","jerarquia":5},"geometry":{"type":"LineString","coordinates":[[-68.90596,-22.45332],[-68.90543,-22.45304]]}},{"type":"Feature","properties":{"nombre":"Abaroa","jerarquia":5},"geometry":{"type":"LineString","coordinates":[[-68.92585,-22.46838],[-68.92582,-22.46764],[-68.9261,-22.46674]]}},{"type":"Feature","properties":{"nombre":"Teniente Merino","jerarquia":5},"geometry":{"type":"LineString","coordinates":[[-68.90543,-22.45304],[-68.90567,-22.45264],[-68.90563,-22.45199]]}},{"type":"Feature","properties":{"nombre":"Frei Bonn","jerarquia":4},"geometry":{"type":"LineString","coordinates":[[-68.93737,-22.44354],[-68.93745,-22.44399]]}},{"type":"Feature","properties":{"nombre":"Frei Bonn","jerarquia":4},"geometry":{"type":"LineString","coordinates":[[-68.93745,-22.44399],[-68.93776,-22.44538]]}},{"type":"Feature","properties":{"nombre":"Frei Bonn","jerarquia":4},"geometry":{"type":"LineString","coordinates":[[-68.93776,-22.44538],[-68.93792,-22.4462]]}},{"type":"Feature","properties":{"nombre":"Frei Bonn","jerarquia":4},"geometry":{"type":"LineString","coordinates":[[-68.93792,-22.4462],[-68.93801,-22.44663]]}},{"type":"Feature","properties":{"nombre":"Frei Bonn","jerarquia":4},"geometry":{"type":"LineString","coordinates":[[-68.93801,-22.44663],[-68.93826,-22.44789]]}},{"type":"Feature","properties":{"nombre":"Frei Bonn","jerarquia":4},"geometry":{"type":"LineString","coordinates":[[-68.93826,-22.44789],[-68.93851,-22.44915]]}},{"type":"Feature","properties":{"nombre":"Frei Bonn","jerarquia":4},"geometry":{"type":"LineString","coordinates":[[-68.93851,-22.44915],[-68.93876,-22.45038]]}},{"type":"Feature","properties":{"nombre":"Frei Bonn","jerarquia":4},"geometry":{"type":"LineString","coordinates":[[-68.93876,-22.45038],[-68.93901,-22.45164]]}},{"type":"Feature","properties":{"nombre":"Frei Bonn","jerarquia":4},"geometry":{"type":"LineString","coordinates":[[-68.93901,-22.45164],[-68.93916,-22.45329]]}},{"type":"Feature","properties":{"nombre":"Frei Bonn","jerarquia":4},"geometry":{"type":"LineString","coordinates":[[-68.93916,-22.45329],[-68.93917,-22.45337]]}},{"type":"Feature","properties":{"nombre":"Frei Bonn","jerarquia":4},"geometry":{"type":"LineString","coordinates":[[-68.93917,-22.45337],[-68.93918,-22.45471]]}},{"type":"Feature","properties":{"nombre":"Frei Bonn","jerarquia":4},"geometry":{"type":"LineString","coordinates":[[-68.93918,-22.45471],[-68.93918,-22.45479]]}},{"type":"Feature","properties":{"nombre":"Frei Bonn","jerarquia":4},"geometry":{"type":"LineString","coordinates":[[-68.93918,-22.45479],[-68.93916,-22.45621]]}},{"type":"Feature","properties":{"nombre":"Arturo Prat","jerarquia":5},"geometry":{"type":"LineString","coordinates":[[-68.93737,-22.44354],[-68.93845,-22.44335]]}},{"type":"Feature","properties":{"nombre":"Arturo Prat","jerarquia":5},"geometry":{"type":"LineString","coordinates":[[-68.93845,-22.44335],[-68.93892,-22.44327]]}},{"type":"Feature","properties":{"nombre":"Pucón","jerarquia":5},"geometry":{"type":"LineString","coordinates":[[-68.94663,-22.45146],[-68.94665,-22.45082]]}},{"type":"Feature","properties":{"nombre":"Pucón","jerarquia":5},"geometry":{"type":"LineString","coordinates":[[-68.94665,-22.45082],[-68.94666,-22.45011]]}},{"type":"Feature","properties":{"nombre":"Pucón","jerarquia":5},"geometry":{"type":"LineString","coordinates":[[-68.94666,-22.45011],[-68.94671,-22.44876]]}},{"type":"Feature","properties":{"nombre":"Pucón","jerarquia":5},"geometry":{"type":"LineString","coordinates":[[-68.94671,-22.44876],[-68.94671,-22.4484]]}},{"type":"Feature","properties":{"nombre":"Pucón","jerarquia":5},"geometry":{"type":"LineString","coordinates":[[-68.94671,-22.4484],[-68.94675,-22.44748]]}},{"type":"Feature","properties":{"nombre":"Pucón","jerarquia":5},"geometry":{"type":"LineString","coordinates":[[-68.94623,-22.45637],[-68.94631,-22.4554]]}},{"type":"Feature","properties":{"nombre":"Pucón","jerarquia":5},"geometry":{"type":"LineString","coordinates":[[-68.94631,-22.4554],[-68.94635,-22.45497]]}},{"type":"Feature","properties":{"nombre":"Pucón","jerarquia":5},"geometry":{"type":"LineString","coordinates":[[-68.94635,-22.45497],[-68.94635,-22.4549]]}},{"type":"Feature","properties":{"nombre":"Pucón","jerarquia":5},"geometry":{"type":"LineString","coordinates":[[-68.94635,-22.4549],[-68.94638,-22.45447]]}},{"type":"Feature","properties":{"nombre":"Pucón","jerarquia":5},"geometry":{"type":"LineString","coordinates":[[-68.94638,-22.45447],[-68.94643,-22.45401]]}},{"type":"Feature","properties":{"nombre":"Pucón","jerarquia":5},"geometry":{"type":"LineString","coordinates":[[-68.94643,-22.45401],[-68.94648,-22.45353]]}},{"type":"Feature","properties":{"nombre":"Emilio Sotomayor","jerarquia":5},"geometry":{"type":"LineString","coordinates":[[-68.94571,-22.46304],[-68.94553,-22.46304]]}},{"type":"Feature","properties":{"nombre":"Emilio Sotomayor","jerarquia":5},"geometry":{"type":"LineString","coordinates":[[-68.94553,-22.46304],[-68.945,-22.46303]]}},{"type":"Feature","properties":{"nombre":"Emilio Sotomayor","jerarquia":5},"geometry":{"type":"LineString","coordinates":[[-68.945,-22.46303],[-68.9446,-22.46302]]}},{"type":"Feature","properties":{"nombre":"Emilio Sotomayor","jerarquia":5},"geometry":{"type":"LineString","coordinates":[[-68.9446,-22.46302],[-68.94449,-22.46302]]}},{"type":"Feature","properties":{"nombre":"Emilio Sotomayor","jerarquia":5},"geometry":{"type":"LineString","coordinates":[[-68.94449,-22.46302],[-68.94395,-22.463]]}},{"type":"Feature","properties":{"nombre":"Emilio Sotomayor","jerarquia":5},"geometry":{"type":"LineString","coordinates":[[-68.94395,-22.463],[-68.94341,-22.46299]]}},{"type":"Feature","properties":{"nombre":"Emilio Sotomayor","jerarquia":5},"geometry":{"type":"LineString","coordinates":[[-68.94341,-22.46299],[-68.94297,-22.46299]]}},{"type":"Feature","properties":{"nombre":"Emilio Sotomayor","jerarquia":5},"geometry":{"type":"LineString","coordinates":[[-68.94297,-22.46299],[-68.94255,-22.46298]]}},{"type":"Feature","properties":{"nombre":"Emilio Sotomayor","jerarquia":5},"geometry":{"type":"LineString","coordinates":[[-68.94255,-22.46298],[-68.94224,-22.46298]]}},{"type":"Feature","properties":{"nombre":"Emilio Sotomayor","jerarquia":5},"geometry":{"type":"LineString","coordinates":[[-68.94224,-22.46298],[-68.9416,-22.46296]]}},{"type":"Feature","properties":{"nombre":"Emilio Sotomayor","jerarquia":5},"geometry":{"type":"LineString","coordinates":[[-68.9416,-22.46296],[-68.94115,-22.46295]]}},{"type":"Feature","properties":{"nombre":"Emilio Sotomayor","jerarquia":5},"geometry":{"type":"LineString","coordinates":[[-68.94115,-22.46295],[-68.94103,-22.46295]]}},{"type":"Feature","properties":{"nombre":"Emilio Sotomayor","jerarquia":5},"geometry":{"type":"LineString","coordinates":[[-68.94103,-22.46295],[-68.9407,-22.46294]]}},{"type":"Feature","properties":{"nombre":"Emilio Sotomayor","jerarquia":5},"geometry":{"type":"LineString","coordinates":[[-68.9407,-22.46294],[-68.94027,-22.46293]]}},{"type":"Feature","properties":{"nombre":"Emilio Sotomayor","jerarquia":5},"geometry":{"type":"LineString","coordinates":[[-68.94027,-22.46293],[-68.93992,-22.46292]]}},{"type":"Feature","properties":{"nombre":"Emilio Sotomayor","jerarquia":5},"geometry":{"type":"LineString","coordinates":[[-68.93992,-22.46292],[-68.93982,-22.46292]]}},{"type":"Feature","properties":{"nombre":"Emilio Sotomayor","jerarquia":5},"geometry":{"type":"LineString","coordinates":[[-68.93982,-22.46292],[-68.9397,-22.46292]]}},{"type":"Feature","properties":{"nombre":"Emilio Sotomayor","jerarquia":5},"geometry":{"type":"LineString","coordinates":[[-68.9397,-22.46292],[-68.93859,-22.4629]]}},{"type":"Feature","properties":{"nombre":"Ralún","jerarquia":5},"geometry":{"type":"LineString","coordinates":[[-68.94718,-22.4643],[-68.94742,-22.46382]]}},{"type":"Feature","properties":{"nombre":"Ralún","jerarquia":5},"geometry":{"type":"LineString","coordinates":[[-68.94742,-22.46382],[-68.94752,-22.46362]]}},{"type":"Feature","properties":{"nombre":"Ralún","jerarquia":5},"geometry":{"type":"LineString","coordinates":[[-68.94752,-22.46362],[-68.94779,-22.46309]]}},{"type":"Feature","properties":{"nombre":"Ralún","jerarquia":5},"geometry":{"type":"LineString","coordinates":[[-68.94779,-22.46309],[-68.94831,-22.46205]]}},{"type":"Feature","properties":{"nombre":"Inés de Suárez","jerarquia":5},"geometry":{"type":"LineString","coordinates":[[-68.94116,-22.46604],[-68.94147,-22.46529]]}},{"type":"Feature","properties":{"nombre":"Inés de Suárez","jerarquia":5},"geometry":{"type":"LineString","coordinates":[[-68.94147,-22.46529],[-68.94153,-22.4651]]}},{"type":"Feature","properties":{"nombre":"Inés de Suárez","jerarquia":5},"geometry":{"type":"LineString","coordinates":[[-68.94153,-22.4651],[-68.94167,-22.4647]]}},{"type":"Feature","properties":{"nombre":"Inés de Suárez","jerarquia":5},"geometry":{"type":"LineString","coordinates":[[-68.94167,-22.4647],[-68.94171,-22.46457]]}},{"type":"Feature","properties":{"nombre":"Inés de Suárez","jerarquia":5},"geometry":{"type":"LineString","coordinates":[[-68.94171,-22.46457],[-68.94179,-22.46441]]}},{"type":"Feature","properties":{"nombre":"Inés de Suárez","jerarquia":5},"geometry":{"type":"LineString","coordinates":[[-68.94179,-22.46441],[-68.94189,-22.46407]]}},{"type":"Feature","properties":{"nombre":"Inés de Suárez","jerarquia":5},"geometry":{"type":"LineString","coordinates":[[-68.94189,-22.46407],[-68.94206,-22.46366],[-68.9422,-22.46361]]}},{"type":"Feature","properties":{"nombre":"Almirante Latorre","jerarquia":4},"geometry":{"type":"LineString","coordinates":[[-68.92628,-22.45573],[-68.92639,-22.45458]]}},{"type":"Feature","properties":{"nombre":"Almirante Latorre","jerarquia":4},"geometry":{"type":"LineString","coordinates":[[-68.92639,-22.45458],[-68.92641,-22.4543]]}},{"type":"Feature","properties":{"nombre":"Almirante Latorre","jerarquia":4},"geometry":{"type":"LineString","coordinates":[[-68.92641,-22.4543],[-68.92645,-22.4539]]}},{"type":"Feature","properties":{"nombre":"Almirante Latorre","jerarquia":4},"geometry":{"type":"LineString","coordinates":[[-68.92645,-22.4539],[-68.92651,-22.45329]]}},{"type":"Feature","properties":{"nombre":"Almirante Latorre","jerarquia":4},"geometry":{"type":"LineString","coordinates":[[-68.92651,-22.45329],[-68.92652,-22.45319]]}},{"type":"Feature","properties":{"nombre":"Almirante Latorre","jerarquia":4},"geometry":{"type":"LineString","coordinates":[[-68.92652,-22.45319],[-68.92652,-22.45262],[-68.92644,-22.45195]]}},{"type":"Feature","properties":{"nombre":"Almirante Latorre","jerarquia":4},"geometry":{"type":"LineString","coordinates":[[-68.92644,-22.45195],[-68.92623,-22.4507]]}},{"type":"Feature","properties":{"nombre":"Hurtado de Mendoza","jerarquia":4},"geometry":{"type":"LineString","coordinates":[[-68.92628,-22.45573],[-68.92724,-22.45584]]}},{"type":"Feature","properties":{"nombre":"Hurtado de Mendoza","jerarquia":4},"geometry":{"type":"LineString","coordinates":[[-68.92724,-22.45584],[-68.92746,-22.45586]]}},{"type":"Feature","properties":{"nombre":"Hurtado de Mendoza","jerarquia":4},"geometry":{"type":"LineString","coordinates":[[-68.92746,-22.45586],[-68.92787,-22.4559]]}},{"type":"Feature","properties":{"nombre":"Hurtado de Mendoza","jerarquia":4},"geometry":{"type":"LineString","coordinates":[[-68.92787,-22.4559],[-68.92836,-22.45595]]}},{"type":"Feature","properties":{"nombre":"Hurtado de Mendoza","jerarquia":4},"geometry":{"type":"LineString","coordinates":[[-68.92836,-22.45595],[-68.92847,-22.45597]]}},{"type":"Feature","properties":{"nombre":"Hurtado de Mendoza","jerarquia":4},"geometry":{"type":"LineString","coordinates":[[-68.92847,-22.45597],[-68.92868,-22.45598]]}},{"type":"Feature","properties":{"nombre":"Hurtado de Mendoza","jerarquia":4},"geometry":{"type":"LineString","coordinates":[[-68.92868,-22.45598],[-68.92927,-22.45603]]}},{"type":"Feature","properties":{"nombre":"Avenida Chorrillos","jerarquia":5},"geometry":{"type":"LineString","coordinates":[[-68.90563,-22.45199],[-68.906,-22.45204]]}},{"type":"Feature","properties":{"nombre":"Avenida Chorrillos","jerarquia":5},"geometry":{"type":"LineString","coordinates":[[-68.906,-22.45204],[-68.90611,-22.45207]]}},{"type":"Feature","properties":{"nombre":"Avenida Chorrillos","jerarquia":5},"geometry":{"type":"LineString","coordinates":[[-68.90611,-22.45207],[-68.90659,-22.45217]]}},{"type":"Feature","properties":{"nombre":"Avenida Chorrillos","jerarquia":5},"geometry":{"type":"LineString","coordinates":[[-68.90659,-22.45217],[-68.90738,-22.45233]]}},{"type":"Feature","properties":{"nombre":"Teniente Merino","jerarquia":5},"geometry":{"type":"LineString","coordinates":[[-68.90563,-22.45199],[-68.90479,-22.44945]]}},{"type":"Feature","properties":{"nombre":"Teniente Merino","jerarquia":5},"geometry":{"type":"LineString","coordinates":[[-68.90479,-22.44945],[-68.90437,-22.4483]]}},{"type":"Feature","properties":{"nombre":"Teniente Merino","jerarquia":5},"geometry":{"type":"LineString","coordinates":[[-68.90437,-22.4483],[-68.90415,-22.44778]]}},{"type":"Feature","properties":{"nombre":"Teniente Merino","jerarquia":5},"geometry":{"type":"LineString","coordinates":[[-68.90415,-22.44778],[-68.90407,-22.44759]]}},{"type":"Feature","properties":{"nombre":"Teniente Merino","jerarquia":5},"geometry":{"type":"LineString","coordinates":[[-68.90407,-22.44759],[-68.90387,-22.4472]]}},{"type":"Feature","properties":{"nombre":"Teniente Merino","jerarquia":5},"geometry":{"type":"LineString","coordinates":[[-68.90387,-22.4472],[-68.90364,-22.44679]]}},{"type":"Feature","properties":{"nombre":"Teniente Merino","jerarquia":5},"geometry":{"type":"LineString","coordinates":[[-68.90364,-22.44679],[-68.90341,-22.44641]]}},{"type":"Feature","properties":{"nombre":"Teniente Merino","jerarquia":5},"geometry":{"type":"LineString","coordinates":[[-68.90341,-22.44641],[-68.90317,-22.44604]]}},{"type":"Feature","properties":{"nombre":"Teniente Merino","jerarquia":5},"geometry":{"type":"LineString","coordinates":[[-68.90317,-22.44604],[-68.90291,-22.44565]]}},{"type":"Feature","properties":{"nombre":"Teniente Merino","jerarquia":5},"geometry":{"type":"LineString","coordinates":[[-68.90291,-22.44565],[-68.90266,-22.44526]]}},{"type":"Feature","properties":{"nombre":"Teniente Merino","jerarquia":5},"geometry":{"type":"LineString","coordinates":[[-68.90266,-22.44526],[-68.90198,-22.44423]]}},{"type":"Feature","properties":{"nombre":"Aconcagua","jerarquia":5},"geometry":{"type":"LineString","coordinates":[[-68.93689,-22.47204],[-68.93749,-22.47232]]}},{"type":"Feature","properties":{"nombre":"Aconcagua","jerarquia":5},"geometry":{"type":"LineString","coordinates":[[-68.93749,-22.47232],[-68.93776,-22.47244]]}},{"type":"Feature","properties":{"nombre":"Aconcagua","jerarquia":5},"geometry":{"type":"LineString","coordinates":[[-68.93776,-22.47244],[-68.93792,-22.47251]]}},{"type":"Feature","properties":{"nombre":"Aconcagua","jerarquia":5},"geometry":{"type":"LineString","coordinates":[[-68.93792,-22.47251],[-68.93985,-22.4734]]}},{"type":"Feature","properties":{"nombre":"Aconcagua","jerarquia":5},"geometry":{"type":"LineString","coordinates":[[-68.93985,-22.4734],[-68.94335,-22.47562]]}},{"type":"Feature","properties":{"nombre":"Aconcagua","jerarquia":5},"geometry":{"type":"LineString","coordinates":[[-68.94335,-22.47562],[-68.9436,-22.47577]]}},{"type":"Feature","properties":{"nombre":"Aconcagua","jerarquia":5},"geometry":{"type":"LineString","coordinates":[[-68.9436,-22.47577],[-68.94572,-22.47712]]}},{"type":"Feature","properties":{"nombre":"Aconcagua","jerarquia":5},"geometry":{"type":"LineString","coordinates":[[-68.94572,-22.47712],[-68.94682,-22.47783]]}},{"type":"Feature","properties":{"nombre":"Aconcagua","jerarquia":5},"geometry":{"type":"LineString","coordinates":[[-68.94682,-22.47783],[-68.94837,-22.47877],[-68.94882,-22.47909]]}},{"type":"Feature","properties":{"nombre":"Aconcagua","jerarquia":4},"geometry":{"type":"LineString","coordinates":[[-68.93661,-22.47218],[-68.93689,-22.47204]]}},{"type":"Feature","properties":{"nombre":"Diego de Almagro","jerarquia":5},"geometry":{"type":"LineString","coordinates":[[-68.94563,-22.44545],[-68.94545,-22.44547]]}},{"type":"Feature","properties":{"nombre":"Avenida Libertador Bernardo O'Higgins","jerarquia":3},"geometry":{"type":"LineString","coordinates":[[-68.9286,-22.4769],[-68.92825,-22.47588]]}},{"type":"Feature","properties":{"nombre":"Avenida Libertador Bernardo O'Higgins","jerarquia":3},"geometry":{"type":"LineString","coordinates":[[-68.92825,-22.47588],[-68.92814,-22.47554]]}},{"type":"Feature","properties":{"nombre":"Avenida Libertador Bernardo O'Higgins","jerarquia":3},"geometry":{"type":"LineString","coordinates":[[-68.92814,-22.47554],[-68.9281,-22.47543]]}},{"type":"Feature","properties":{"nombre":"Avenida Libertador Bernardo O'Higgins","jerarquia":3},"geometry":{"type":"LineString","coordinates":[[-68.9281,-22.47543],[-68.92779,-22.4745]]}},{"type":"Feature","properties":{"nombre":"Avenida Libertador Bernardo O'Higgins","jerarquia":3},"geometry":{"type":"LineString","coordinates":[[-68.92779,-22.4745],[-68.92761,-22.47398]]}},{"type":"Feature","properties":{"nombre":"Avenida Libertador Bernardo O'Higgins","jerarquia":3},"geometry":{"type":"LineString","coordinates":[[-68.92761,-22.47398],[-68.9272,-22.47279]]}},{"type":"Feature","properties":{"nombre":"Avenida Libertador Bernardo O'Higgins","jerarquia":3},"geometry":{"type":"LineString","coordinates":[[-68.9272,-22.47279],[-68.92694,-22.47201]]}},{"type":"Feature","properties":{"nombre":"Avenida Libertador Bernardo O'Higgins","jerarquia":3},"geometry":{"type":"LineString","coordinates":[[-68.92694,-22.47201],[-68.92691,-22.47186]]}},{"type":"Feature","properties":{"nombre":"Avenida Libertador Bernardo O'Higgins","jerarquia":3},"geometry":{"type":"LineString","coordinates":[[-68.92534,-22.46737],[-68.92528,-22.46718]]}},{"type":"Feature","properties":{"nombre":"Avenida Parque Oriente","jerarquia":5},"geometry":{"type":"LineString","coordinates":[[-68.92304,-22.45416],[-68.92304,-22.45407]]}},{"type":"Feature","properties":{"nombre":"Avenida Los Chorrillos","jerarquia":4},"geometry":{"type":"LineString","coordinates":[[-68.92304,-22.45416],[-68.92198,-22.45443]]}},{"type":"Feature","properties":{"nombre":"Avenida Los Chorrillos","jerarquia":4},"geometry":{"type":"LineString","coordinates":[[-68.92198,-22.45443],[-68.92189,-22.45445]]}},{"type":"Feature","properties":{"nombre":"Avenida Balmaceda","jerarquia":3},"geometry":{"type":"LineString","coordinates":[[-68.91873,-22.44353],[-68.91834,-22.44202]]}},{"type":"Feature","properties":{"nombre":"Avenida Balmaceda","jerarquia":3},"geometry":{"type":"LineString","coordinates":[[-68.91834,-22.44202],[-68.91774,-22.43986]]}},{"type":"Feature","properties":{"nombre":"Avenida Balmaceda","jerarquia":3},"geometry":{"type":"LineString","coordinates":[[-68.91774,-22.43986],[-68.9174,-22.43867]]}},{"type":"Feature","properties":{"nombre":"Avenida Balmaceda","jerarquia":3},"geometry":{"type":"LineString","coordinates":[[-68.9174,-22.43867],[-68.91738,-22.43857]]}},{"type":"Feature","properties":{"nombre":"Avenida Balmaceda","jerarquia":3},"geometry":{"type":"LineString","coordinates":[[-68.91738,-22.43857],[-68.91659,-22.43554]]}},{"type":"Feature","properties":{"nombre":"Avenida Balmaceda","jerarquia":3},"geometry":{"type":"LineString","coordinates":[[-68.91659,-22.43554],[-68.91646,-22.43502]]}},{"type":"Feature","properties":{"nombre":"Avenida Balmaceda","jerarquia":3},"geometry":{"type":"LineString","coordinates":[[-68.91646,-22.43502],[-68.91634,-22.43453]]}},{"type":"Feature","properties":{"nombre":"Avenida Balmaceda","jerarquia":3},"geometry":{"type":"LineString","coordinates":[[-68.91634,-22.43453],[-68.91628,-22.43428]]}},{"type":"Feature","properties":{"nombre":"Avenida Balmaceda","jerarquia":3},"geometry":{"type":"LineString","coordinates":[[-68.91628,-22.43428],[-68.91599,-22.43318]]}},{"type":"Feature","properties":{"nombre":"Avenida Balmaceda","jerarquia":3},"geometry":{"type":"LineString","coordinates":[[-68.91599,-22.43318],[-68.91592,-22.43285]]}},{"type":"Feature","properties":{"nombre":"Avenida Balmaceda","jerarquia":3},"geometry":{"type":"LineString","coordinates":[[-68.91997,-22.44768],[-68.9207,-22.45023]]}},{"type":"Feature","properties":{"nombre":"Avenida Balmaceda","jerarquia":3},"geometry":{"type":"LineString","coordinates":[[-68.9207,-22.45023],[-68.92109,-22.45164]]}},{"type":"Feature","properties":{"nombre":"Avenida Balmaceda","jerarquia":3},"geometry":{"type":"LineString","coordinates":[[-68.92109,-22.45164],[-68.92113,-22.4518]]}},{"type":"Feature","properties":{"nombre":"Avenida Balmaceda","jerarquia":3},"geometry":{"type":"LineString","coordinates":[[-68.92113,-22.4518],[-68.9213,-22.45228]]}},{"type":"Feature","properties":{"nombre":"Avenida Balmaceda","jerarquia":3},"geometry":{"type":"LineString","coordinates":[[-68.9213,-22.45228],[-68.92133,-22.45239]]}},{"type":"Feature","properties":{"nombre":"Avenida Balmaceda","jerarquia":3},"geometry":{"type":"LineString","coordinates":[[-68.92133,-22.45239],[-68.92185,-22.45423]]}},{"type":"Feature","properties":{"nombre":"Avenida Balmaceda","jerarquia":3},"geometry":{"type":"LineString","coordinates":[[-68.92185,-22.45423],[-68.92189,-22.45436]]}},{"type":"Feature","properties":{"nombre":"Avenida Balmaceda","jerarquia":3},"geometry":{"type":"LineString","coordinates":[[-68.92189,-22.45436],[-68.92189,-22.45445]]}},{"type":"Feature","properties":{"nombre":"Simón Bolívar","jerarquia":5},"geometry":{"type":"LineString","coordinates":[[-68.91997,-22.44768],[-68.92006,-22.44766]]}},{"type":"Feature","properties":{"nombre":"Simón Bolívar","jerarquia":5},"geometry":{"type":"LineString","coordinates":[[-68.92006,-22.44766],[-68.92075,-22.44756]]}},{"type":"Feature","properties":{"nombre":"Simón Bolívar","jerarquia":5},"geometry":{"type":"LineString","coordinates":[[-68.92075,-22.44756],[-68.92128,-22.44748]]}},{"type":"Feature","properties":{"nombre":"Simón Bolívar","jerarquia":5},"geometry":{"type":"LineString","coordinates":[[-68.92128,-22.44748],[-68.92206,-22.44736]]}},{"type":"Feature","properties":{"nombre":"Simón Bolívar","jerarquia":5},"geometry":{"type":"LineString","coordinates":[[-68.92206,-22.44736],[-68.92281,-22.44724]]}},{"type":"Feature","properties":{"nombre":"Simón Bolívar","jerarquia":5},"geometry":{"type":"LineString","coordinates":[[-68.92281,-22.44724],[-68.92395,-22.44707]]}},{"type":"Feature","properties":{"nombre":"Simón Bolívar","jerarquia":5},"geometry":{"type":"LineString","coordinates":[[-68.92395,-22.44707],[-68.92547,-22.44684]]}},{"type":"Feature","properties":{"nombre":"Simón Bolívar","jerarquia":5},"geometry":{"type":"LineString","coordinates":[[-68.92547,-22.44684],[-68.92628,-22.44671]]}},{"type":"Feature","properties":{"nombre":"Simón Bolívar","jerarquia":5},"geometry":{"type":"LineString","coordinates":[[-68.92628,-22.44671],[-68.92701,-22.4466]]}},{"type":"Feature","properties":{"nombre":"Simón Bolívar","jerarquia":5},"geometry":{"type":"LineString","coordinates":[[-68.92701,-22.4466],[-68.92788,-22.44647]]}},{"type":"Feature","properties":{"nombre":"Avenida Balmaceda","jerarquia":3},"geometry":{"type":"LineString","coordinates":[[-68.91884,-22.44351],[-68.91909,-22.44449]]}},{"type":"Feature","properties":{"nombre":"Avenida Balmaceda","jerarquia":3},"geometry":{"type":"LineString","coordinates":[[-68.91909,-22.44449],[-68.91933,-22.44548]]}},{"type":"Feature","properties":{"nombre":"Avenida Balmaceda","jerarquia":3},"geometry":{"type":"LineString","coordinates":[[-68.91933,-22.44548],[-68.91952,-22.44616]]}},{"type":"Feature","properties":{"nombre":"Avenida Balmaceda","jerarquia":3},"geometry":{"type":"LineString","coordinates":[[-68.91952,-22.44616],[-68.91954,-22.44625]]}},{"type":"Feature","properties":{"nombre":"Avenida Balmaceda","jerarquia":3},"geometry":{"type":"LineString","coordinates":[[-68.91954,-22.44625],[-68.91957,-22.44633]]}},{"type":"Feature","properties":{"nombre":"Avenida Balmaceda","jerarquia":3},"geometry":{"type":"LineString","coordinates":[[-68.91957,-22.44633],[-68.91971,-22.44678]]}},{"type":"Feature","properties":{"nombre":"Avenida Balmaceda","jerarquia":3},"geometry":{"type":"LineString","coordinates":[[-68.91971,-22.44678],[-68.91984,-22.44724]]}},{"type":"Feature","properties":{"nombre":"Avenida Balmaceda","jerarquia":3},"geometry":{"type":"LineString","coordinates":[[-68.91984,-22.44724],[-68.91993,-22.44753]]}},{"type":"Feature","properties":{"nombre":"Avenida Balmaceda","jerarquia":3},"geometry":{"type":"LineString","coordinates":[[-68.91993,-22.44753],[-68.91997,-22.44768]]}},{"type":"Feature","properties":{"nombre":"Ascotán","jerarquia":5},"geometry":{"type":"LineString","coordinates":[[-68.91884,-22.44351],[-68.91873,-22.44353]]}},{"type":"Feature","properties":{"nombre":"Avenida Granaderos","jerarquia":3},"geometry":{"type":"LineString","coordinates":[[-68.92655,-22.43942],[-68.92703,-22.44183]]}},{"type":"Feature","properties":{"nombre":"Avenida Granaderos","jerarquia":3},"geometry":{"type":"LineString","coordinates":[[-68.92703,-22.44183],[-68.92704,-22.44188]]}},{"type":"Feature","properties":{"nombre":"Avenida Granaderos","jerarquia":3},"geometry":{"type":"LineString","coordinates":[[-68.92704,-22.44188],[-68.92712,-22.44225]]}},{"type":"Feature","properties":{"nombre":"Avenida Granaderos","jerarquia":3},"geometry":{"type":"LineString","coordinates":[[-68.92712,-22.44225],[-68.92731,-22.44323]]}},{"type":"Feature","properties":{"nombre":"Avenida Granaderos","jerarquia":3},"geometry":{"type":"LineString","coordinates":[[-68.92731,-22.44323],[-68.92738,-22.44358]]}},{"type":"Feature","properties":{"nombre":"Avenida Granaderos","jerarquia":3},"geometry":{"type":"LineString","coordinates":[[-68.92738,-22.44358],[-68.9274,-22.44367]]}},{"type":"Feature","properties":{"nombre":"Avenida Granaderos","jerarquia":3},"geometry":{"type":"LineString","coordinates":[[-68.9274,-22.44367],[-68.92768,-22.44508]]}},{"type":"Feature","properties":{"nombre":"Avenida Granaderos","jerarquia":3},"geometry":{"type":"LineString","coordinates":[[-68.92768,-22.44508],[-68.9277,-22.44516]]}},{"type":"Feature","properties":{"nombre":"Avenida Granaderos","jerarquia":3},"geometry":{"type":"LineString","coordinates":[[-68.9277,-22.44516],[-68.92771,-22.44522]]}},{"type":"Feature","properties":{"nombre":"","jerarquia":2},"geometry":{"type":"LineString","coordinates":[[-68.90597,-22.43944],[-68.90585,-22.43939],[-68.90584,-22.43931]]}},{"type":"Feature","properties":{"nombre":"Avenida Circunvalación","jerarquia":5},"geometry":{"type":"LineString","coordinates":[[-68.90559,-22.4776],[-68.90532,-22.47728],[-68.9042,-22.47632]]}},{"type":"Feature","properties":{"nombre":"Avenida Circunvalación","jerarquia":5},"geometry":{"type":"LineString","coordinates":[[-68.9042,-22.47632],[-68.90282,-22.47521],[-68.90252,-22.47488],[-68.90225,-22.47446],[-68.90208,-22.47403],[-68.90068,-22.4696],[-68.90051,-22.46841]]}},{"type":"Feature","properties":{"nombre":"Avenida Circunvalación","jerarquia":5},"geometry":{"type":"LineString","coordinates":[[-68.90051,-22.46841],[-68.90051,-22.46836]]}},{"type":"Feature","properties":{"nombre":"Avenida Circunvalación","jerarquia":5},"geometry":{"type":"LineString","coordinates":[[-68.90051,-22.46836],[-68.90049,-22.46813]]}},{"type":"Feature","properties":{"nombre":"Avenida Circunvalación","jerarquia":5},"geometry":{"type":"LineString","coordinates":[[-68.90049,-22.46813],[-68.90049,-22.46807]]}},{"type":"Feature","properties":{"nombre":"Alcalde José Lira","jerarquia":5},"geometry":{"type":"LineString","coordinates":[[-68.90559,-22.4776],[-68.90611,-22.47809]]}},{"type":"Feature","properties":{"nombre":"Alcalde José Lira","jerarquia":5},"geometry":{"type":"LineString","coordinates":[[-68.90611,-22.47809],[-68.90618,-22.47815]]}},{"type":"Feature","properties":{"nombre":"Avenida Jorge Alessandri Rodríguez","jerarquia":5},"geometry":{"type":"LineString","coordinates":[[-68.90589,-22.47846],[-68.90562,-22.47877],[-68.90553,-22.47901]]}},{"type":"Feature","properties":{"nombre":"Diego de Almagro","jerarquia":5},"geometry":{"type":"LineString","coordinates":[[-68.94483,-22.44556],[-68.94521,-22.44551]]}},{"type":"Feature","properties":{"nombre":"Diego de Almagro","jerarquia":5},"geometry":{"type":"LineString","coordinates":[[-68.94521,-22.44551],[-68.94545,-22.44547]]}},{"type":"Feature","properties":{"nombre":"Aeropuerto El Loa","jerarquia":5},"geometry":{"type":"LineString","coordinates":[[-68.90995,-22.49499],[-68.90953,-22.495],[-68.90928,-22.49492]]}},{"type":"Feature","properties":{"nombre":"Aeropuerto El Loa","jerarquia":5},"geometry":{"type":"LineString","coordinates":[[-68.90928,-22.49492],[-68.90898,-22.49482],[-68.90653,-22.49499],[-68.90645,-22.49491]]}},{"type":"Feature","properties":{"nombre":"Aeropuerto El Loa","jerarquia":5},"geometry":{"type":"LineString","coordinates":[[-68.90645,-22.49491],[-68.90644,-22.49435]]}},{"type":"Feature","properties":{"nombre":"","jerarquia":2},"geometry":{"type":"LineString","coordinates":[[-68.90087,-22.44411],[-68.90068,-22.44422]]}},{"type":"Feature","properties":{"nombre":"Teniente Merino","jerarquia":5},"geometry":{"type":"LineString","coordinates":[[-68.90177,-22.44413],[-68.90122,-22.44407],[-68.90103,-22.4441],[-68.90089,-22.44418]]}},{"type":"Feature","properties":{"nombre":"","jerarquia":2},"geometry":{"type":"LineString","coordinates":[[-68.89941,-22.4455],[-68.89925,-22.44591]]}},{"type":"Feature","properties":{"nombre":"","jerarquia":2},"geometry":{"type":"LineString","coordinates":[[-68.90029,-22.44444],[-68.90038,-22.44433]]}},{"type":"Feature","properties":{"nombre":"","jerarquia":2},"geometry":{"type":"LineString","coordinates":[[-68.90169,-22.44331],[-68.90164,-22.4434]]}},{"type":"Feature","properties":{"nombre":"","jerarquia":2},"geometry":{"type":"LineString","coordinates":[[-68.90166,-22.44319],[-68.9017,-22.44312]]}},{"type":"Feature","properties":{"nombre":"Almirante Grau","jerarquia":3},"geometry":{"type":"LineString","coordinates":[[-68.90344,-22.44361],[-68.90175,-22.44327]]}},{"type":"Feature","properties":{"nombre":"Almirante Grau","jerarquia":3},"geometry":{"type":"LineString","coordinates":[[-68.90229,-22.44332],[-68.90375,-22.4436]]}},{"type":"Feature","properties":{"nombre":"Avenida Circunvalación","jerarquia":2},"geometry":{"type":"LineString","coordinates":[[-68.9159,-22.43274],[-68.91601,-22.43272]]}},{"type":"Feature","properties":{"nombre":"","jerarquia":2},"geometry":{"type":"LineString","coordinates":[[-68.91592,-22.43285],[-68.9159,-22.43274]]}},{"type":"Feature","properties":{"nombre":"Ruta 24","jerarquia":2},"geometry":{"type":"LineString","coordinates":[[-68.92338,-22.42396],[-68.92336,-22.42451],[-68.92316,-22.42494],[-68.92182,-22.42608]]}},{"type":"Feature","properties":{"nombre":"Avenida Libertador Bernardo O'Higgins","jerarquia":3},"geometry":{"type":"LineString","coordinates":[[-68.92691,-22.47186],[-68.92687,-22.47175]]}},{"type":"Feature","properties":{"nombre":"Avenida Libertador Bernardo O'Higgins","jerarquia":3},"geometry":{"type":"LineString","coordinates":[[-68.92687,-22.47175],[-68.92639,-22.47037]]}},{"type":"Feature","properties":{"nombre":"Avenida Libertador Bernardo O'Higgins","jerarquia":3},"geometry":{"type":"LineString","coordinates":[[-68.92639,-22.47037],[-68.92594,-22.469]]}},{"type":"Feature","properties":{"nombre":"Avenida Libertador Bernardo O'Higgins","jerarquia":3},"geometry":{"type":"LineString","coordinates":[[-68.92697,-22.47184],[-68.92717,-22.47242]]}},{"type":"Feature","properties":{"nombre":"Avenida Libertador Bernardo O'Higgins","jerarquia":3},"geometry":{"type":"LineString","coordinates":[[-68.92717,-22.47242],[-68.92729,-22.47277]]}},{"type":"Feature","properties":{"nombre":"","jerarquia":3},"geometry":{"type":"LineString","coordinates":[[-68.92694,-22.47201],[-68.92673,-22.4719]]}},{"type":"Feature","properties":{"nombre":"","jerarquia":3},"geometry":{"type":"LineString","coordinates":[[-68.92673,-22.4719],[-68.92687,-22.47175]]}},{"type":"Feature","properties":{"nombre":"Arturo Prat","jerarquia":3},"geometry":{"type":"LineString","coordinates":[[-68.92762,-22.44517],[-68.9277,-22.44516]]}},{"type":"Feature","properties":{"nombre":"Avenida Granaderos","jerarquia":4},"geometry":{"type":"LineString","coordinates":[[-68.92763,-22.44523],[-68.92762,-22.44517]]}},{"type":"Feature","properties":{"nombre":"Arturo Prat","jerarquia":3},"geometry":{"type":"LineString","coordinates":[[-68.92366,-22.44569],[-68.92252,-22.44586]]}},{"type":"Feature","properties":{"nombre":"Arturo Prat","jerarquia":3},"geometry":{"type":"LineString","coordinates":[[-68.92252,-22.44586],[-68.92176,-22.44599]]}},{"type":"Feature","properties":{"nombre":"Arturo Prat","jerarquia":3},"geometry":{"type":"LineString","coordinates":[[-68.92176,-22.44599],[-68.921,-22.44611]]}},{"type":"Feature","properties":{"nombre":"Arturo Prat","jerarquia":3},"geometry":{"type":"LineString","coordinates":[[-68.921,-22.44611],[-68.92042,-22.44623]]}},{"type":"Feature","properties":{"nombre":"Arturo Prat","jerarquia":3},"geometry":{"type":"LineString","coordinates":[[-68.92771,-22.44522],[-68.92763,-22.44523]]}},{"type":"Feature","properties":{"nombre":"Avenida Granaderos","jerarquia":3},"geometry":{"type":"LineString","coordinates":[[-68.92771,-22.44522],[-68.92811,-22.44719]]}},{"type":"Feature","properties":{"nombre":"Avenida Granaderos","jerarquia":3},"geometry":{"type":"LineString","coordinates":[[-68.92811,-22.44719],[-68.92829,-22.44806]]}},{"type":"Feature","properties":{"nombre":"Avenida Granaderos","jerarquia":3},"geometry":{"type":"LineString","coordinates":[[-68.92829,-22.44806],[-68.92832,-22.44821]]}},{"type":"Feature","properties":{"nombre":"Avenida Granaderos","jerarquia":3},"geometry":{"type":"LineString","coordinates":[[-68.92832,-22.44821],[-68.92844,-22.44883]]}},{"type":"Feature","properties":{"nombre":"Avenida Granaderos","jerarquia":3},"geometry":{"type":"LineString","coordinates":[[-68.92844,-22.44883],[-68.92857,-22.44944]]}},{"type":"Feature","properties":{"nombre":"Avenida Granaderos","jerarquia":3},"geometry":{"type":"LineString","coordinates":[[-68.92857,-22.44944],[-68.92881,-22.45067]]}},{"type":"Feature","properties":{"nombre":"Avenida Granaderos","jerarquia":3},"geometry":{"type":"LineString","coordinates":[[-68.92881,-22.45067],[-68.92907,-22.45193]]}},{"type":"Feature","properties":{"nombre":"Avenida Granaderos","jerarquia":3},"geometry":{"type":"LineString","coordinates":[[-68.92907,-22.45193],[-68.92921,-22.45262]]}},{"type":"Feature","properties":{"nombre":"Avenida Granaderos","jerarquia":3},"geometry":{"type":"LineString","coordinates":[[-68.92921,-22.45262],[-68.92923,-22.45274]]}},{"type":"Feature","properties":{"nombre":"Avenida Granaderos","jerarquia":3},"geometry":{"type":"LineString","coordinates":[[-68.92923,-22.45274],[-68.9293,-22.45315]]}},{"type":"Feature","properties":{"nombre":"Avenida Granaderos","jerarquia":3},"geometry":{"type":"LineString","coordinates":[[-68.9293,-22.45315],[-68.92933,-22.45327]]}},{"type":"Feature","properties":{"nombre":"","jerarquia":2},"geometry":{"type":"LineString","coordinates":[[-68.85477,-22.50361],[-68.85483,-22.50344],[-68.85473,-22.50326]]}},{"type":"Feature","properties":{"nombre":"Avenida La Paz","jerarquia":2},"geometry":{"type":"LineString","coordinates":[[-68.89881,-22.46934],[-68.89929,-22.46897]]}},{"type":"Feature","properties":{"nombre":"Avenida La Paz","jerarquia":2},"geometry":{"type":"LineString","coordinates":[[-68.89898,-22.46928],[-68.89881,-22.46943]]}},{"type":"Feature","properties":{"nombre":"","jerarquia":3},"geometry":{"type":"LineString","coordinates":[[-68.90051,-22.46836],[-68.90036,-22.46825]]}},{"type":"Feature","properties":{"nombre":"","jerarquia":3},"geometry":{"type":"LineString","coordinates":[[-68.90036,-22.46825],[-68.9003,-22.46825]]}},{"type":"Feature","properties":{"nombre":"Venezuela","jerarquia":5},"geometry":{"type":"LineString","coordinates":[[-68.93134,-22.45283],[-68.93135,-22.45311]]}},{"type":"Feature","properties":{"nombre":"Venezuela","jerarquia":5},"geometry":{"type":"LineString","coordinates":[[-68.93135,-22.45311],[-68.93135,-22.45319]]}},{"type":"Feature","properties":{"nombre":"Alonso de Ercilla","jerarquia":5},"geometry":{"type":"LineString","coordinates":[[-68.93134,-22.45283],[-68.93214,-22.45273]]}},{"type":"Feature","properties":{"nombre":"Avenida Parque Oriente","jerarquia":3},"geometry":{"type":"LineString","coordinates":[[-68.92253,-22.45678],[-68.92273,-22.45682]]}},{"type":"Feature","properties":{"nombre":"","jerarquia":5},"geometry":{"type":"LineString","coordinates":[[-68.90198,-22.44402],[-68.90177,-22.44413]]}},{"type":"Feature","properties":{"nombre":"Laguna Kalina","jerarquia":5},"geometry":{"type":"LineString","coordinates":[[-68.90533,-22.47919],[-68.90504,-22.47893]]}},{"type":"Feature","properties":{"nombre":"Laguna Kalina","jerarquia":5},"geometry":{"type":"LineString","coordinates":[[-68.90504,-22.47893],[-68.90385,-22.47791]]}},{"type":"Feature","properties":{"nombre":"Laguna Kalina","jerarquia":5},"geometry":{"type":"LineString","coordinates":[[-68.90385,-22.47791],[-68.90355,-22.47757]]}},{"type":"Feature","properties":{"nombre":"Laguna Kalina","jerarquia":5},"geometry":{"type":"LineString","coordinates":[[-68.90355,-22.47757],[-68.90333,-22.47718]]}},{"type":"Feature","properties":{"nombre":"Avenida Circunvalación","jerarquia":5},"geometry":{"type":"LineString","coordinates":[[-68.9042,-22.47632],[-68.90399,-22.47652]]}},{"type":"Feature","properties":{"nombre":"Avenida Circunvalación","jerarquia":5},"geometry":{"type":"LineString","coordinates":[[-68.90399,-22.47652],[-68.90392,-22.47659]]}},{"type":"Feature","properties":{"nombre":"Arturo Prat","jerarquia":3},"geometry":{"type":"LineString","coordinates":[[-68.91986,-22.44622],[-68.92061,-22.44611]]}},{"type":"Feature","properties":{"nombre":"Arturo Prat","jerarquia":3},"geometry":{"type":"LineString","coordinates":[[-68.92061,-22.44611],[-68.92137,-22.44598]]}},{"type":"Feature","properties":{"nombre":"Arturo Prat","jerarquia":3},"geometry":{"type":"LineString","coordinates":[[-68.92137,-22.44598],[-68.92213,-22.44586]]}},{"type":"Feature","properties":{"nombre":"Arturo Prat","jerarquia":3},"geometry":{"type":"LineString","coordinates":[[-68.92213,-22.44586],[-68.92287,-22.44573]]}},{"type":"Feature","properties":{"nombre":"Arturo Prat","jerarquia":3},"geometry":{"type":"LineString","coordinates":[[-68.92287,-22.44573],[-68.92367,-22.4456]]}},{"type":"Feature","properties":{"nombre":"Arturo Prat","jerarquia":3},"geometry":{"type":"LineString","coordinates":[[-68.92367,-22.4456],[-68.92441,-22.44547]]}},{"type":"Feature","properties":{"nombre":"Arturo Prat","jerarquia":3},"geometry":{"type":"LineString","coordinates":[[-68.92441,-22.44547],[-68.92517,-22.44535]]}},{"type":"Feature","properties":{"nombre":"Almirante Grau","jerarquia":3},"geometry":{"type":"LineString","coordinates":[[-68.91957,-22.44633],[-68.91947,-22.44634]]}},{"type":"Feature","properties":{"nombre":"Almirante Grau","jerarquia":3},"geometry":{"type":"LineString","coordinates":[[-68.91947,-22.44634],[-68.91924,-22.44637]]}},{"type":"Feature","properties":{"nombre":"Almirante Grau","jerarquia":3},"geometry":{"type":"LineString","coordinates":[[-68.91924,-22.44637],[-68.91866,-22.44643]]}},{"type":"Feature","properties":{"nombre":"Almirante Grau","jerarquia":3},"geometry":{"type":"LineString","coordinates":[[-68.91866,-22.44643],[-68.91828,-22.44645]]}},{"type":"Feature","properties":{"nombre":"Arturo Prat","jerarquia":3},"geometry":{"type":"LineString","coordinates":[[-68.91954,-22.44625],[-68.91986,-22.44622]]}},{"type":"Feature","properties":{"nombre":"","jerarquia":1},"geometry":{"type":"LineString","coordinates":[[-68.92578,-22.49422],[-68.92551,-22.49358],[-68.92523,-22.49267],[-68.92512,-22.49255],[-68.92485,-22.49249]]}},{"type":"Feature","properties":{"nombre":"Independencia","jerarquia":5},"geometry":{"type":"LineString","coordinates":[[-68.93178,-22.44306],[-68.93171,-22.44308]]}},{"type":"Feature","properties":{"nombre":"Independencia","jerarquia":5},"geometry":{"type":"LineString","coordinates":[[-68.93171,-22.44308],[-68.93099,-22.4432]]}},{"type":"Feature","properties":{"nombre":"Independencia","jerarquia":5},"geometry":{"type":"LineString","coordinates":[[-68.93099,-22.4432],[-68.93021,-22.44334]]}},{"type":"Feature","properties":{"nombre":"Independencia","jerarquia":5},"geometry":{"type":"LineString","coordinates":[[-68.93021,-22.44334],[-68.92946,-22.44347]]}},{"type":"Feature","properties":{"nombre":"Independencia","jerarquia":5},"geometry":{"type":"LineString","coordinates":[[-68.92946,-22.44347],[-68.9287,-22.4436]]}},{"type":"Feature","properties":{"nombre":"Independencia","jerarquia":5},"geometry":{"type":"LineString","coordinates":[[-68.9287,-22.4436],[-68.92794,-22.44374]]}},{"type":"Feature","properties":{"nombre":"Independencia","jerarquia":5},"geometry":{"type":"LineString","coordinates":[[-68.92794,-22.44374],[-68.92791,-22.44358]]}},{"type":"Feature","properties":{"nombre":"Avenida Maipú","jerarquia":4},"geometry":{"type":"LineString","coordinates":[[-68.92983,-22.45305],[-68.93057,-22.4531]]}},{"type":"Feature","properties":{"nombre":"Avenida Maipú","jerarquia":4},"geometry":{"type":"LineString","coordinates":[[-68.93057,-22.4531],[-68.93135,-22.45311]]}},{"type":"Feature","properties":{"nombre":"Avenida Maipú","jerarquia":4},"geometry":{"type":"LineString","coordinates":[[-68.93135,-22.45311],[-68.93214,-22.45314]]}},{"type":"Feature","properties":{"nombre":"Avenida Maipú","jerarquia":4},"geometry":{"type":"LineString","coordinates":[[-68.93214,-22.45314],[-68.93292,-22.45315]]}},{"type":"Feature","properties":{"nombre":"Avenida Maipú","jerarquia":4},"geometry":{"type":"LineString","coordinates":[[-68.93292,-22.45315],[-68.93361,-22.45317]]}},{"type":"Feature","properties":{"nombre":"Avenida Maipú","jerarquia":4},"geometry":{"type":"LineString","coordinates":[[-68.93361,-22.45317],[-68.93369,-22.45318]]}},{"type":"Feature","properties":{"nombre":"Avenida Maipú","jerarquia":4},"geometry":{"type":"LineString","coordinates":[[-68.93369,-22.45318],[-68.93377,-22.45318]]}},{"type":"Feature","properties":{"nombre":"Avenida Maipú","jerarquia":4},"geometry":{"type":"LineString","coordinates":[[-68.93377,-22.45318],[-68.93454,-22.45319]]}},{"type":"Feature","properties":{"nombre":"Avenida Maipú","jerarquia":4},"geometry":{"type":"LineString","coordinates":[[-68.93454,-22.45319],[-68.93533,-22.45322]]}},{"type":"Feature","properties":{"nombre":"Avenida Maipú","jerarquia":4},"geometry":{"type":"LineString","coordinates":[[-68.93533,-22.45322],[-68.93609,-22.45323]]}},{"type":"Feature","properties":{"nombre":"Avenida Maipú","jerarquia":4},"geometry":{"type":"LineString","coordinates":[[-68.93609,-22.45323],[-68.93688,-22.45325]]}},{"type":"Feature","properties":{"nombre":"Avenida Maipú","jerarquia":4},"geometry":{"type":"LineString","coordinates":[[-68.93688,-22.45325],[-68.93763,-22.45327]]}},{"type":"Feature","properties":{"nombre":"Avenida Maipú","jerarquia":4},"geometry":{"type":"LineString","coordinates":[[-68.93763,-22.45327],[-68.93841,-22.45328]]}},{"type":"Feature","properties":{"nombre":"Avenida Maipú","jerarquia":4},"geometry":{"type":"LineString","coordinates":[[-68.93841,-22.45328],[-68.93916,-22.45329]]}},{"type":"Feature","properties":{"nombre":"Arturo Prat","jerarquia":4},"geometry":{"type":"LineString","coordinates":[[-68.9277,-22.44516],[-68.92821,-22.44507]]}},{"type":"Feature","properties":{"nombre":"Arturo Prat","jerarquia":4},"geometry":{"type":"LineString","coordinates":[[-68.92821,-22.44507],[-68.92898,-22.44494]]}},{"type":"Feature","properties":{"nombre":"Arturo Prat","jerarquia":4},"geometry":{"type":"LineString","coordinates":[[-68.92898,-22.44494],[-68.92974,-22.44482]]}},{"type":"Feature","properties":{"nombre":"Arturo Prat","jerarquia":4},"geometry":{"type":"LineString","coordinates":[[-68.92974,-22.44482],[-68.93049,-22.4447]]}},{"type":"Feature","properties":{"nombre":"Arturo Prat","jerarquia":4},"geometry":{"type":"LineString","coordinates":[[-68.93049,-22.4447],[-68.93127,-22.44456]]}},{"type":"Feature","properties":{"nombre":"Arturo Prat","jerarquia":4},"geometry":{"type":"LineString","coordinates":[[-68.93127,-22.44456],[-68.93192,-22.44443]]}},{"type":"Feature","properties":{"nombre":"Arturo Prat","jerarquia":4},"geometry":{"type":"LineString","coordinates":[[-68.93192,-22.44443],[-68.93198,-22.44442]]}},{"type":"Feature","properties":{"nombre":"Arturo Prat","jerarquia":4},"geometry":{"type":"LineString","coordinates":[[-68.93198,-22.44442],[-68.93206,-22.44444]]}},{"type":"Feature","properties":{"nombre":"Avenida Maipú","jerarquia":5},"geometry":{"type":"LineString","coordinates":[[-68.93916,-22.45329],[-68.93985,-22.4533]]}},{"type":"Feature","properties":{"nombre":"Avenida Maipú","jerarquia":5},"geometry":{"type":"LineString","coordinates":[[-68.93985,-22.4533],[-68.9402,-22.45332]]}},{"type":"Feature","properties":{"nombre":"Avenida Maipú","jerarquia":5},"geometry":{"type":"LineString","coordinates":[[-68.9402,-22.45332],[-68.94081,-22.45333]]}},{"type":"Feature","properties":{"nombre":"Hurtado de Mendoza","jerarquia":5},"geometry":{"type":"LineString","coordinates":[[-68.94101,-22.45626],[-68.94109,-22.45625]]}},{"type":"Feature","properties":{"nombre":"Hurtado de Mendoza","jerarquia":5},"geometry":{"type":"LineString","coordinates":[[-68.94109,-22.45625],[-68.94145,-22.45626]]}},{"type":"Feature","properties":{"nombre":"Hurtado de Mendoza","jerarquia":5},"geometry":{"type":"LineString","coordinates":[[-68.94145,-22.45626],[-68.94215,-22.45628]]}},{"type":"Feature","properties":{"nombre":"Hurtado de Mendoza","jerarquia":5},"geometry":{"type":"LineString","coordinates":[[-68.94215,-22.45628],[-68.94266,-22.45628]]}},{"type":"Feature","properties":{"nombre":"Hurtado de Mendoza","jerarquia":5},"geometry":{"type":"LineString","coordinates":[[-68.94266,-22.45628],[-68.94315,-22.45629]]}},{"type":"Feature","properties":{"nombre":"Hurtado de Mendoza","jerarquia":5},"geometry":{"type":"LineString","coordinates":[[-68.94315,-22.45629],[-68.94384,-22.45632]]}},{"type":"Feature","properties":{"nombre":"Hurtado de Mendoza","jerarquia":5},"geometry":{"type":"LineString","coordinates":[[-68.94384,-22.45632],[-68.94501,-22.45633]]}},{"type":"Feature","properties":{"nombre":"Hurtado de Mendoza","jerarquia":5},"geometry":{"type":"LineString","coordinates":[[-68.94501,-22.45633],[-68.94508,-22.45634]]}},{"type":"Feature","properties":{"nombre":"Hurtado de Mendoza","jerarquia":5},"geometry":{"type":"LineString","coordinates":[[-68.94508,-22.45634],[-68.94571,-22.45636]]}},{"type":"Feature","properties":{"nombre":"Hurtado de Mendoza","jerarquia":5},"geometry":{"type":"LineString","coordinates":[[-68.94571,-22.45636],[-68.94623,-22.45637]]}},{"type":"Feature","properties":{"nombre":"Emilio Sotomayor","jerarquia":4},"geometry":{"type":"LineString","coordinates":[[-68.93859,-22.4629],[-68.93738,-22.46287]]}},{"type":"Feature","properties":{"nombre":"Emilio Sotomayor","jerarquia":4},"geometry":{"type":"LineString","coordinates":[[-68.93738,-22.46287],[-68.93605,-22.46284]]}},{"type":"Feature","properties":{"nombre":"Emilio Sotomayor","jerarquia":4},"geometry":{"type":"LineString","coordinates":[[-68.93605,-22.46284],[-68.93482,-22.46281]]}},{"type":"Feature","properties":{"nombre":"Emilio Sotomayor","jerarquia":4},"geometry":{"type":"LineString","coordinates":[[-68.93482,-22.46281],[-68.93471,-22.46281]]}},{"type":"Feature","properties":{"nombre":"Emilio Sotomayor","jerarquia":4},"geometry":{"type":"LineString","coordinates":[[-68.93471,-22.46281],[-68.93362,-22.46283]]}},{"type":"Feature","properties":{"nombre":"Emilio Sotomayor","jerarquia":4},"geometry":{"type":"LineString","coordinates":[[-68.93362,-22.46283],[-68.93353,-22.46283]]}},{"type":"Feature","properties":{"nombre":"Antofagasta","jerarquia":5},"geometry":{"type":"LineString","coordinates":[[-68.93876,-22.46089],[-68.93995,-22.46096]]}},{"type":"Feature","properties":{"nombre":"Antofagasta","jerarquia":5},"geometry":{"type":"LineString","coordinates":[[-68.93995,-22.46096],[-68.94113,-22.46104]]}},{"type":"Feature","properties":{"nombre":"Antofagasta","jerarquia":5},"geometry":{"type":"LineString","coordinates":[[-68.94113,-22.46104],[-68.94233,-22.4611]]}},{"type":"Feature","properties":{"nombre":"Antofagasta","jerarquia":5},"geometry":{"type":"LineString","coordinates":[[-68.94233,-22.4611],[-68.94352,-22.46116]]}},{"type":"Feature","properties":{"nombre":"Antofagasta","jerarquia":5},"geometry":{"type":"LineString","coordinates":[[-68.94352,-22.46116],[-68.94471,-22.46121]]}},{"type":"Feature","properties":{"nombre":"Antofagasta","jerarquia":5},"geometry":{"type":"LineString","coordinates":[[-68.94471,-22.46121],[-68.94585,-22.46127]]}},{"type":"Feature","properties":{"nombre":"Antofagasta","jerarquia":5},"geometry":{"type":"LineString","coordinates":[[-68.94585,-22.46127],[-68.94637,-22.46129]]}},{"type":"Feature","properties":{"nombre":"Almirante Grau","jerarquia":3},"geometry":{"type":"LineString","coordinates":[[-68.91828,-22.44645],[-68.91765,-22.44636]]}},{"type":"Feature","properties":{"nombre":"Almirante Grau","jerarquia":3},"geometry":{"type":"LineString","coordinates":[[-68.91765,-22.44636],[-68.91725,-22.44628]]}},{"type":"Feature","properties":{"nombre":"Almirante Grau","jerarquia":3},"geometry":{"type":"LineString","coordinates":[[-68.91725,-22.44628],[-68.91707,-22.44626]]}},{"type":"Feature","properties":{"nombre":"Almirante Grau","jerarquia":3},"geometry":{"type":"LineString","coordinates":[[-68.91707,-22.44626],[-68.91628,-22.4461]]}},{"type":"Feature","properties":{"nombre":"Almirante Grau","jerarquia":3},"geometry":{"type":"LineString","coordinates":[[-68.91628,-22.4461],[-68.91524,-22.4459]]}},{"type":"Feature","properties":{"nombre":"Almirante Grau","jerarquia":3},"geometry":{"type":"LineString","coordinates":[[-68.91524,-22.4459],[-68.91419,-22.44569]]}},{"type":"Feature","properties":{"nombre":"Almirante Grau","jerarquia":3},"geometry":{"type":"LineString","coordinates":[[-68.91419,-22.44569],[-68.91329,-22.44551]]}},{"type":"Feature","properties":{"nombre":"Almirante Grau","jerarquia":3},"geometry":{"type":"LineString","coordinates":[[-68.91329,-22.44551],[-68.91228,-22.44531]]}},{"type":"Feature","properties":{"nombre":"Almirante Grau","jerarquia":3},"geometry":{"type":"LineString","coordinates":[[-68.91228,-22.44531],[-68.91137,-22.44513]]}},{"type":"Feature","properties":{"nombre":"Almirante Grau","jerarquia":3},"geometry":{"type":"LineString","coordinates":[[-68.91137,-22.44513],[-68.91044,-22.44496]]}},{"type":"Feature","properties":{"nombre":"Almirante Grau","jerarquia":3},"geometry":{"type":"LineString","coordinates":[[-68.91044,-22.44496],[-68.91023,-22.44492]]}},{"type":"Feature","properties":{"nombre":"Almirante Grau","jerarquia":3},"geometry":{"type":"LineString","coordinates":[[-68.91023,-22.44492],[-68.90993,-22.44487]]}},{"type":"Feature","properties":{"nombre":"Almirante Grau","jerarquia":3},"geometry":{"type":"LineString","coordinates":[[-68.90993,-22.44487],[-68.90854,-22.44461]]}},{"type":"Feature","properties":{"nombre":"Almirante Grau","jerarquia":3},"geometry":{"type":"LineString","coordinates":[[-68.90854,-22.44461],[-68.90737,-22.44439]]}},{"type":"Feature","properties":{"nombre":"Almirante Grau","jerarquia":3},"geometry":{"type":"LineString","coordinates":[[-68.90737,-22.44439],[-68.90687,-22.44429]]}},{"type":"Feature","properties":{"nombre":"Hurtado de Mendoza","jerarquia":5},"geometry":{"type":"LineString","coordinates":[[-68.94101,-22.45626],[-68.94025,-22.45627]]}},{"type":"Feature","properties":{"nombre":"Hurtado de Mendoza","jerarquia":5},"geometry":{"type":"LineString","coordinates":[[-68.94025,-22.45627],[-68.93943,-22.45623]]}},{"type":"Feature","properties":{"nombre":"Balmaceda","jerarquia":3},"geometry":{"type":"LineString","coordinates":[[-68.92325,-22.47952],[-68.92325,-22.47994]]}},{"type":"Feature","properties":{"nombre":"Balmaceda","jerarquia":3},"geometry":{"type":"LineString","coordinates":[[-68.92325,-22.47994],[-68.92325,-22.48016]]}},{"type":"Feature","properties":{"nombre":"Balmaceda","jerarquia":3},"geometry":{"type":"LineString","coordinates":[[-68.92325,-22.48016],[-68.92325,-22.4815]]}},{"type":"Feature","properties":{"nombre":"Balmaceda","jerarquia":3},"geometry":{"type":"LineString","coordinates":[[-68.92325,-22.4815],[-68.92325,-22.48242]]}},{"type":"Feature","properties":{"nombre":"Balmaceda","jerarquia":3},"geometry":{"type":"LineString","coordinates":[[-68.92325,-22.48242],[-68.92336,-22.48435],[-68.92352,-22.48542],[-68.92389,-22.48721]]}},{"type":"Feature","properties":{"nombre":"Balmaceda","jerarquia":3},"geometry":{"type":"LineString","coordinates":[[-68.92389,-22.48721],[-68.92405,-22.48784],[-68.92421,-22.4881],[-68.92443,-22.48833]]}},{"type":"Feature","properties":{"nombre":"Balmaceda","jerarquia":3},"geometry":{"type":"LineString","coordinates":[[-68.92316,-22.47993],[-68.92316,-22.47952]]}},{"type":"Feature","properties":{"nombre":"Almirante Grau","jerarquia":2},"geometry":{"type":"LineString","coordinates":[[-68.90157,-22.44317],[-68.90181,-22.44322]]}},{"type":"Feature","properties":{"nombre":"Avenida Circunvalación","jerarquia":2},"geometry":{"type":"LineString","coordinates":[[-68.92043,-22.49113],[-68.91927,-22.49013]]}},{"type":"Feature","properties":{"nombre":"Avenida Circunvalación","jerarquia":2},"geometry":{"type":"LineString","coordinates":[[-68.92102,-22.49166],[-68.92069,-22.49136]]}},{"type":"Feature","properties":{"nombre":"Avenida Circunvalación","jerarquia":2},"geometry":{"type":"LineString","coordinates":[[-68.92077,-22.4913],[-68.92192,-22.49232]]}},{"type":"Feature","properties":{"nombre":"Ruta 23 CH","jerarquia":2},"geometry":{"type":"LineString","coordinates":[[-68.8968,-22.47116],[-68.89638,-22.47149]]}},{"type":"Feature","properties":{"nombre":"Ruta 23 CH","jerarquia":2},"geometry":{"type":"LineString","coordinates":[[-68.89675,-22.47113],[-68.89864,-22.46953]]}},{"type":"Feature","properties":{"nombre":"Ruta 23 CH","jerarquia":2},"geometry":{"type":"LineString","coordinates":[[-68.89881,-22.46943],[-68.89832,-22.46988]]}},{"type":"Feature","properties":{"nombre":"Ruta 23 CH","jerarquia":2},"geometry":{"type":"LineString","coordinates":[[-68.89864,-22.46953],[-68.89881,-22.46934]]}},{"type":"Feature","properties":{"nombre":"Avenida Circunvalación","jerarquia":2},"geometry":{"type":"LineString","coordinates":[[-68.89874,-22.46932],[-68.89863,-22.4686],[-68.8986,-22.46812],[-68.89868,-22.46765],[-68.89886,-22.4672]]}},{"type":"Feature","properties":{"nombre":"Avenida Circunvalación","jerarquia":2},"geometry":{"type":"LineString","coordinates":[[-68.89885,-22.46996],[-68.89878,-22.4696]]}},{"type":"Feature","properties":{"nombre":"Avenida Circunvalación","jerarquia":2},"geometry":{"type":"LineString","coordinates":[[-68.89908,-22.47126],[-68.89885,-22.46996]]}},{"type":"Feature","properties":{"nombre":"Avenida Circunvalación","jerarquia":2},"geometry":{"type":"LineString","coordinates":[[-68.89888,-22.46952],[-68.89908,-22.47073]]}},{"type":"Feature","properties":{"nombre":"Avenida Circunvalación","jerarquia":2},"geometry":{"type":"LineString","coordinates":[[-68.89879,-22.46894],[-68.89883,-22.4692]]}},{"type":"Feature","properties":{"nombre":"Avenida Circunvalación","jerarquia":2},"geometry":{"type":"LineString","coordinates":[[-68.89891,-22.46734],[-68.89878,-22.4677],[-68.89872,-22.46803],[-68.89872,-22.46838],[-68.89879,-22.46894]]}},{"type":"Feature","properties":{"nombre":"","jerarquia":2},"geometry":{"type":"LineString","coordinates":[[-68.89778,-22.44843],[-68.89789,-22.44758]]}},{"type":"Feature","properties":{"nombre":"Ruta 24","jerarquia":2},"geometry":{"type":"LineString","coordinates":[[-68.91594,-22.43148],[-68.916,-22.43258]]}},{"type":"Feature","properties":{"nombre":"Ruta 24","jerarquia":2},"geometry":{"type":"LineString","coordinates":[[-68.916,-22.43258],[-68.91601,-22.43272]]}},{"type":"Feature","properties":{"nombre":"Ruta 24","jerarquia":2},"geometry":{"type":"LineString","coordinates":[[-68.91702,-22.42796],[-68.91661,-22.42809],[-68.91632,-22.42825],[-68.91607,-22.4285],[-68.91594,-22.42881],[-68.9159,-22.42911],[-68.91594,-22.43148]]}},{"type":"Feature","properties":{"nombre":"Ruta 24","jerarquia":2},"geometry":{"type":"LineString","coordinates":[[-68.9232,-22.42309],[-68.92338,-22.42396]]}},{"type":"Feature","properties":{"nombre":"Almirante Grau","jerarquia":2},"geometry":{"type":"LineString","coordinates":[[-68.89977,-22.44288],[-68.89935,-22.44279]]}},{"type":"Feature","properties":{"nombre":"Almirante Grau","jerarquia":2},"geometry":{"type":"LineString","coordinates":[[-68.89935,-22.44279],[-68.89977,-22.44284]]}},{"type":"Feature","properties":{"nombre":"Almirante Grau","jerarquia":2},"geometry":{"type":"LineString","coordinates":[[-68.90175,-22.44327],[-68.901,-22.44313]]}},{"type":"Feature","properties":{"nombre":"Almirante Grau","jerarquia":2},"geometry":{"type":"LineString","coordinates":[[-68.90181,-22.44322],[-68.90229,-22.44332]]}},{"type":"Feature","properties":{"nombre":"Avenida Circunvalación","jerarquia":2},"geometry":{"type":"LineString","coordinates":[[-68.90173,-22.44312],[-68.90392,-22.44112]]}},{"type":"Feature","properties":{"nombre":"Avenida Circunvalación","jerarquia":2},"geometry":{"type":"LineString","coordinates":[[-68.9042,-22.44101],[-68.90213,-22.44292]]}},{"type":"Feature","properties":{"nombre":"Avenida Circunvalación","jerarquia":2},"geometry":{"type":"LineString","coordinates":[[-68.90213,-22.44292],[-68.90187,-22.44315]]}},{"type":"Feature","properties":{"nombre":"Avenida Circunvalación","jerarquia":2},"geometry":{"type":"LineString","coordinates":[[-68.90029,-22.44444],[-68.9004,-22.44435]]}},{"type":"Feature","properties":{"nombre":"Costa Rica","jerarquia":5},"geometry":{"type":"LineString","coordinates":[[-68.93056,-22.45292],[-68.93057,-22.4531]]}},{"type":"Feature","properties":{"nombre":"Tocopilla","jerarquia":5},"geometry":{"type":"LineString","coordinates":[[-68.94694,-22.46151],[-68.94718,-22.46161]]}},{"type":"Feature","properties":{"nombre":"Tocopilla","jerarquia":5},"geometry":{"type":"LineString","coordinates":[[-68.94718,-22.46161],[-68.94831,-22.46205]]}},{"type":"Feature","properties":{"nombre":"Tocopilla","jerarquia":5},"geometry":{"type":"LineString","coordinates":[[-68.94831,-22.46205],[-68.94841,-22.46209]]}},{"type":"Feature","properties":{"nombre":"Ruta 23 CH","jerarquia":2},"geometry":{"type":"LineString","coordinates":[[-68.89268,-22.47457],[-68.89083,-22.47582],[-68.88289,-22.48069],[-68.88134,-22.48176],[-68.87136,-22.49082],[-68.8673,-22.49426],[-68.86626,-22.49511],[-68.86096,-22.49873],[-68.85606,-22.50259]]}},{"type":"Feature","properties":{"nombre":"Ruta 23 CH","jerarquia":2},"geometry":{"type":"LineString","coordinates":[[-68.85606,-22.50259],[-68.85556,-22.50298]]}},{"type":"Feature","properties":{"nombre":"Ruta 23 CH","jerarquia":2},"geometry":{"type":"LineString","coordinates":[[-68.85556,-22.50298],[-68.85506,-22.50337]]}},{"type":"Feature","properties":{"nombre":"Ruta 23 CH","jerarquia":2},"geometry":{"type":"LineString","coordinates":[[-68.85506,-22.50337],[-68.85477,-22.50361]]}},{"type":"Feature","properties":{"nombre":"Ruta 23 CH","jerarquia":2},"geometry":{"type":"LineString","coordinates":[[-68.85477,-22.50361],[-68.85341,-22.50471],[-68.85194,-22.50623]]}},{"type":"Feature","properties":{"nombre":"Talagante","jerarquia":5},"geometry":{"type":"LineString","coordinates":[[-68.91711,-22.44677],[-68.91711,-22.44666]]}},{"type":"Feature","properties":{"nombre":"Talagante","jerarquia":5},"geometry":{"type":"LineString","coordinates":[[-68.91711,-22.44666],[-68.91707,-22.44626]]}},{"type":"Feature","properties":{"nombre":"11 Norte","jerarquia":5},"geometry":{"type":"LineString","coordinates":[[-68.91861,-22.44778],[-68.91867,-22.44778]]}},{"type":"Feature","properties":{"nombre":"11 Norte","jerarquia":5},"geometry":{"type":"LineString","coordinates":[[-68.91867,-22.44778],[-68.91874,-22.44785]]}},{"type":"Feature","properties":{"nombre":"11 Norte","jerarquia":5},"geometry":{"type":"LineString","coordinates":[[-68.91874,-22.44785],[-68.91873,-22.44792]]}},{"type":"Feature","properties":{"nombre":"11 Norte","jerarquia":5},"geometry":{"type":"LineString","coordinates":[[-68.91873,-22.44792],[-68.9186,-22.44796]]}},{"type":"Feature","properties":{"nombre":"11 Norte","jerarquia":5},"geometry":{"type":"LineString","coordinates":[[-68.9186,-22.44796],[-68.91859,-22.44796]]}},{"type":"Feature","properties":{"nombre":"11 Norte","jerarquia":5},"geometry":{"type":"LineString","coordinates":[[-68.91859,-22.44796],[-68.91855,-22.44791]]}},{"type":"Feature","properties":{"nombre":"11 Norte","jerarquia":5},"geometry":{"type":"LineString","coordinates":[[-68.91855,-22.44791],[-68.91855,-22.44782]]}},{"type":"Feature","properties":{"nombre":"11 Norte","jerarquia":5},"geometry":{"type":"LineString","coordinates":[[-68.91855,-22.44782],[-68.91858,-22.4478]]}},{"type":"Feature","properties":{"nombre":"11 Norte","jerarquia":5},"geometry":{"type":"LineString","coordinates":[[-68.91858,-22.4478],[-68.91861,-22.44778]]}},{"type":"Feature","properties":{"nombre":"11 Norte","jerarquia":5},"geometry":{"type":"LineString","coordinates":[[-68.91818,-22.44793],[-68.91802,-22.448]]}},{"type":"Feature","properties":{"nombre":"11 Norte","jerarquia":5},"geometry":{"type":"LineString","coordinates":[[-68.91802,-22.448],[-68.91752,-22.44817]]}},{"type":"Feature","properties":{"nombre":"11 Norte","jerarquia":5},"geometry":{"type":"LineString","coordinates":[[-68.91818,-22.44793],[-68.91842,-22.44781]]}},{"type":"Feature","properties":{"nombre":"11 Norte","jerarquia":5},"geometry":{"type":"LineString","coordinates":[[-68.91842,-22.44781],[-68.91855,-22.44782]]}},{"type":"Feature","properties":{"nombre":"11 Norte","jerarquia":5},"geometry":{"type":"LineString","coordinates":[[-68.91895,-22.44777],[-68.9194,-22.44774]]}},{"type":"Feature","properties":{"nombre":"11 Norte","jerarquia":5},"geometry":{"type":"LineString","coordinates":[[-68.9194,-22.44774],[-68.91979,-22.4477]]}},{"type":"Feature","properties":{"nombre":"11 Norte","jerarquia":5},"geometry":{"type":"LineString","coordinates":[[-68.91979,-22.4477],[-68.91987,-22.4477]]}},{"type":"Feature","properties":{"nombre":"11 Norte","jerarquia":5},"geometry":{"type":"LineString","coordinates":[[-68.91867,-22.44778],[-68.91895,-22.44777]]}},{"type":"Feature","properties":{"nombre":"11 Norte","jerarquia":5},"geometry":{"type":"LineString","coordinates":[[-68.91895,-22.44777],[-68.91877,-22.44782]]}},{"type":"Feature","properties":{"nombre":"11 Norte","jerarquia":5},"geometry":{"type":"LineString","coordinates":[[-68.91877,-22.44782],[-68.91874,-22.44785]]}},{"type":"Feature","properties":{"nombre":"San Fernando","jerarquia":5},"geometry":{"type":"LineString","coordinates":[[-68.91725,-22.44781],[-68.91688,-22.44775]]}},{"type":"Feature","properties":{"nombre":"San Fernando","jerarquia":5},"geometry":{"type":"LineString","coordinates":[[-68.91846,-22.44762],[-68.91839,-22.44763]]}},{"type":"Feature","properties":{"nombre":"San Fernando","jerarquia":5},"geometry":{"type":"LineString","coordinates":[[-68.91839,-22.44763],[-68.91811,-22.44768]]}},{"type":"Feature","properties":{"nombre":"San Fernando","jerarquia":5},"geometry":{"type":"LineString","coordinates":[[-68.91811,-22.44768],[-68.9178,-22.44776]]}},{"type":"Feature","properties":{"nombre":"San Fernando","jerarquia":5},"geometry":{"type":"LineString","coordinates":[[-68.9178,-22.44776],[-68.91725,-22.44781]]}},{"type":"Feature","properties":{"nombre":"San Fernando","jerarquia":5},"geometry":{"type":"LineString","coordinates":[[-68.91855,-22.44791],[-68.91842,-22.44781]]}},{"type":"Feature","properties":{"nombre":"San Fernando","jerarquia":5},"geometry":{"type":"LineString","coordinates":[[-68.91842,-22.44781],[-68.91826,-22.44769],[-68.91811,-22.44768]]}},{"type":"Feature","properties":{"nombre":"Talagante","jerarquia":5},"geometry":{"type":"LineString","coordinates":[[-68.91711,-22.44677],[-68.91725,-22.44781]]}},{"type":"Feature","properties":{"nombre":"","jerarquia":3},"geometry":{"type":"LineString","coordinates":[[-68.90747,-22.44451],[-68.90737,-22.44439]]}},{"type":"Feature","properties":{"nombre":"","jerarquia":3},"geometry":{"type":"LineString","coordinates":[[-68.90854,-22.44461],[-68.90837,-22.44468]]}},{"type":"Feature","properties":{"nombre":"","jerarquia":3},"geometry":{"type":"LineString","coordinates":[[-68.90426,-22.44387],[-68.90418,-22.44376]]}},{"type":"Feature","properties":{"nombre":"","jerarquia":3},"geometry":{"type":"LineString","coordinates":[[-68.91062,-22.44512],[-68.91044,-22.44496]]}},{"type":"Feature","properties":{"nombre":"","jerarquia":3},"geometry":{"type":"LineString","coordinates":[[-68.91137,-22.44513],[-68.91113,-22.44521]]}},{"type":"Feature","properties":{"nombre":"Colonia","jerarquia":5},"geometry":{"type":"LineString","coordinates":[[-68.93952,-22.44639],[-68.93936,-22.44547]]}},{"type":"Feature","properties":{"nombre":"Colonia","jerarquia":5},"geometry":{"type":"LineString","coordinates":[[-68.93936,-22.44547],[-68.93929,-22.44511]]}},{"type":"Feature","properties":{"nombre":"Colonia","jerarquia":5},"geometry":{"type":"LineString","coordinates":[[-68.93929,-22.44511],[-68.93901,-22.44371]]}},{"type":"Feature","properties":{"nombre":"Colonia","jerarquia":5},"geometry":{"type":"LineString","coordinates":[[-68.93901,-22.44371],[-68.93892,-22.44327]]}},{"type":"Feature","properties":{"nombre":"Ruta 24","jerarquia":2},"geometry":{"type":"LineString","coordinates":[[-68.91601,-22.43272],[-68.91603,-22.43282]]}},{"type":"Feature","properties":{"nombre":"Antofagasta","jerarquia":5},"geometry":{"type":"LineString","coordinates":[[-68.92842,-22.45976],[-68.92962,-22.46005]]}},{"type":"Feature","properties":{"nombre":"Antofagasta","jerarquia":5},"geometry":{"type":"LineString","coordinates":[[-68.92962,-22.46005],[-68.93068,-22.46032]]}},{"type":"Feature","properties":{"nombre":"Antofagasta","jerarquia":4},"geometry":{"type":"LineString","coordinates":[[-68.92266,-22.45808],[-68.92274,-22.45811]]}},{"type":"Feature","properties":{"nombre":"Ecuador","jerarquia":3},"geometry":{"type":"LineString","coordinates":[[-68.92603,-22.46899],[-68.92594,-22.469]]}},{"type":"Feature","properties":{"nombre":"","jerarquia":5},"geometry":{"type":"LineString","coordinates":[[-68.9124,-22.45334],[-68.91242,-22.45325]]}},{"type":"Feature","properties":{"nombre":"Pomaire","jerarquia":5},"geometry":{"type":"LineString","coordinates":[[-68.91424,-22.4456],[-68.91419,-22.44569]]}},{"type":"Feature","properties":{"nombre":"Sevilla","jerarquia":5},"geometry":{"type":"LineString","coordinates":[[-68.91846,-22.44762],[-68.91848,-22.44773]]}},{"type":"Feature","properties":{"nombre":"Sevilla","jerarquia":5},"geometry":{"type":"LineString","coordinates":[[-68.91848,-22.44773],[-68.91858,-22.4478]]}},{"type":"Feature","properties":{"nombre":"Vicuña Mackenna","jerarquia":5},"geometry":{"type":"LineString","coordinates":[[-68.92953,-22.46343],[-68.93059,-22.46352]]}},{"type":"Feature","properties":{"nombre":"Cobija","jerarquia":4},"geometry":{"type":"LineString","coordinates":[[-68.92668,-22.4651],[-68.92704,-22.46527]]}},{"type":"Feature","properties":{"nombre":"Balmaceda","jerarquia":4},"geometry":{"type":"LineString","coordinates":[[-68.92325,-22.47898],[-68.92314,-22.47896]]}},{"type":"Feature","properties":{"nombre":"Balmaceda","jerarquia":3},"geometry":{"type":"LineString","coordinates":[[-68.92325,-22.47898],[-68.92325,-22.47952]]}},{"type":"Feature","properties":{"nombre":"Balmaceda","jerarquia":4},"geometry":{"type":"LineString","coordinates":[[-68.9295,-22.47961],[-68.92936,-22.4796]]}},{"type":"Feature","properties":{"nombre":"Balmaceda","jerarquia":4},"geometry":{"type":"LineString","coordinates":[[-68.92936,-22.4796],[-68.92902,-22.4796]]}},{"type":"Feature","properties":{"nombre":"Balmaceda","jerarquia":4},"geometry":{"type":"LineString","coordinates":[[-68.92902,-22.4796],[-68.92799,-22.4796],[-68.92781,-22.47947]]}},{"type":"Feature","properties":{"nombre":"Balmaceda","jerarquia":4},"geometry":{"type":"LineString","coordinates":[[-68.92781,-22.47947],[-68.92723,-22.47919]]}},{"type":"Feature","properties":{"nombre":"Balmaceda","jerarquia":4},"geometry":{"type":"LineString","coordinates":[[-68.92723,-22.47919],[-68.92712,-22.47915]]}},{"type":"Feature","properties":{"nombre":"Balmaceda","jerarquia":4},"geometry":{"type":"LineString","coordinates":[[-68.92712,-22.47915],[-68.92674,-22.47898]]}},{"type":"Feature","properties":{"nombre":"Balmaceda","jerarquia":4},"geometry":{"type":"LineString","coordinates":[[-68.92674,-22.47898],[-68.92616,-22.47881]]}},{"type":"Feature","properties":{"nombre":"Balmaceda","jerarquia":4},"geometry":{"type":"LineString","coordinates":[[-68.92616,-22.47881],[-68.92576,-22.47884]]}},{"type":"Feature","properties":{"nombre":"Balmaceda","jerarquia":4},"geometry":{"type":"LineString","coordinates":[[-68.92576,-22.47884],[-68.92504,-22.47897]]}},{"type":"Feature","properties":{"nombre":"Balmaceda","jerarquia":4},"geometry":{"type":"LineString","coordinates":[[-68.92504,-22.47897],[-68.92485,-22.47901]]}},{"type":"Feature","properties":{"nombre":"Balmaceda","jerarquia":4},"geometry":{"type":"LineString","coordinates":[[-68.92485,-22.47901],[-68.92413,-22.47907]]}},{"type":"Feature","properties":{"nombre":"Balmaceda","jerarquia":4},"geometry":{"type":"LineString","coordinates":[[-68.92413,-22.47907],[-68.92389,-22.47904]]}},{"type":"Feature","properties":{"nombre":"Balmaceda","jerarquia":4},"geometry":{"type":"LineString","coordinates":[[-68.92389,-22.47904],[-68.92325,-22.47898]]}},{"type":"Feature","properties":{"nombre":"Avenida Libertador Bernardo O'Higgins","jerarquia":3},"geometry":{"type":"LineString","coordinates":[[-68.9295,-22.47961],[-68.92931,-22.47904]]}},{"type":"Feature","properties":{"nombre":"Avenida Libertador Bernardo O'Higgins","jerarquia":3},"geometry":{"type":"LineString","coordinates":[[-68.92931,-22.47904],[-68.9292,-22.47871]]}},{"type":"Feature","properties":{"nombre":"Avenida Libertador Bernardo O'Higgins","jerarquia":3},"geometry":{"type":"LineString","coordinates":[[-68.9292,-22.47871],[-68.92906,-22.47829]]}},{"type":"Feature","properties":{"nombre":"Avenida Libertador Bernardo O'Higgins","jerarquia":3},"geometry":{"type":"LineString","coordinates":[[-68.92906,-22.47829],[-68.9286,-22.4769]]}},{"type":"Feature","properties":{"nombre":"Avenida Libertador Bernardo O'Higgins","jerarquia":3},"geometry":{"type":"LineString","coordinates":[[-68.92962,-22.4796],[-68.92992,-22.48054],[-68.93001,-22.48095],[-68.93004,-22.4815]]}},{"type":"Feature","properties":{"nombre":"La Tirana","jerarquia":5},"geometry":{"type":"LineString","coordinates":[[-68.9282,-22.43748],[-68.92866,-22.43741]]}},{"type":"Feature","properties":{"nombre":"La Tirana","jerarquia":5},"geometry":{"type":"LineString","coordinates":[[-68.92866,-22.43741],[-68.92894,-22.43737]]}},{"type":"Feature","properties":{"nombre":"La Tirana","jerarquia":5},"geometry":{"type":"LineString","coordinates":[[-68.92894,-22.43737],[-68.92918,-22.43733]]}},{"type":"Feature","properties":{"nombre":"La Tirana","jerarquia":5},"geometry":{"type":"LineString","coordinates":[[-68.92918,-22.43733],[-68.92975,-22.43724]]}},{"type":"Feature","properties":{"nombre":"Arturo Prat","jerarquia":3},"geometry":{"type":"LineString","coordinates":[[-68.92763,-22.44523],[-68.92677,-22.44537]]}},{"type":"Feature","properties":{"nombre":"Arturo Prat","jerarquia":3},"geometry":{"type":"LineString","coordinates":[[-68.92677,-22.44537],[-68.92602,-22.44551]]}},{"type":"Feature","properties":{"nombre":"Arturo Prat","jerarquia":3},"geometry":{"type":"LineString","coordinates":[[-68.92602,-22.44551],[-68.92523,-22.44565]]}},{"type":"Feature","properties":{"nombre":"Arturo Prat","jerarquia":3},"geometry":{"type":"LineString","coordinates":[[-68.92523,-22.44565],[-68.92418,-22.44581]]}},{"type":"Feature","properties":{"nombre":"","jerarquia":3},"geometry":{"type":"LineString","coordinates":[[-68.92512,-22.44508],[-68.92538,-22.44539]]}},{"type":"Feature","properties":{"nombre":"","jerarquia":3},"geometry":{"type":"LineString","coordinates":[[-68.91606,-22.43311],[-68.91625,-22.43319]]}},{"type":"Feature","properties":{"nombre":"","jerarquia":2},"geometry":{"type":"LineString","coordinates":[[-68.91551,-22.42032],[-68.91538,-22.41955],[-68.91534,-22.41825],[-68.9154,-22.41701],[-68.9153,-22.41451]]}},{"type":"Feature","properties":{"nombre":"Cobija","jerarquia":4},"geometry":{"type":"LineString","coordinates":[[-68.92989,-22.467],[-68.9298,-22.46695]]}},{"type":"Feature","properties":{"nombre":"Cobija","jerarquia":4},"geometry":{"type":"LineString","coordinates":[[-68.9298,-22.46695],[-68.92939,-22.46667]]}},{"type":"Feature","properties":{"nombre":"Cobija","jerarquia":4},"geometry":{"type":"LineString","coordinates":[[-68.92939,-22.46667],[-68.9292,-22.46643],[-68.92899,-22.46626]]}},{"type":"Feature","properties":{"nombre":"Cobija","jerarquia":4},"geometry":{"type":"LineString","coordinates":[[-68.92899,-22.46626],[-68.92833,-22.46587]]}},{"type":"Feature","properties":{"nombre":"Cobija","jerarquia":4},"geometry":{"type":"LineString","coordinates":[[-68.92833,-22.46587],[-68.92783,-22.46564]]}},{"type":"Feature","properties":{"nombre":"Cobija","jerarquia":4},"geometry":{"type":"LineString","coordinates":[[-68.92783,-22.46564],[-68.92763,-22.46556]]}},{"type":"Feature","properties":{"nombre":"Cobija","jerarquia":4},"geometry":{"type":"LineString","coordinates":[[-68.92763,-22.46556],[-68.92755,-22.46552]]}},{"type":"Feature","properties":{"nombre":"Cobija","jerarquia":4},"geometry":{"type":"LineString","coordinates":[[-68.92755,-22.46552],[-68.92746,-22.46548]]}},{"type":"Feature","properties":{"nombre":"Cobija","jerarquia":4},"geometry":{"type":"LineString","coordinates":[[-68.92746,-22.46548],[-68.92704,-22.46527]]}},{"type":"Feature","properties":{"nombre":"Avenida Jorge Alessandri Rodríguez","jerarquia":5},"geometry":{"type":"LineString","coordinates":[[-68.92389,-22.48721],[-68.92542,-22.48781]]}},{"type":"Feature","properties":{"nombre":"Avenida Jorge Alessandri Rodríguez","jerarquia":5},"geometry":{"type":"LineString","coordinates":[[-68.90596,-22.47838],[-68.90589,-22.47846]]}},{"type":"Feature","properties":{"nombre":"Avenida Circunvalación","jerarquia":2},"geometry":{"type":"LineString","coordinates":[[-68.90589,-22.47832],[-68.90596,-22.47838]]}},{"type":"Feature","properties":{"nombre":"Avenida Circunvalación","jerarquia":2},"geometry":{"type":"LineString","coordinates":[[-68.90248,-22.47535],[-68.9038,-22.47649]]}},{"type":"Feature","properties":{"nombre":"Avenida Circunvalación","jerarquia":2},"geometry":{"type":"LineString","coordinates":[[-68.9038,-22.47649],[-68.90392,-22.47659]]}},{"type":"Feature","properties":{"nombre":"Avenida Circunvalación","jerarquia":2},"geometry":{"type":"LineString","coordinates":[[-68.90582,-22.47839],[-68.90575,-22.47833]]}},{"type":"Feature","properties":{"nombre":"Avenida Circunvalación","jerarquia":2},"geometry":{"type":"LineString","coordinates":[[-68.90589,-22.47846],[-68.90582,-22.47839]]}},{"type":"Feature","properties":{"nombre":"Avenida Jorge Alessandri Rodríguez","jerarquia":5},"geometry":{"type":"LineString","coordinates":[[-68.90582,-22.47839],[-68.90589,-22.47832]]}},{"type":"Feature","properties":{"nombre":"Avenida Jorge Alessandri Rodríguez","jerarquia":5},"geometry":{"type":"LineString","coordinates":[[-68.90618,-22.47815],[-68.90603,-22.47831]]}},{"type":"Feature","properties":{"nombre":"Avenida Jorge Alessandri Rodríguez","jerarquia":5},"geometry":{"type":"LineString","coordinates":[[-68.90589,-22.47832],[-68.90595,-22.47825]]}},{"type":"Feature","properties":{"nombre":"Avenida Jorge Alessandri Rodríguez","jerarquia":5},"geometry":{"type":"LineString","coordinates":[[-68.90527,-22.47873],[-68.90559,-22.47862],[-68.90582,-22.47839]]}},{"type":"Feature","properties":{"nombre":"Avenida Circunvalación","jerarquia":2},"geometry":{"type":"LineString","coordinates":[[-68.90392,-22.47659],[-68.90582,-22.47825]]}},{"type":"Feature","properties":{"nombre":"Avenida Circunvalación","jerarquia":2},"geometry":{"type":"LineString","coordinates":[[-68.90639,-22.47889],[-68.90595,-22.47851]]}},{"type":"Feature","properties":{"nombre":"Avenida Circunvalación","jerarquia":2},"geometry":{"type":"LineString","coordinates":[[-68.91927,-22.49013],[-68.9084,-22.48064]]}},{"type":"Feature","properties":{"nombre":"Huaytiquina","jerarquia":5},"geometry":{"type":"LineString","coordinates":[[-68.9048,-22.44388],[-68.90483,-22.4438]]}},{"type":"Feature","properties":{"nombre":"Ruta B-165","jerarquia":5},"geometry":{"type":"LineString","coordinates":[[-68.85506,-22.50337],[-68.85473,-22.50326]]}},{"type":"Feature","properties":{"nombre":"Ruta B-165","jerarquia":5},"geometry":{"type":"LineString","coordinates":[[-68.85473,-22.50326],[-68.85449,-22.50319]]}},{"type":"Feature","properties":{"nombre":"Arturo Prat","jerarquia":3},"geometry":{"type":"LineString","coordinates":[[-68.92418,-22.44581],[-68.92395,-22.44579],[-68.92366,-22.44569]]}},{"type":"Feature","properties":{"nombre":"Ecuador","jerarquia":5},"geometry":{"type":"LineString","coordinates":[[-68.92311,-22.46795],[-68.92287,-22.46784],[-68.92242,-22.46739]]}},{"type":"Feature","properties":{"nombre":"Ecuador","jerarquia":5},"geometry":{"type":"LineString","coordinates":[[-68.92242,-22.46739],[-68.92184,-22.46688],[-68.92138,-22.46671]]}},{"type":"Feature","properties":{"nombre":"Balmaceda","jerarquia":3},"geometry":{"type":"LineString","coordinates":[[-68.92311,-22.46801],[-68.92316,-22.46797]]}},{"type":"Feature","properties":{"nombre":"Ecuador","jerarquia":5},"geometry":{"type":"LineString","coordinates":[[-68.9232,-22.46798],[-68.92316,-22.46797]]}},{"type":"Feature","properties":{"nombre":"Ecuador","jerarquia":5},"geometry":{"type":"LineString","coordinates":[[-68.92316,-22.46797],[-68.92311,-22.46795]]}},{"type":"Feature","properties":{"nombre":"Balmaceda","jerarquia":3},"geometry":{"type":"LineString","coordinates":[[-68.92319,-22.46802],[-68.92322,-22.46886]]}},{"type":"Feature","properties":{"nombre":"Balmaceda","jerarquia":3},"geometry":{"type":"LineString","coordinates":[[-68.92322,-22.46886],[-68.92325,-22.47111]]}},{"type":"Feature","properties":{"nombre":"Balmaceda","jerarquia":3},"geometry":{"type":"LineString","coordinates":[[-68.92325,-22.47111],[-68.92325,-22.47257]]}},{"type":"Feature","properties":{"nombre":"Balmaceda","jerarquia":3},"geometry":{"type":"LineString","coordinates":[[-68.92325,-22.47257],[-68.92326,-22.47331]]}},{"type":"Feature","properties":{"nombre":"Balmaceda","jerarquia":3},"geometry":{"type":"LineString","coordinates":[[-68.92326,-22.47331],[-68.92326,-22.47372]]}},{"type":"Feature","properties":{"nombre":"Balmaceda","jerarquia":3},"geometry":{"type":"LineString","coordinates":[[-68.92326,-22.47372],[-68.92326,-22.47415]]}},{"type":"Feature","properties":{"nombre":"Balmaceda","jerarquia":3},"geometry":{"type":"LineString","coordinates":[[-68.92326,-22.47415],[-68.92326,-22.47443]]}},{"type":"Feature","properties":{"nombre":"Balmaceda","jerarquia":3},"geometry":{"type":"LineString","coordinates":[[-68.92326,-22.47443],[-68.92326,-22.47578]]}},{"type":"Feature","properties":{"nombre":"Balmaceda","jerarquia":3},"geometry":{"type":"LineString","coordinates":[[-68.92326,-22.47578],[-68.92325,-22.47751]]}},{"type":"Feature","properties":{"nombre":"Balmaceda","jerarquia":3},"geometry":{"type":"LineString","coordinates":[[-68.92325,-22.47751],[-68.92325,-22.47791]]}},{"type":"Feature","properties":{"nombre":"Balmaceda","jerarquia":3},"geometry":{"type":"LineString","coordinates":[[-68.92325,-22.47791],[-68.92325,-22.47848]]}},{"type":"Feature","properties":{"nombre":"Balmaceda","jerarquia":3},"geometry":{"type":"LineString","coordinates":[[-68.92325,-22.47848],[-68.92325,-22.47898]]}},{"type":"Feature","properties":{"nombre":"Laguna Céjar","jerarquia":5},"geometry":{"type":"LineString","coordinates":[[-68.90504,-22.47893],[-68.90527,-22.47873]]}},{"type":"Feature","properties":{"nombre":"Hurtado de Mendoza","jerarquia":5},"geometry":{"type":"LineString","coordinates":[[-68.93916,-22.45621],[-68.93943,-22.45623]]}},{"type":"Feature","properties":{"nombre":"Hurtado de Mendoza","jerarquia":5},"geometry":{"type":"LineString","coordinates":[[-68.93943,-22.45623],[-68.93985,-22.45621]]}},{"type":"Feature","properties":{"nombre":"Hurtado de Mendoza","jerarquia":5},"geometry":{"type":"LineString","coordinates":[[-68.93985,-22.45621],[-68.94025,-22.45622]]}},{"type":"Feature","properties":{"nombre":"Hurtado de Mendoza","jerarquia":5},"geometry":{"type":"LineString","coordinates":[[-68.94025,-22.45622],[-68.94064,-22.45623]]}},{"type":"Feature","properties":{"nombre":"Hurtado de Mendoza","jerarquia":5},"geometry":{"type":"LineString","coordinates":[[-68.94064,-22.45623],[-68.94101,-22.45626]]}},{"type":"Feature","properties":{"nombre":"","jerarquia":1},"geometry":{"type":"LineString","coordinates":[[-68.96767,-22.52757],[-68.96809,-22.52763],[-68.96847,-22.52753],[-68.96871,-22.52731],[-68.9688,-22.52697],[-68.96877,-22.52677],[-68.96867,-22.52659],[-68.96839,-22.52638],[-68.96805,-22.52631],[-68.96767,-22.52642]]}},{"type":"Feature","properties":{"nombre":"Avenida Circunvalación","jerarquia":2},"geometry":{"type":"LineString","coordinates":[[-68.9267,-22.493],[-68.92676,-22.49282],[-68.92675,-22.49264],[-68.92666,-22.49245],[-68.9265,-22.4923],[-68.92614,-22.49221],[-68.9255,-22.49235]]}},{"type":"Feature","properties":{"nombre":"Ruta 25","jerarquia":1},"geometry":{"type":"LineString","coordinates":[[-68.94264,-22.51387],[-68.95106,-22.51973],[-68.95237,-22.52059],[-68.95602,-22.52275],[-68.95673,-22.52311],[-68.95766,-22.52347]]}},{"type":"Feature","properties":{"nombre":"Ruta 25","jerarquia":1},"geometry":{"type":"LineString","coordinates":[[-68.93107,-22.50267],[-68.93336,-22.50546]]}},{"type":"Feature","properties":{"nombre":"Ruta 25","jerarquia":1},"geometry":{"type":"LineString","coordinates":[[-68.93336,-22.50546],[-68.93561,-22.50812]]}},{"type":"Feature","properties":{"nombre":"Ruta 25","jerarquia":1},"geometry":{"type":"LineString","coordinates":[[-68.92639,-22.49605],[-68.92662,-22.49669],[-68.92707,-22.49762]]}},{"type":"Feature","properties":{"nombre":"Ruta 25","jerarquia":1},"geometry":{"type":"LineString","coordinates":[[-68.93061,-22.50214],[-68.93107,-22.50267]]}},{"type":"Feature","properties":{"nombre":"Arturo Prat","jerarquia":3},"geometry":{"type":"LineString","coordinates":[[-68.92517,-22.44535],[-68.92538,-22.44539]]}},{"type":"Feature","properties":{"nombre":"Arturo Prat","jerarquia":3},"geometry":{"type":"LineString","coordinates":[[-68.92538,-22.44539],[-68.92577,-22.44547],[-68.92648,-22.44537]]}},{"type":"Feature","properties":{"nombre":"Arturo Prat","jerarquia":3},"geometry":{"type":"LineString","coordinates":[[-68.92648,-22.44537],[-68.92748,-22.44519]]}},{"type":"Feature","properties":{"nombre":"Arturo Prat","jerarquia":3},"geometry":{"type":"LineString","coordinates":[[-68.92748,-22.44519],[-68.92762,-22.44517]]}},{"type":"Feature","properties":{"nombre":"Arturo Prat","jerarquia":3},"geometry":{"type":"LineString","coordinates":[[-68.92042,-22.44623],[-68.9197,-22.44632]]}},{"type":"Feature","properties":{"nombre":"Arturo Prat","jerarquia":3},"geometry":{"type":"LineString","coordinates":[[-68.9197,-22.44632],[-68.91957,-22.44633]]}},{"type":"Feature","properties":{"nombre":"Almirante Grau","jerarquia":3},"geometry":{"type":"LineString","coordinates":[[-68.91676,-22.44609],[-68.91698,-22.44613]]}},{"type":"Feature","properties":{"nombre":"Almirante Grau","jerarquia":3},"geometry":{"type":"LineString","coordinates":[[-68.91698,-22.44613],[-68.91727,-22.44616]]}},{"type":"Feature","properties":{"nombre":"Almirante Grau","jerarquia":3},"geometry":{"type":"LineString","coordinates":[[-68.91727,-22.44616],[-68.91828,-22.44634]]}},{"type":"Feature","properties":{"nombre":"Almirante Grau","jerarquia":3},"geometry":{"type":"LineString","coordinates":[[-68.91828,-22.44634],[-68.91915,-22.44629]]}},{"type":"Feature","properties":{"nombre":"Almirante Grau","jerarquia":3},"geometry":{"type":"LineString","coordinates":[[-68.91915,-22.44629],[-68.91938,-22.44626]]}},{"type":"Feature","properties":{"nombre":"Almirante Grau","jerarquia":3},"geometry":{"type":"LineString","coordinates":[[-68.91938,-22.44626],[-68.91945,-22.44625]]}},{"type":"Feature","properties":{"nombre":"Almirante Grau","jerarquia":3},"geometry":{"type":"LineString","coordinates":[[-68.91945,-22.44625],[-68.91954,-22.44625]]}},{"type":"Feature","properties":{"nombre":"Balmaceda","jerarquia":3},"geometry":{"type":"LineString","coordinates":[[-68.92539,-22.49209],[-68.92556,-22.49272]]}},{"type":"Feature","properties":{"nombre":"","jerarquia":2},"geometry":{"type":"LineString","coordinates":[[-68.90584,-22.43931],[-68.90588,-22.43926]]}},{"type":"Feature","properties":{"nombre":"","jerarquia":2},"geometry":{"type":"LineString","coordinates":[[-68.90588,-22.43926],[-68.90593,-22.43924]]}},{"type":"Feature","properties":{"nombre":"","jerarquia":2},"geometry":{"type":"LineString","coordinates":[[-68.90593,-22.43924],[-68.90602,-22.43927],[-68.90605,-22.43938]]}},{"type":"Feature","properties":{"nombre":"Avenida Circunvalación","jerarquia":2},"geometry":{"type":"LineString","coordinates":[[-68.90392,-22.44112],[-68.9057,-22.43947]]}},{"type":"Feature","properties":{"nombre":"Avenida Circunvalación","jerarquia":2},"geometry":{"type":"LineString","coordinates":[[-68.9057,-22.43947],[-68.90584,-22.43931]]}},{"type":"Feature","properties":{"nombre":"","jerarquia":2},"geometry":{"type":"LineString","coordinates":[[-68.90605,-22.43938],[-68.90597,-22.43944]]}},{"type":"Feature","properties":{"nombre":"Avenida Circunvalación","jerarquia":2},"geometry":{"type":"LineString","coordinates":[[-68.90597,-22.43944],[-68.90571,-22.43963],[-68.9042,-22.44101]]}},{"type":"Feature","properties":{"nombre":"Teniente Merino","jerarquia":5},"geometry":{"type":"LineString","coordinates":[[-68.90198,-22.44423],[-68.90177,-22.44413]]}},{"type":"Feature","properties":{"nombre":"","jerarquia":3},"geometry":{"type":"LineString","coordinates":[[-68.90344,-22.44361],[-68.90298,-22.4437]]}},{"type":"Feature","properties":{"nombre":"Almirante Grau","jerarquia":5},"geometry":{"type":"LineString","coordinates":[[-68.90298,-22.4437],[-68.90239,-22.44389]]}},{"type":"Feature","properties":{"nombre":"Almirante Grau","jerarquia":5},"geometry":{"type":"LineString","coordinates":[[-68.90239,-22.44389],[-68.90198,-22.44402]]}},{"type":"Feature","properties":{"nombre":"Salar de la Luna","jerarquia":5},"geometry":{"type":"LineString","coordinates":[[-68.89925,-22.44591],[-68.89937,-22.44576]]}},{"type":"Feature","properties":{"nombre":"Salar de la Luna","jerarquia":5},"geometry":{"type":"LineString","coordinates":[[-68.89937,-22.44576],[-68.90024,-22.44482]]}},{"type":"Feature","properties":{"nombre":"Avenida Circunvalación","jerarquia":2},"geometry":{"type":"LineString","coordinates":[[-68.90068,-22.44422],[-68.90046,-22.44442]]}},{"type":"Feature","properties":{"nombre":"Avenida Circunvalación","jerarquia":2},"geometry":{"type":"LineString","coordinates":[[-68.90046,-22.44442],[-68.89941,-22.4455]]}},{"type":"Feature","properties":{"nombre":"Avenida Circunvalación","jerarquia":2},"geometry":{"type":"LineString","coordinates":[[-68.89942,-22.44533],[-68.90029,-22.44444]]}},{"type":"Feature","properties":{"nombre":"","jerarquia":2},"geometry":{"type":"LineString","coordinates":[[-68.89843,-22.44645],[-68.89855,-22.44626]]}},{"type":"Feature","properties":{"nombre":"Avenida Circunvalación","jerarquia":2},"geometry":{"type":"LineString","coordinates":[[-68.89892,-22.45613],[-68.89919,-22.4573]]}},{"type":"Feature","properties":{"nombre":"Avenida Circunvalación","jerarquia":2},"geometry":{"type":"LineString","coordinates":[[-68.89919,-22.4573],[-68.90021,-22.46333],[-68.90028,-22.46419],[-68.90024,-22.4646],[-68.90008,-22.46513],[-68.89891,-22.46734]]}},{"type":"Feature","properties":{"nombre":"Avenida Circunvalación","jerarquia":2},"geometry":{"type":"LineString","coordinates":[[-68.89941,-22.4455],[-68.89872,-22.44648]]}},{"type":"Feature","properties":{"nombre":"Avenida Circunvalación","jerarquia":2},"geometry":{"type":"LineString","coordinates":[[-68.89872,-22.44648],[-68.89867,-22.44657]]}},{"type":"Feature","properties":{"nombre":"Avenida Circunvalación","jerarquia":2},"geometry":{"type":"LineString","coordinates":[[-68.89768,-22.44885],[-68.89778,-22.44843]]}},{"type":"Feature","properties":{"nombre":"Avenida Circunvalación","jerarquia":2},"geometry":{"type":"LineString","coordinates":[[-68.89778,-22.44843],[-68.89807,-22.44754],[-68.89851,-22.44663]]}},{"type":"Feature","properties":{"nombre":"Avenida Circunvalación","jerarquia":2},"geometry":{"type":"LineString","coordinates":[[-68.89851,-22.44663],[-68.89857,-22.44652]]}},{"type":"Feature","properties":{"nombre":"Avenida Circunvalación","jerarquia":2},"geometry":{"type":"LineString","coordinates":[[-68.89857,-22.44652],[-68.89893,-22.44596],[-68.89942,-22.44533]]}},{"type":"Feature","properties":{"nombre":"","jerarquia":1},"geometry":{"type":"LineString","coordinates":[[-68.93779,-22.51065],[-68.93651,-22.50978],[-68.93535,-22.50839]]}},{"type":"Feature","properties":{"nombre":"","jerarquia":2},"geometry":{"type":"LineString","coordinates":[[-68.89304,-22.47431],[-68.89327,-22.47403]]}},{"type":"Feature","properties":{"nombre":"","jerarquia":2},"geometry":{"type":"LineString","coordinates":[[-68.89375,-22.47363],[-68.89402,-22.47345],[-68.8941,-22.47347]]}},{"type":"Feature","properties":{"nombre":"Ruta 23 CH","jerarquia":2},"geometry":{"type":"LineString","coordinates":[[-68.89467,-22.47295],[-68.89424,-22.47336]]}},{"type":"Feature","properties":{"nombre":"Ruta 23 CH","jerarquia":2},"geometry":{"type":"LineString","coordinates":[[-68.89424,-22.47336],[-68.8941,-22.47347]]}},{"type":"Feature","properties":{"nombre":"Ruta 23 CH","jerarquia":2},"geometry":{"type":"LineString","coordinates":[[-68.8941,-22.47347],[-68.89304,-22.47431]]}},{"type":"Feature","properties":{"nombre":"Ruta 23 CH","jerarquia":2},"geometry":{"type":"LineString","coordinates":[[-68.89304,-22.47431],[-68.89287,-22.47443]]}},{"type":"Feature","properties":{"nombre":"Ruta 23 CH","jerarquia":2},"geometry":{"type":"LineString","coordinates":[[-68.89287,-22.47443],[-68.89268,-22.47457]]}},{"type":"Feature","properties":{"nombre":"Ruta 23 CH","jerarquia":2},"geometry":{"type":"LineString","coordinates":[[-68.89268,-22.47457],[-68.89292,-22.47431]]}},{"type":"Feature","properties":{"nombre":"Ruta 23 CH","jerarquia":2},"geometry":{"type":"LineString","coordinates":[[-68.89292,-22.47431],[-68.89327,-22.47403]]}},{"type":"Feature","properties":{"nombre":"Ruta 23 CH","jerarquia":2},"geometry":{"type":"LineString","coordinates":[[-68.89327,-22.47403],[-68.89375,-22.47363]]}},{"type":"Feature","properties":{"nombre":"Ruta 23 CH","jerarquia":2},"geometry":{"type":"LineString","coordinates":[[-68.89375,-22.47363],[-68.89467,-22.47295]]}},{"type":"Feature","properties":{"nombre":"Ruta 23 CH","jerarquia":2},"geometry":{"type":"LineString","coordinates":[[-68.89638,-22.47149],[-68.89467,-22.47295]]}},{"type":"Feature","properties":{"nombre":"","jerarquia":3},"geometry":{"type":"LineString","coordinates":[[-68.92928,-22.4786],[-68.92935,-22.47864],[-68.92945,-22.47858]]}},{"type":"Feature","properties":{"nombre":"Avenida Circunvalación","jerarquia":5},"geometry":{"type":"LineString","coordinates":[[-68.90384,-22.47667],[-68.90376,-22.47675]]}},{"type":"Feature","properties":{"nombre":"Avenida Circunvalación","jerarquia":5},"geometry":{"type":"LineString","coordinates":[[-68.90376,-22.47675],[-68.90333,-22.47718]]}},{"type":"Feature","properties":{"nombre":"Avenida Circunvalación","jerarquia":5},"geometry":{"type":"LineString","coordinates":[[-68.90392,-22.47659],[-68.90384,-22.47667]]}},{"type":"Feature","properties":{"nombre":"Avenida Jorge Alessandri Rodríguez","jerarquia":5},"geometry":{"type":"LineString","coordinates":[[-68.90595,-22.47825],[-68.90611,-22.47809]]}},{"type":"Feature","properties":{"nombre":"Avenida Jorge Alessandri Rodríguez","jerarquia":5},"geometry":{"type":"LineString","coordinates":[[-68.90603,-22.47831],[-68.90596,-22.47838]]}},{"type":"Feature","properties":{"nombre":"Avenida Circunvalación","jerarquia":2},"geometry":{"type":"LineString","coordinates":[[-68.90596,-22.47838],[-68.90602,-22.47843]]}},{"type":"Feature","properties":{"nombre":"Avenida Circunvalación","jerarquia":2},"geometry":{"type":"LineString","coordinates":[[-68.90595,-22.47851],[-68.90589,-22.47846]]}},{"type":"Feature","properties":{"nombre":"Avenida Circunvalación","jerarquia":2},"geometry":{"type":"LineString","coordinates":[[-68.90575,-22.47833],[-68.90525,-22.47789]]}},{"type":"Feature","properties":{"nombre":"Avenida Circunvalación","jerarquia":2},"geometry":{"type":"LineString","coordinates":[[-68.90582,-22.47825],[-68.90589,-22.47832]]}},{"type":"Feature","properties":{"nombre":"Balmaceda","jerarquia":3},"geometry":{"type":"LineString","coordinates":[[-68.92425,-22.48867],[-68.92418,-22.48851]]}},{"type":"Feature","properties":{"nombre":"Alcalde José Lira","jerarquia":5},"geometry":{"type":"LineString","coordinates":[[-68.92444,-22.4891],[-68.9243,-22.48927]]}},{"type":"Feature","properties":{"nombre":"Balmaceda","jerarquia":3},"geometry":{"type":"LineString","coordinates":[[-68.92452,-22.48932],[-68.92449,-22.48923]]}},{"type":"Feature","properties":{"nombre":"Alcalde José Lira","jerarquia":5},"geometry":{"type":"LineString","coordinates":[[-68.9242,-22.48928],[-68.92436,-22.48907]]}},{"type":"Feature","properties":{"nombre":"Alcalde José Lira","jerarquia":5},"geometry":{"type":"LineString","coordinates":[[-68.92436,-22.48907],[-68.9244,-22.48903]]}},{"type":"Feature","properties":{"nombre":"Avenida Libertador Bernardo O'Higgins","jerarquia":3},"geometry":{"type":"LineString","coordinates":[[-68.92565,-22.48754],[-68.92613,-22.48697]]}},{"type":"Feature","properties":{"nombre":"Balmaceda","jerarquia":3},"geometry":{"type":"LineString","coordinates":[[-68.92464,-22.48852],[-68.92472,-22.48865]]}},{"type":"Feature","properties":{"nombre":"","jerarquia":4},"geometry":{"type":"LineString","coordinates":[[-68.92419,-22.45378],[-68.92422,-22.45387]]}},{"type":"Feature","properties":{"nombre":"","jerarquia":1},"geometry":{"type":"LineString","coordinates":[[-68.96767,-22.52642],[-68.96804,-22.52623],[-68.96849,-22.52623],[-68.96898,-22.52641],[-68.96934,-22.52672],[-68.96947,-22.52698],[-68.96954,-22.52725],[-68.96942,-22.52811],[-68.96944,-22.52841],[-68.96956,-22.52873],[-68.9698,-22.52907]]}},{"type":"Feature","properties":{"nombre":"","jerarquia":1},"geometry":{"type":"LineString","coordinates":[[-68.9668,-22.52741],[-68.96714,-22.52697]]}},{"type":"Feature","properties":{"nombre":"","jerarquia":1},"geometry":{"type":"LineString","coordinates":[[-68.96648,-22.52784],[-68.9664,-22.52807],[-68.96639,-22.52831],[-68.96653,-22.52872],[-68.96686,-22.52897],[-68.96729,-22.52902],[-68.96767,-22.52885],[-68.96782,-22.52867],[-68.96791,-22.52846],[-68.96787,-22.52804],[-68.96775,-22.52783],[-68.96759,-22.52766]]}},{"type":"Feature","properties":{"nombre":"","jerarquia":1},"geometry":{"type":"LineString","coordinates":[[-68.96612,-22.5268],[-68.96562,-22.52677],[-68.96542,-22.52681],[-68.9652,-22.52695],[-68.96507,-22.52712],[-68.96498,-22.52733],[-68.96496,-22.52749],[-68.965,-22.52772],[-68.96526,-22.52803],[-68.96566,-22.52816],[-68.96603,-22.52809],[-68.96648,-22.52784]]}},{"type":"Feature","properties":{"nombre":"Almirante Latorre","jerarquia":3},"geometry":{"type":"LineString","coordinates":[[-68.92528,-22.46718],[-68.92539,-22.46524]]}},{"type":"Feature","properties":{"nombre":"Almirante Latorre","jerarquia":3},"geometry":{"type":"LineString","coordinates":[[-68.92539,-22.46524],[-68.92539,-22.46516]]}},{"type":"Feature","properties":{"nombre":"Almirante Latorre","jerarquia":3},"geometry":{"type":"LineString","coordinates":[[-68.92539,-22.46516],[-68.92546,-22.46444]]}},{"type":"Feature","properties":{"nombre":"Almirante Latorre","jerarquia":3},"geometry":{"type":"LineString","coordinates":[[-68.92546,-22.46444],[-68.92548,-22.46418]]}},{"type":"Feature","properties":{"nombre":"Almirante Latorre","jerarquia":3},"geometry":{"type":"LineString","coordinates":[[-68.92548,-22.46418],[-68.92553,-22.4634]]}},{"type":"Feature","properties":{"nombre":"Almirante Latorre","jerarquia":3},"geometry":{"type":"LineString","coordinates":[[-68.92553,-22.4634],[-68.92554,-22.46329]]}},{"type":"Feature","properties":{"nombre":"Vicuña Mackenna","jerarquia":5},"geometry":{"type":"LineString","coordinates":[[-68.92293,-22.46325],[-68.92297,-22.46324]]}},{"type":"Feature","properties":{"nombre":"Vicuña Mackenna","jerarquia":5},"geometry":{"type":"LineString","coordinates":[[-68.92297,-22.46324],[-68.92434,-22.46326]]}},{"type":"Feature","properties":{"nombre":"Vicuña Mackenna","jerarquia":5},"geometry":{"type":"LineString","coordinates":[[-68.92434,-22.46326],[-68.92443,-22.46326]]}},{"type":"Feature","properties":{"nombre":"Vicuña Mackenna","jerarquia":5},"geometry":{"type":"LineString","coordinates":[[-68.92443,-22.46326],[-68.92541,-22.46329]]}},{"type":"Feature","properties":{"nombre":"Vicuña Mackenna","jerarquia":5},"geometry":{"type":"LineString","coordinates":[[-68.92541,-22.46329],[-68.92554,-22.46329]]}},{"type":"Feature","properties":{"nombre":"Alcalde José Lira","jerarquia":5},"geometry":{"type":"LineString","coordinates":[[-68.92344,-22.49002],[-68.92246,-22.49047]]}},{"type":"Feature","properties":{"nombre":"Alcalde José Lira","jerarquia":5},"geometry":{"type":"LineString","coordinates":[[-68.92246,-22.49047],[-68.92238,-22.49051]]}},{"type":"Feature","properties":{"nombre":"Acceso Aeródromo El Loa","jerarquia":5},"geometry":{"type":"LineString","coordinates":[[-68.91548,-22.49335],[-68.91821,-22.49219]]}},{"type":"Feature","properties":{"nombre":"Alcalde José Lira","jerarquia":5},"geometry":{"type":"LineString","coordinates":[[-68.91903,-22.49181],[-68.92225,-22.49048]]}},{"type":"Feature","properties":{"nombre":"Alcalde José Lira","jerarquia":5},"geometry":{"type":"LineString","coordinates":[[-68.92225,-22.49048],[-68.92233,-22.49045]]}},{"type":"Feature","properties":{"nombre":"Alcalde José Lira","jerarquia":5},"geometry":{"type":"LineString","coordinates":[[-68.9243,-22.48927],[-68.92395,-22.48968],[-68.92344,-22.49002]]}},{"type":"Feature","properties":{"nombre":"Brasilia","jerarquia":5},"geometry":{"type":"LineString","coordinates":[[-68.93471,-22.46281],[-68.93474,-22.46224]]}},{"type":"Feature","properties":{"nombre":"Brasilia","jerarquia":5},"geometry":{"type":"LineString","coordinates":[[-68.93474,-22.46224],[-68.93477,-22.4617]]}},{"type":"Feature","properties":{"nombre":"Brasilia","jerarquia":5},"geometry":{"type":"LineString","coordinates":[[-68.93477,-22.4617],[-68.93479,-22.46123]]}},{"type":"Feature","properties":{"nombre":"Brasilia","jerarquia":5},"geometry":{"type":"LineString","coordinates":[[-68.93479,-22.46123],[-68.93481,-22.46068]]}},{"type":"Feature","properties":{"nombre":"Huaytiquina","jerarquia":4},"geometry":{"type":"LineString","coordinates":[[-68.92536,-22.43345],[-68.92527,-22.43347]]}},{"type":"Feature","properties":{"nombre":"Freirina","jerarquia":5},"geometry":{"type":"LineString","coordinates":[[-68.92778,-22.43563],[-68.9272,-22.43572]]}},{"type":"Feature","properties":{"nombre":"Freirina","jerarquia":5},"geometry":{"type":"LineString","coordinates":[[-68.9272,-22.43572],[-68.92636,-22.43587]]}},{"type":"Feature","properties":{"nombre":"Freirina","jerarquia":5},"geometry":{"type":"LineString","coordinates":[[-68.92636,-22.43587],[-68.92586,-22.43596]]}},{"type":"Feature","properties":{"nombre":"Freirina","jerarquia":5},"geometry":{"type":"LineString","coordinates":[[-68.92586,-22.43596],[-68.92577,-22.43597]]}},{"type":"Feature","properties":{"nombre":"Cobija","jerarquia":5},"geometry":{"type":"LineString","coordinates":[[-68.93957,-22.47013],[-68.93859,-22.4698]]}},{"type":"Feature","properties":{"nombre":"Cobija","jerarquia":5},"geometry":{"type":"LineString","coordinates":[[-68.93859,-22.4698],[-68.93762,-22.46951]]}},{"type":"Feature","properties":{"nombre":"Laguna Legía","jerarquia":5},"geometry":{"type":"LineString","coordinates":[[-68.92778,-22.43563],[-68.9279,-22.43623]]}},{"type":"Feature","properties":{"nombre":"Laguna Legía","jerarquia":5},"geometry":{"type":"LineString","coordinates":[[-68.9279,-22.43623],[-68.92794,-22.43649]]}},{"type":"Feature","properties":{"nombre":"Laguna Legía","jerarquia":5},"geometry":{"type":"LineString","coordinates":[[-68.92794,-22.43649],[-68.92803,-22.43696]]}},{"type":"Feature","properties":{"nombre":"Laguna Legía","jerarquia":5},"geometry":{"type":"LineString","coordinates":[[-68.92803,-22.43696],[-68.92808,-22.43719]]}},{"type":"Feature","properties":{"nombre":"Laguna Legía","jerarquia":5},"geometry":{"type":"LineString","coordinates":[[-68.92808,-22.43719],[-68.92812,-22.43742],[-68.9282,-22.43748]]}},{"type":"Feature","properties":{"nombre":"Avenida Granaderos","jerarquia":3},"geometry":{"type":"LineString","coordinates":[[-68.92454,-22.42959],[-68.92479,-22.43082]]}},{"type":"Feature","properties":{"nombre":"Almirante Latorre","jerarquia":4},"geometry":{"type":"LineString","coordinates":[[-68.92618,-22.45684],[-68.92628,-22.45573]]}},{"type":"Feature","properties":{"nombre":"Hurtado de Mendoza","jerarquia":4},"geometry":{"type":"LineString","coordinates":[[-68.92927,-22.45603],[-68.92952,-22.45606],[-68.92982,-22.45618]]}},{"type":"Feature","properties":{"nombre":"Hurtado de Mendoza","jerarquia":4},"geometry":{"type":"LineString","coordinates":[[-68.92982,-22.45618],[-68.92994,-22.45624],[-68.93042,-22.45625]]}},{"type":"Feature","properties":{"nombre":"","jerarquia":2},"geometry":{"type":"LineString","coordinates":[[-68.92153,-22.49141],[-68.92232,-22.49084],[-68.9224,-22.49066],[-68.92238,-22.49051]]}},{"type":"Feature","properties":{"nombre":"Avenida Circunvalación","jerarquia":2},"geometry":{"type":"LineString","coordinates":[[-68.92468,-22.49253],[-68.92412,-22.49264]]}},{"type":"Feature","properties":{"nombre":"Avenida Circunvalación","jerarquia":2},"geometry":{"type":"LineString","coordinates":[[-68.92485,-22.49249],[-68.92468,-22.49253]]}},{"type":"Feature","properties":{"nombre":"","jerarquia":2},"geometry":{"type":"LineString","coordinates":[[-68.92485,-22.49249],[-68.92508,-22.49232],[-68.92515,-22.49209],[-68.9249,-22.49112],[-68.92485,-22.49051]]}},{"type":"Feature","properties":{"nombre":"","jerarquia":2},"geometry":{"type":"LineString","coordinates":[[-68.92556,-22.49272],[-68.92574,-22.49309],[-68.92602,-22.49326],[-68.92637,-22.49325],[-68.9265,-22.49319],[-68.9267,-22.493]]}},{"type":"Feature","properties":{"nombre":"","jerarquia":1},"geometry":{"type":"LineString","coordinates":[[-68.9267,-22.493],[-68.92618,-22.4937],[-68.92605,-22.49395],[-68.926,-22.49435],[-68.92606,-22.49479]]}},{"type":"Feature","properties":{"nombre":"Avenida Circunvalación","jerarquia":2},"geometry":{"type":"LineString","coordinates":[[-68.92524,-22.49241],[-68.92485,-22.49249]]}},{"type":"Feature","properties":{"nombre":"Avenida Circunvalación","jerarquia":2},"geometry":{"type":"LineString","coordinates":[[-68.9255,-22.49235],[-68.92524,-22.49241]]}},{"type":"Feature","properties":{"nombre":"","jerarquia":1},"geometry":{"type":"LineString","coordinates":[[-68.92816,-22.49912],[-68.92867,-22.49959],[-68.92904,-22.49981]]}},{"type":"Feature","properties":{"nombre":"","jerarquia":1},"geometry":{"type":"LineString","coordinates":[[-68.9287,-22.50041],[-68.92795,-22.49949],[-68.92716,-22.49803]]}},{"type":"Feature","properties":{"nombre":"Ruta 25","jerarquia":1},"geometry":{"type":"LineString","coordinates":[[-68.92716,-22.49803],[-68.92655,-22.49686]]}},{"type":"Feature","properties":{"nombre":"Ruta 25","jerarquia":1},"geometry":{"type":"LineString","coordinates":[[-68.93561,-22.50832],[-68.9355,-22.50818]]}},{"type":"Feature","properties":{"nombre":"Ruta 25","jerarquia":1},"geometry":{"type":"LineString","coordinates":[[-68.93572,-22.50825],[-68.9368,-22.50957],[-68.93753,-22.51027],[-68.93924,-22.51152],[-68.94175,-22.51324]]}},{"type":"Feature","properties":{"nombre":"Ruta 25","jerarquia":1},"geometry":{"type":"LineString","coordinates":[[-68.94175,-22.51324],[-68.94264,-22.51387]]}},{"type":"Feature","properties":{"nombre":"Ruta 25","jerarquia":1},"geometry":{"type":"LineString","coordinates":[[-68.93561,-22.50812],[-68.93572,-22.50825]]}},{"type":"Feature","properties":{"nombre":"","jerarquia":1},"geometry":{"type":"LineString","coordinates":[[-68.9401,-22.51186],[-68.94117,-22.51263],[-68.94175,-22.51324]]}},{"type":"Feature","properties":{"nombre":"Ruta 25","jerarquia":1},"geometry":{"type":"LineString","coordinates":[[-68.92816,-22.49912],[-68.93061,-22.50214]]}},{"type":"Feature","properties":{"nombre":"Ruta 25","jerarquia":1},"geometry":{"type":"LineString","coordinates":[[-68.92707,-22.49762],[-68.9277,-22.49857],[-68.92816,-22.49912]]}},{"type":"Feature","properties":{"nombre":"Ruta 25","jerarquia":1},"geometry":{"type":"LineString","coordinates":[[-68.92655,-22.49686],[-68.92627,-22.4961]]}},{"type":"Feature","properties":{"nombre":"Ruta 25","jerarquia":1},"geometry":{"type":"LineString","coordinates":[[-68.9355,-22.50818],[-68.92915,-22.50055],[-68.92758,-22.49861],[-68.92716,-22.49803]]}},{"type":"Feature","properties":{"nombre":"Ruta 25","jerarquia":1},"geometry":{"type":"LineString","coordinates":[[-68.92627,-22.4961],[-68.92578,-22.49422]]}},{"type":"Feature","properties":{"nombre":"Ruta 25","jerarquia":1},"geometry":{"type":"LineString","coordinates":[[-68.92606,-22.49479],[-68.92639,-22.49605]]}},{"type":"Feature","properties":{"nombre":"Ruta 25","jerarquia":3},"geometry":{"type":"LineString","coordinates":[[-68.92556,-22.49272],[-68.92606,-22.49479]]}},{"type":"Feature","properties":{"nombre":"Avenida Circunvalación","jerarquia":2},"geometry":{"type":"LineString","coordinates":[[-68.9226,-22.49267],[-68.92298,-22.49274]]}},{"type":"Feature","properties":{"nombre":"Avenida Circunvalación","jerarquia":2},"geometry":{"type":"LineString","coordinates":[[-68.92192,-22.49232],[-68.92228,-22.49254],[-68.9226,-22.49267]]}},{"type":"Feature","properties":{"nombre":"Avenida Circunvalación","jerarquia":2},"geometry":{"type":"LineString","coordinates":[[-68.92215,-22.4926],[-68.92138,-22.49199]]}},{"type":"Feature","properties":{"nombre":"Avenida Circunvalación","jerarquia":2},"geometry":{"type":"LineString","coordinates":[[-68.92138,-22.49199],[-68.92102,-22.49166]]}},{"type":"Feature","properties":{"nombre":"Avenida Circunvalación","jerarquia":2},"geometry":{"type":"LineString","coordinates":[[-68.92412,-22.49264],[-68.92336,-22.49281]]}},{"type":"Feature","properties":{"nombre":"Balmaceda","jerarquia":3},"geometry":{"type":"LineString","coordinates":[[-68.92578,-22.49422],[-68.92485,-22.49051]]}},{"type":"Feature","properties":{"nombre":"Avenida Maipú","jerarquia":4},"geometry":{"type":"LineString","coordinates":[[-68.92957,-22.45286],[-68.92983,-22.45305]]}},{"type":"Feature","properties":{"nombre":"Avenida Maipú","jerarquia":4},"geometry":{"type":"LineString","coordinates":[[-68.92923,-22.45274],[-68.92942,-22.45276],[-68.92957,-22.45286]]}},{"type":"Feature","properties":{"nombre":"Riquelme","jerarquia":5},"geometry":{"type":"LineString","coordinates":[[-68.92512,-22.44508],[-68.92517,-22.44535]]}},{"type":"Feature","properties":{"nombre":"Alcalde José Lira","jerarquia":5},"geometry":{"type":"LineString","coordinates":[[-68.91775,-22.48826],[-68.91697,-22.48759]]}},{"type":"Feature","properties":{"nombre":"Alcalde José Lira","jerarquia":5},"geometry":{"type":"LineString","coordinates":[[-68.91697,-22.48759],[-68.91671,-22.48736]]}},{"type":"Feature","properties":{"nombre":"Alcalde José Lira","jerarquia":5},"geometry":{"type":"LineString","coordinates":[[-68.91671,-22.48736],[-68.91635,-22.48704]]}},{"type":"Feature","properties":{"nombre":"Alcalde José Lira","jerarquia":5},"geometry":{"type":"LineString","coordinates":[[-68.91635,-22.48704],[-68.91577,-22.48653]]}},{"type":"Feature","properties":{"nombre":"Alcalde José Lira","jerarquia":5},"geometry":{"type":"LineString","coordinates":[[-68.91577,-22.48653],[-68.91539,-22.4862]]}},{"type":"Feature","properties":{"nombre":"Alcalde José Lira","jerarquia":5},"geometry":{"type":"LineString","coordinates":[[-68.91539,-22.4862],[-68.91438,-22.48531]]}},{"type":"Feature","properties":{"nombre":"Alcalde José Lira","jerarquia":5},"geometry":{"type":"LineString","coordinates":[[-68.91438,-22.48531],[-68.91368,-22.4847]]}},{"type":"Feature","properties":{"nombre":"Alcalde José Lira","jerarquia":5},"geometry":{"type":"LineString","coordinates":[[-68.91368,-22.4847],[-68.91329,-22.48436]]}},{"type":"Feature","properties":{"nombre":"Alcalde José Lira","jerarquia":5},"geometry":{"type":"LineString","coordinates":[[-68.91329,-22.48436],[-68.9127,-22.48385]]}},{"type":"Feature","properties":{"nombre":"Alcalde José Lira","jerarquia":5},"geometry":{"type":"LineString","coordinates":[[-68.9127,-22.48385],[-68.91229,-22.48349]]}},{"type":"Feature","properties":{"nombre":"Alcalde José Lira","jerarquia":5},"geometry":{"type":"LineString","coordinates":[[-68.91229,-22.48349],[-68.91065,-22.48207]]}},{"type":"Feature","properties":{"nombre":"Alcalde José Lira","jerarquia":5},"geometry":{"type":"LineString","coordinates":[[-68.91065,-22.48207],[-68.90874,-22.48039]]}},{"type":"Feature","properties":{"nombre":"Alcalde José Lira","jerarquia":5},"geometry":{"type":"LineString","coordinates":[[-68.92238,-22.49051],[-68.92233,-22.49045]]}},{"type":"Feature","properties":{"nombre":"Alcalde José Lira","jerarquia":5},"geometry":{"type":"LineString","coordinates":[[-68.91821,-22.49219],[-68.91903,-22.49181]]}},{"type":"Feature","properties":{"nombre":"Alcalde José Lira","jerarquia":5},"geometry":{"type":"LineString","coordinates":[[-68.91905,-22.49187],[-68.91821,-22.49219]]}},{"type":"Feature","properties":{"nombre":"Alcalde José Lira","jerarquia":5},"geometry":{"type":"LineString","coordinates":[[-68.92233,-22.49045],[-68.9223,-22.4904]]}},{"type":"Feature","properties":{"nombre":"Alcalde José Lira","jerarquia":5},"geometry":{"type":"LineString","coordinates":[[-68.9223,-22.4904],[-68.92219,-22.49024]]}},{"type":"Feature","properties":{"nombre":"","jerarquia":1},"geometry":{"type":"LineString","coordinates":[[-68.96648,-22.52784],[-68.9668,-22.52741]]}},{"type":"Feature","properties":{"nombre":"Ruta 25","jerarquia":1},"geometry":{"type":"LineString","coordinates":[[-68.97296,-22.53271],[-68.97232,-22.53219],[-68.97181,-22.53167],[-68.96979,-22.52927],[-68.96865,-22.52833],[-68.96759,-22.52766]]}},{"type":"Feature","properties":{"nombre":"Ruta 25","jerarquia":1},"geometry":{"type":"LineString","coordinates":[[-68.96383,-22.52547],[-68.96267,-22.52484],[-68.96149,-22.52437],[-68.9604,-22.52408],[-68.95779,-22.52365],[-68.95712,-22.52342],[-68.95596,-22.52287],[-68.95238,-22.52075],[-68.95146,-22.52016],[-68.94256,-22.51397]]}},{"type":"Feature","properties":{"nombre":"Ruta 25","jerarquia":1},"geometry":{"type":"LineString","coordinates":[[-68.94256,-22.51397],[-68.93779,-22.51065]]}},{"type":"Feature","properties":{"nombre":"Ruta 25","jerarquia":1},"geometry":{"type":"LineString","coordinates":[[-68.93779,-22.51065],[-68.93675,-22.5097],[-68.93561,-22.50832]]}},{"type":"Feature","properties":{"nombre":"Ruta 25","jerarquia":1},"geometry":{"type":"LineString","coordinates":[[-68.96759,-22.52766],[-68.96612,-22.5268]]}},{"type":"Feature","properties":{"nombre":"Ruta 25","jerarquia":1},"geometry":{"type":"LineString","coordinates":[[-68.96612,-22.5268],[-68.96383,-22.52547]]}},{"type":"Feature","properties":{"nombre":"","jerarquia":1},"geometry":{"type":"LineString","coordinates":[[-68.96714,-22.52697],[-68.96745,-22.5266],[-68.96767,-22.52642]]}},{"type":"Feature","properties":{"nombre":"Ruta 24","jerarquia":2},"geometry":{"type":"LineString","coordinates":[[-68.92093,-22.42684],[-68.92057,-22.42707],[-68.92019,-22.42722],[-68.91782,-22.42778]]}},{"type":"Feature","properties":{"nombre":"Ruta 24","jerarquia":2},"geometry":{"type":"LineString","coordinates":[[-68.92182,-22.42608],[-68.92093,-22.42684]]}},{"type":"Feature","properties":{"nombre":"Ruta 24","jerarquia":2},"geometry":{"type":"LineString","coordinates":[[-68.91782,-22.42778],[-68.91702,-22.42796]]}},{"type":"Feature","properties":{"nombre":"Ruta 24","jerarquia":2},"geometry":{"type":"LineString","coordinates":[[-68.91573,-22.42703],[-68.91571,-22.42656]]}},{"type":"Feature","properties":{"nombre":"Ruta 24","jerarquia":2},"geometry":{"type":"LineString","coordinates":[[-68.91571,-22.42656],[-68.91551,-22.42032]]}},{"type":"Feature","properties":{"nombre":"Ruta 24","jerarquia":2},"geometry":{"type":"LineString","coordinates":[[-68.92186,-22.41637],[-68.92204,-22.41727]]}},{"type":"Feature","properties":{"nombre":"Ruta 24","jerarquia":2},"geometry":{"type":"LineString","coordinates":[[-68.92153,-22.41473],[-68.92186,-22.41637]]}},{"type":"Feature","properties":{"nombre":"Ruta 24","jerarquia":2},"geometry":{"type":"LineString","coordinates":[[-68.92272,-22.42066],[-68.9232,-22.42309]]}},{"type":"Feature","properties":{"nombre":"Ruta 24","jerarquia":2},"geometry":{"type":"LineString","coordinates":[[-68.92247,-22.41942],[-68.92272,-22.42066]]}},{"type":"Feature","properties":{"nombre":"Ruta 24","jerarquia":2},"geometry":{"type":"LineString","coordinates":[[-68.9185,-22.41382],[-68.91945,-22.41295]]}},{"type":"Feature","properties":{"nombre":"Ruta 24","jerarquia":2},"geometry":{"type":"LineString","coordinates":[[-68.9171,-22.41515],[-68.91796,-22.41434]]}},{"type":"Feature","properties":{"nombre":"Ruta 24","jerarquia":2},"geometry":{"type":"LineString","coordinates":[[-68.9159,-22.43274],[-68.91584,-22.43227]]}},{"type":"Feature","properties":{"nombre":"Ruta 24","jerarquia":2},"geometry":{"type":"LineString","coordinates":[[-68.91584,-22.43227],[-68.91579,-22.431]]}},{"type":"Feature","properties":{"nombre":"Ruta 24","jerarquia":2},"geometry":{"type":"LineString","coordinates":[[-68.91579,-22.431],[-68.91578,-22.43023]]}},{"type":"Feature","properties":{"nombre":"Ruta 24","jerarquia":2},"geometry":{"type":"LineString","coordinates":[[-68.91578,-22.43023],[-68.91573,-22.42703]]}},{"type":"Feature","properties":{"nombre":"Ruta 24","jerarquia":2},"geometry":{"type":"LineString","coordinates":[[-68.92131,-22.41356],[-68.92153,-22.41473]]}},{"type":"Feature","properties":{"nombre":"Ruta 24","jerarquia":2},"geometry":{"type":"LineString","coordinates":[[-68.92204,-22.41727],[-68.92247,-22.41942]]}},{"type":"Feature","properties":{"nombre":"Ruta 24","jerarquia":2},"geometry":{"type":"LineString","coordinates":[[-68.91945,-22.41295],[-68.92066,-22.41182]]}},{"type":"Feature","properties":{"nombre":"Ruta 24","jerarquia":2},"geometry":{"type":"LineString","coordinates":[[-68.91796,-22.41434],[-68.9185,-22.41382]]}},{"type":"Feature","properties":{"nombre":"Ruta 24","jerarquia":2},"geometry":{"type":"LineString","coordinates":[[-68.92194,-22.41107],[-68.92164,-22.4116],[-68.92143,-22.41216]]}},{"type":"Feature","properties":{"nombre":"Ruta 24","jerarquia":2},"geometry":{"type":"LineString","coordinates":[[-68.92066,-22.41182],[-68.92246,-22.41014]]}},{"type":"Feature","properties":{"nombre":"Ruta 24","jerarquia":2},"geometry":{"type":"LineString","coordinates":[[-68.92143,-22.41216],[-68.92129,-22.413],[-68.92131,-22.41356]]}},{"type":"Feature","properties":{"nombre":"Ruta 24","jerarquia":2},"geometry":{"type":"LineString","coordinates":[[-68.91551,-22.42032],[-68.91546,-22.4181],[-68.9156,-22.41729],[-68.91586,-22.41665],[-68.91613,-22.41617],[-68.9165,-22.41572],[-68.9171,-22.41515]]}},{"type":"Feature","properties":{"nombre":"Pucón","jerarquia":5},"geometry":{"type":"LineString","coordinates":[[-68.94675,-22.44748],[-68.94675,-22.44713]]}},{"type":"Feature","properties":{"nombre":"Pucón","jerarquia":5},"geometry":{"type":"LineString","coordinates":[[-68.94675,-22.44713],[-68.94678,-22.44648]]}},{"type":"Feature","properties":{"nombre":"Pucón","jerarquia":5},"geometry":{"type":"LineString","coordinates":[[-68.94678,-22.44648],[-68.94679,-22.44614]]}},{"type":"Feature","properties":{"nombre":"Pucón","jerarquia":5},"geometry":{"type":"LineString","coordinates":[[-68.94679,-22.44614],[-68.9468,-22.44581]]}},{"type":"Feature","properties":{"nombre":"Pucón","jerarquia":5},"geometry":{"type":"LineString","coordinates":[[-68.9468,-22.44581],[-68.94682,-22.44525]]}},{"type":"Feature","properties":{"nombre":"Pucón","jerarquia":5},"geometry":{"type":"LineString","coordinates":[[-68.94648,-22.45353],[-68.94652,-22.45305]]}},{"type":"Feature","properties":{"nombre":"Pucón","jerarquia":5},"geometry":{"type":"LineString","coordinates":[[-68.94652,-22.45305],[-68.94653,-22.45279]]}},{"type":"Feature","properties":{"nombre":"Pucón","jerarquia":5},"geometry":{"type":"LineString","coordinates":[[-68.94653,-22.45279],[-68.94656,-22.4524]]}},{"type":"Feature","properties":{"nombre":"Pucón","jerarquia":5},"geometry":{"type":"LineString","coordinates":[[-68.94656,-22.4524],[-68.94659,-22.45201]]}},{"type":"Feature","properties":{"nombre":"Pucón","jerarquia":5},"geometry":{"type":"LineString","coordinates":[[-68.94659,-22.45201],[-68.94663,-22.45146]]}},{"type":"Feature","properties":{"nombre":"Alonso de Ercilla","jerarquia":5},"geometry":{"type":"LineString","coordinates":[[-68.93368,-22.45247],[-68.93442,-22.45237]]}},{"type":"Feature","properties":{"nombre":"Alonso de Ercilla","jerarquia":5},"geometry":{"type":"LineString","coordinates":[[-68.93442,-22.45237],[-68.9352,-22.45224]]}},{"type":"Feature","properties":{"nombre":"Alonso de Ercilla","jerarquia":5},"geometry":{"type":"LineString","coordinates":[[-68.9352,-22.45224],[-68.93597,-22.45212]]}},{"type":"Feature","properties":{"nombre":"Alonso de Ercilla","jerarquia":5},"geometry":{"type":"LineString","coordinates":[[-68.93597,-22.45212],[-68.93674,-22.452]]}},{"type":"Feature","properties":{"nombre":"Alonso de Ercilla","jerarquia":5},"geometry":{"type":"LineString","coordinates":[[-68.93674,-22.452],[-68.93748,-22.45189]]}},{"type":"Feature","properties":{"nombre":"Alonso de Ercilla","jerarquia":5},"geometry":{"type":"LineString","coordinates":[[-68.93748,-22.45189],[-68.93791,-22.45182]]}},{"type":"Feature","properties":{"nombre":"Alonso de Ercilla","jerarquia":5},"geometry":{"type":"LineString","coordinates":[[-68.93791,-22.45182],[-68.93824,-22.45176]]}},{"type":"Feature","properties":{"nombre":"Alonso de Ercilla","jerarquia":5},"geometry":{"type":"LineString","coordinates":[[-68.93824,-22.45176],[-68.93901,-22.45164]]}},{"type":"Feature","properties":{"nombre":"Alonso de Ercilla","jerarquia":5},"geometry":{"type":"LineString","coordinates":[[-68.93901,-22.45164],[-68.93976,-22.45153]]}},{"type":"Feature","properties":{"nombre":"Alonso de Ercilla","jerarquia":5},"geometry":{"type":"LineString","coordinates":[[-68.93976,-22.45153],[-68.94053,-22.45138]]}},{"type":"Feature","properties":{"nombre":"Alonso de Ercilla","jerarquia":5},"geometry":{"type":"LineString","coordinates":[[-68.94053,-22.45138],[-68.94099,-22.45132]]}},{"type":"Feature","properties":{"nombre":"Alonso de Ercilla","jerarquia":5},"geometry":{"type":"LineString","coordinates":[[-68.94099,-22.45132],[-68.94173,-22.45135]]}},{"type":"Feature","properties":{"nombre":"Maipú","jerarquia":5},"geometry":{"type":"LineString","coordinates":[[-68.94938,-22.45364],[-68.94897,-22.45361]]}},{"type":"Feature","properties":{"nombre":"Maipú","jerarquia":5},"geometry":{"type":"LineString","coordinates":[[-68.94897,-22.45361],[-68.94852,-22.45358]]}},{"type":"Feature","properties":{"nombre":"Maipú","jerarquia":5},"geometry":{"type":"LineString","coordinates":[[-68.95084,-22.45366],[-68.95076,-22.45373],[-68.95054,-22.45371]]}},{"type":"Feature","properties":{"nombre":"Maipú","jerarquia":5},"geometry":{"type":"LineString","coordinates":[[-68.95054,-22.45371],[-68.94998,-22.45368]]}},{"type":"Feature","properties":{"nombre":"Maipú","jerarquia":5},"geometry":{"type":"LineString","coordinates":[[-68.94998,-22.45368],[-68.94938,-22.45364]]}},{"type":"Feature","properties":{"nombre":"Quetena","jerarquia":5},"geometry":{"type":"LineString","coordinates":[[-68.94275,-22.45479],[-68.94275,-22.45488]]}},{"type":"Feature","properties":{"nombre":"Quetena","jerarquia":5},"geometry":{"type":"LineString","coordinates":[[-68.94297,-22.45138],[-68.94294,-22.45183]]}},{"type":"Feature","properties":{"nombre":"Quetena","jerarquia":5},"geometry":{"type":"LineString","coordinates":[[-68.94294,-22.45183],[-68.94291,-22.45223]]}},{"type":"Feature","properties":{"nombre":"Quetena","jerarquia":5},"geometry":{"type":"LineString","coordinates":[[-68.94291,-22.45223],[-68.94291,-22.45235]]}},{"type":"Feature","properties":{"nombre":"Quetena","jerarquia":5},"geometry":{"type":"LineString","coordinates":[[-68.94291,-22.45235],[-68.94287,-22.45297]]}},{"type":"Feature","properties":{"nombre":"Quetena","jerarquia":5},"geometry":{"type":"LineString","coordinates":[[-68.94287,-22.45297],[-68.94284,-22.4534]]}},{"type":"Feature","properties":{"nombre":"Quetena","jerarquia":5},"geometry":{"type":"LineString","coordinates":[[-68.94284,-22.4534],[-68.94281,-22.45392]]}},{"type":"Feature","properties":{"nombre":"Quetena","jerarquia":5},"geometry":{"type":"LineString","coordinates":[[-68.94281,-22.45392],[-68.94278,-22.45433]]}},{"type":"Feature","properties":{"nombre":"Quetena","jerarquia":5},"geometry":{"type":"LineString","coordinates":[[-68.94278,-22.45433],[-68.94278,-22.45438]]}},{"type":"Feature","properties":{"nombre":"Quetena","jerarquia":5},"geometry":{"type":"LineString","coordinates":[[-68.94278,-22.45438],[-68.94275,-22.45479]]}},{"type":"Feature","properties":{"nombre":"Avenida Chorrillos","jerarquia":5},"geometry":{"type":"LineString","coordinates":[[-68.91712,-22.45393],[-68.91769,-22.45384]]}},{"type":"Feature","properties":{"nombre":"Avenida Chorrillos","jerarquia":5},"geometry":{"type":"LineString","coordinates":[[-68.92178,-22.45447],[-68.92148,-22.45455]]}},{"type":"Feature","properties":{"nombre":"Avenida Chorrillos","jerarquia":5},"geometry":{"type":"LineString","coordinates":[[-68.92148,-22.45455],[-68.92135,-22.45456]]}},{"type":"Feature","properties":{"nombre":"Avenida Chorrillos","jerarquia":5},"geometry":{"type":"LineString","coordinates":[[-68.92135,-22.45439],[-68.92172,-22.45438]]}},{"type":"Feature","properties":{"nombre":"Avenida Chorrillos","jerarquia":5},"geometry":{"type":"LineString","coordinates":[[-68.92172,-22.45438],[-68.92176,-22.45438]]}},{"type":"Feature","properties":{"nombre":"Avenida Chorrillos","jerarquia":4},"geometry":{"type":"LineString","coordinates":[[-68.92176,-22.45438],[-68.92189,-22.45436]]}},{"type":"Feature","properties":{"nombre":"Avenida Granaderos","jerarquia":3},"geometry":{"type":"LineString","coordinates":[[-68.92927,-22.45603],[-68.92924,-22.45457]]}},{"type":"Feature","properties":{"nombre":"Avenida Granaderos","jerarquia":3},"geometry":{"type":"LineString","coordinates":[[-68.92924,-22.45457],[-68.92924,-22.45341]]}},{"type":"Feature","properties":{"nombre":"Avenida Granaderos","jerarquia":3},"geometry":{"type":"LineString","coordinates":[[-68.92924,-22.45341],[-68.92924,-22.45328]]}},{"type":"Feature","properties":{"nombre":"Avenida Granaderos","jerarquia":3},"geometry":{"type":"LineString","coordinates":[[-68.92536,-22.43345],[-68.92586,-22.43596]]}},{"type":"Feature","properties":{"nombre":"Avenida Granaderos","jerarquia":3},"geometry":{"type":"LineString","coordinates":[[-68.92586,-22.43596],[-68.92627,-22.43801]]}},{"type":"Feature","properties":{"nombre":"Avenida Granaderos","jerarquia":3},"geometry":{"type":"LineString","coordinates":[[-68.92627,-22.43801],[-68.92631,-22.43819]]}},{"type":"Feature","properties":{"nombre":"Avenida Granaderos","jerarquia":3},"geometry":{"type":"LineString","coordinates":[[-68.92631,-22.43819],[-68.92632,-22.43825]]}},{"type":"Feature","properties":{"nombre":"Avenida Granaderos","jerarquia":3},"geometry":{"type":"LineString","coordinates":[[-68.92632,-22.43825],[-68.92634,-22.43833]]}},{"type":"Feature","properties":{"nombre":"Avenida Granaderos","jerarquia":3},"geometry":{"type":"LineString","coordinates":[[-68.92634,-22.43833],[-68.92654,-22.43935]]}},{"type":"Feature","properties":{"nombre":"Avenida Granaderos","jerarquia":3},"geometry":{"type":"LineString","coordinates":[[-68.92654,-22.43935],[-68.92655,-22.43942]]}},{"type":"Feature","properties":{"nombre":"Avenida Granaderos","jerarquia":3},"geometry":{"type":"LineString","coordinates":[[-68.92479,-22.43082],[-68.92519,-22.43269]]}},{"type":"Feature","properties":{"nombre":"Avenida Granaderos","jerarquia":3},"geometry":{"type":"LineString","coordinates":[[-68.92519,-22.43269],[-68.92533,-22.43332]]}},{"type":"Feature","properties":{"nombre":"Avenida Granaderos","jerarquia":3},"geometry":{"type":"LineString","coordinates":[[-68.92533,-22.43332],[-68.92536,-22.43345]]}},{"type":"Feature","properties":{"nombre":"Vasco de Gama","jerarquia":5},"geometry":{"type":"LineString","coordinates":[[-68.92924,-22.45457],[-68.92934,-22.45451]]}},{"type":"Feature","properties":{"nombre":"Avenida Grecia","jerarquia":4},"geometry":{"type":"LineString","coordinates":[[-68.92931,-22.47904],[-68.92936,-22.47884]]}},{"type":"Feature","properties":{"nombre":"Avenida Grecia","jerarquia":4},"geometry":{"type":"LineString","coordinates":[[-68.92936,-22.47884],[-68.92939,-22.47877]]}},{"type":"Feature","properties":{"nombre":"Avenida Grecia","jerarquia":4},"geometry":{"type":"LineString","coordinates":[[-68.92939,-22.47877],[-68.92945,-22.47858]]}},{"type":"Feature","properties":{"nombre":"Avenida Grecia","jerarquia":4},"geometry":{"type":"LineString","coordinates":[[-68.92945,-22.47858],[-68.92971,-22.47775]]}},{"type":"Feature","properties":{"nombre":"Avenida Grecia","jerarquia":4},"geometry":{"type":"LineString","coordinates":[[-68.92971,-22.47775],[-68.93004,-22.4767]]}},{"type":"Feature","properties":{"nombre":"Avenida Grecia","jerarquia":4},"geometry":{"type":"LineString","coordinates":[[-68.93004,-22.4767],[-68.93008,-22.47656]]}},{"type":"Feature","properties":{"nombre":"Avenida Grecia","jerarquia":4},"geometry":{"type":"LineString","coordinates":[[-68.93008,-22.47656],[-68.93018,-22.47626]]}},{"type":"Feature","properties":{"nombre":"Avenida Grecia","jerarquia":4},"geometry":{"type":"LineString","coordinates":[[-68.93018,-22.47626],[-68.93021,-22.47614]]}},{"type":"Feature","properties":{"nombre":"Avenida Grecia","jerarquia":4},"geometry":{"type":"LineString","coordinates":[[-68.93021,-22.47614],[-68.93038,-22.47562]]}},{"type":"Feature","properties":{"nombre":"Avenida Grecia","jerarquia":4},"geometry":{"type":"LineString","coordinates":[[-68.93038,-22.47562],[-68.9304,-22.47555]]}},{"type":"Feature","properties":{"nombre":"Avenida Grecia","jerarquia":4},"geometry":{"type":"LineString","coordinates":[[-68.9304,-22.47555],[-68.93044,-22.47541]]}},{"type":"Feature","properties":{"nombre":"Avenida Grecia","jerarquia":4},"geometry":{"type":"LineString","coordinates":[[-68.93044,-22.47541],[-68.93059,-22.47493]]}},{"type":"Feature","properties":{"nombre":"Avenida Grecia","jerarquia":4},"geometry":{"type":"LineString","coordinates":[[-68.93059,-22.47493],[-68.93074,-22.47441]]}},{"type":"Feature","properties":{"nombre":"Avenida Grecia","jerarquia":4},"geometry":{"type":"LineString","coordinates":[[-68.93085,-22.47441],[-68.93071,-22.47492]]}},{"type":"Feature","properties":{"nombre":"Avenida Grecia","jerarquia":4},"geometry":{"type":"LineString","coordinates":[[-68.93071,-22.47492],[-68.9306,-22.47525]]}},{"type":"Feature","properties":{"nombre":"Avenida Grecia","jerarquia":4},"geometry":{"type":"LineString","coordinates":[[-68.9306,-22.47525],[-68.93055,-22.47541]]}},{"type":"Feature","properties":{"nombre":"Avenida Grecia","jerarquia":4},"geometry":{"type":"LineString","coordinates":[[-68.93055,-22.47541],[-68.93047,-22.47565]]}},{"type":"Feature","properties":{"nombre":"Avenida Grecia","jerarquia":4},"geometry":{"type":"LineString","coordinates":[[-68.93047,-22.47565],[-68.93031,-22.47616]]}},{"type":"Feature","properties":{"nombre":"Avenida Grecia","jerarquia":4},"geometry":{"type":"LineString","coordinates":[[-68.93031,-22.47616],[-68.93027,-22.47629]]}},{"type":"Feature","properties":{"nombre":"Avenida Grecia","jerarquia":4},"geometry":{"type":"LineString","coordinates":[[-68.93027,-22.47629],[-68.93017,-22.47658]]}},{"type":"Feature","properties":{"nombre":"Avenida Grecia","jerarquia":4},"geometry":{"type":"LineString","coordinates":[[-68.93017,-22.47658],[-68.93013,-22.47672]]}},{"type":"Feature","properties":{"nombre":"Avenida Grecia","jerarquia":4},"geometry":{"type":"LineString","coordinates":[[-68.93013,-22.47672],[-68.92993,-22.47735]]}},{"type":"Feature","properties":{"nombre":"Avenida Grecia","jerarquia":4},"geometry":{"type":"LineString","coordinates":[[-68.92993,-22.47735],[-68.92979,-22.47778]]}},{"type":"Feature","properties":{"nombre":"Avenida Grecia","jerarquia":4},"geometry":{"type":"LineString","coordinates":[[-68.92979,-22.47778],[-68.92958,-22.47842]]}},{"type":"Feature","properties":{"nombre":"Avenida Grecia","jerarquia":4},"geometry":{"type":"LineString","coordinates":[[-68.92958,-22.47842],[-68.92947,-22.47878]]}},{"type":"Feature","properties":{"nombre":"Avenida Grecia","jerarquia":4},"geometry":{"type":"LineString","coordinates":[[-68.92947,-22.47878],[-68.92945,-22.47884]]}},{"type":"Feature","properties":{"nombre":"Avenida Grecia","jerarquia":4},"geometry":{"type":"LineString","coordinates":[[-68.92945,-22.47884],[-68.92941,-22.47898]]}},{"type":"Feature","properties":{"nombre":"Balmaceda","jerarquia":3},"geometry":{"type":"LineString","coordinates":[[-68.92258,-22.45758],[-68.92248,-22.45706]]}},{"type":"Feature","properties":{"nombre":"Avenida Balmaceda","jerarquia":3},"geometry":{"type":"LineString","coordinates":[[-68.91891,-22.44426],[-68.91873,-22.44353]]}},{"type":"Feature","properties":{"nombre":"Avenida Balmaceda","jerarquia":3},"geometry":{"type":"LineString","coordinates":[[-68.91987,-22.4477],[-68.9195,-22.44643]]}},{"type":"Feature","properties":{"nombre":"Avenida Balmaceda","jerarquia":3},"geometry":{"type":"LineString","coordinates":[[-68.9195,-22.44643],[-68.91947,-22.44634]]}},{"type":"Feature","properties":{"nombre":"Avenida Balmaceda","jerarquia":3},"geometry":{"type":"LineString","coordinates":[[-68.91947,-22.44634],[-68.91945,-22.44625]]}},{"type":"Feature","properties":{"nombre":"Avenida Balmaceda","jerarquia":3},"geometry":{"type":"LineString","coordinates":[[-68.91945,-22.44625],[-68.91891,-22.44426]]}},{"type":"Feature","properties":{"nombre":"Almirante Grau","jerarquia":5},"geometry":{"type":"LineString","coordinates":[[-68.91113,-22.44521],[-68.91062,-22.44512]]}},{"type":"Feature","properties":{"nombre":"Almirante Grau","jerarquia":5},"geometry":{"type":"LineString","coordinates":[[-68.91062,-22.44512],[-68.90994,-22.44499]]}},{"type":"Feature","properties":{"nombre":"Almirante Grau","jerarquia":5},"geometry":{"type":"LineString","coordinates":[[-68.90994,-22.44499],[-68.90982,-22.44497]]}},{"type":"Feature","properties":{"nombre":"La Pampa","jerarquia":5},"geometry":{"type":"LineString","coordinates":[[-68.90628,-22.44408],[-68.90626,-22.44417]]}},{"type":"Feature","properties":{"nombre":"Almirante Grau","jerarquia":3},"geometry":{"type":"LineString","coordinates":[[-68.90687,-22.44429],[-68.90643,-22.4442]]}},{"type":"Feature","properties":{"nombre":"Almirante Grau","jerarquia":3},"geometry":{"type":"LineString","coordinates":[[-68.90643,-22.4442],[-68.90626,-22.44417]]}},{"type":"Feature","properties":{"nombre":"Almirante Grau","jerarquia":3},"geometry":{"type":"LineString","coordinates":[[-68.90626,-22.44417],[-68.90541,-22.444]]}},{"type":"Feature","properties":{"nombre":"Almirante Grau","jerarquia":3},"geometry":{"type":"LineString","coordinates":[[-68.90541,-22.444],[-68.9048,-22.44388]]}},{"type":"Feature","properties":{"nombre":"Almirante Grau","jerarquia":3},"geometry":{"type":"LineString","coordinates":[[-68.9048,-22.44388],[-68.90418,-22.44376]]}},{"type":"Feature","properties":{"nombre":"Almirante Grau","jerarquia":3},"geometry":{"type":"LineString","coordinates":[[-68.90418,-22.44376],[-68.90344,-22.44361]]}},{"type":"Feature","properties":{"nombre":"La Pampa","jerarquia":5},"geometry":{"type":"LineString","coordinates":[[-68.90626,-22.44417],[-68.90624,-22.44426]]}},{"type":"Feature","properties":{"nombre":"Almirante Grau","jerarquia":5},"geometry":{"type":"LineString","coordinates":[[-68.90686,-22.44438],[-68.90642,-22.44429]]}},{"type":"Feature","properties":{"nombre":"Almirante Grau","jerarquia":5},"geometry":{"type":"LineString","coordinates":[[-68.90642,-22.44429],[-68.90624,-22.44426]]}},{"type":"Feature","properties":{"nombre":"Almirante Grau","jerarquia":5},"geometry":{"type":"LineString","coordinates":[[-68.90982,-22.44497],[-68.90837,-22.44468]]}},{"type":"Feature","properties":{"nombre":"Almirante Grau","jerarquia":5},"geometry":{"type":"LineString","coordinates":[[-68.90837,-22.44468],[-68.90812,-22.44463]]}},{"type":"Feature","properties":{"nombre":"Almirante Grau","jerarquia":5},"geometry":{"type":"LineString","coordinates":[[-68.90812,-22.44463],[-68.90747,-22.44451]]}},{"type":"Feature","properties":{"nombre":"Almirante Grau","jerarquia":5},"geometry":{"type":"LineString","coordinates":[[-68.90747,-22.44451],[-68.90686,-22.44438]]}},{"type":"Feature","properties":{"nombre":"Avenida Circunvalación","jerarquia":2},"geometry":{"type":"LineString","coordinates":[[-68.9084,-22.48064],[-68.90825,-22.48051]]}},{"type":"Feature","properties":{"nombre":"Avenida Circunvalación","jerarquia":2},"geometry":{"type":"LineString","coordinates":[[-68.90826,-22.48038],[-68.90838,-22.48048]]}},{"type":"Feature","properties":{"nombre":"Avenida Circunvalación","jerarquia":2},"geometry":{"type":"LineString","coordinates":[[-68.90602,-22.47843],[-68.90826,-22.48038]]}},{"type":"Feature","properties":{"nombre":"Avenida Circunvalación","jerarquia":2},"geometry":{"type":"LineString","coordinates":[[-68.90825,-22.48051],[-68.90694,-22.47937]]}},{"type":"Feature","properties":{"nombre":"","jerarquia":5},"geometry":{"type":"LineString","coordinates":[[-68.90855,-22.48044],[-68.9086,-22.48034]]}},{"type":"Feature","properties":{"nombre":"","jerarquia":5},"geometry":{"type":"LineString","coordinates":[[-68.9086,-22.48034],[-68.90859,-22.48027]]}},{"type":"Feature","properties":{"nombre":"Avenida Circunvalación","jerarquia":2},"geometry":{"type":"LineString","coordinates":[[-68.89927,-22.47177],[-68.89908,-22.47126]]}},{"type":"Feature","properties":{"nombre":"Avenida Circunvalación","jerarquia":2},"geometry":{"type":"LineString","coordinates":[[-68.91849,-22.4893],[-68.91895,-22.4897]]}},{"type":"Feature","properties":{"nombre":"Avenida Circunvalación","jerarquia":2},"geometry":{"type":"LineString","coordinates":[[-68.91895,-22.4897],[-68.92053,-22.49109]]}},{"type":"Feature","properties":{"nombre":"Avenida Circunvalación","jerarquia":2},"geometry":{"type":"LineString","coordinates":[[-68.90694,-22.47937],[-68.90639,-22.47889]]}},{"type":"Feature","properties":{"nombre":"Ruta 25","jerarquia":1},"geometry":{"type":"LineString","coordinates":[[-68.95766,-22.52347],[-68.96027,-22.52393],[-68.96124,-22.52416],[-68.96221,-22.52449],[-68.96365,-22.52523],[-68.96767,-22.52757]]}},{"type":"Feature","properties":{"nombre":"Ruta 25","jerarquia":1},"geometry":{"type":"LineString","coordinates":[[-68.96767,-22.52757],[-68.96893,-22.52837],[-68.9698,-22.52907]]}},{"type":"Feature","properties":{"nombre":"Ruta 25","jerarquia":1},"geometry":{"type":"LineString","coordinates":[[-68.9698,-22.52907],[-68.97184,-22.53124],[-68.97306,-22.53215]]}},{"type":"Feature","properties":{"nombre":"Avenida Los Chorrillos","jerarquia":5},"geometry":{"type":"LineString","coordinates":[[-68.90769,-22.45251],[-68.90764,-22.45248]]}},{"type":"Feature","properties":{"nombre":"Avenida Los Chorrillos","jerarquia":5},"geometry":{"type":"LineString","coordinates":[[-68.90764,-22.45248],[-68.90748,-22.4524]]}},{"type":"Feature","properties":{"nombre":"Avenida Los Chorrillos","jerarquia":5},"geometry":{"type":"LineString","coordinates":[[-68.90748,-22.4524],[-68.90738,-22.45233]]}},{"type":"Feature","properties":{"nombre":"Avenida Los Chorrillos","jerarquia":5},"geometry":{"type":"LineString","coordinates":[[-68.91104,-22.45308],[-68.9117,-22.45316]]}},{"type":"Feature","properties":{"nombre":"Avenida Los Chorrillos","jerarquia":5},"geometry":{"type":"LineString","coordinates":[[-68.9117,-22.45316],[-68.91242,-22.45325]]}},{"type":"Feature","properties":{"nombre":"Avenida Los Chorrillos","jerarquia":5},"geometry":{"type":"LineString","coordinates":[[-68.91242,-22.45325],[-68.91297,-22.45332]]}},{"type":"Feature","properties":{"nombre":"Avenida Los Chorrillos","jerarquia":5},"geometry":{"type":"LineString","coordinates":[[-68.91297,-22.45332],[-68.91329,-22.45337]]}},{"type":"Feature","properties":{"nombre":"Avenida Los Chorrillos","jerarquia":5},"geometry":{"type":"LineString","coordinates":[[-68.91329,-22.45337],[-68.91462,-22.45353]]}},{"type":"Feature","properties":{"nombre":"Avenida Los Chorrillos","jerarquia":5},"geometry":{"type":"LineString","coordinates":[[-68.91442,-22.45358],[-68.91363,-22.45349]]}},{"type":"Feature","properties":{"nombre":"Avenida Los Chorrillos","jerarquia":5},"geometry":{"type":"LineString","coordinates":[[-68.91363,-22.45349],[-68.91328,-22.45345]]}},{"type":"Feature","properties":{"nombre":"Avenida Los Chorrillos","jerarquia":5},"geometry":{"type":"LineString","coordinates":[[-68.91328,-22.45345],[-68.91296,-22.45341]]}},{"type":"Feature","properties":{"nombre":"Avenida Los Chorrillos","jerarquia":5},"geometry":{"type":"LineString","coordinates":[[-68.91296,-22.45341],[-68.9124,-22.45334]]}},{"type":"Feature","properties":{"nombre":"Avenida Los Chorrillos","jerarquia":5},"geometry":{"type":"LineString","coordinates":[[-68.9124,-22.45334],[-68.91168,-22.45326]]}},{"type":"Feature","properties":{"nombre":"Avenida Los Chorrillos","jerarquia":5},"geometry":{"type":"LineString","coordinates":[[-68.91168,-22.45326],[-68.91102,-22.45318]]}},{"type":"Feature","properties":{"nombre":"Cobija","jerarquia":4},"geometry":{"type":"LineString","coordinates":[[-68.93175,-22.46772],[-68.93127,-22.46757]]}},{"type":"Feature","properties":{"nombre":"Cobija","jerarquia":4},"geometry":{"type":"LineString","coordinates":[[-68.93127,-22.46757],[-68.93078,-22.46741]]}},{"type":"Feature","properties":{"nombre":"Cobija","jerarquia":4},"geometry":{"type":"LineString","coordinates":[[-68.93078,-22.46741],[-68.93032,-22.46722]]}},{"type":"Feature","properties":{"nombre":"Cobija","jerarquia":4},"geometry":{"type":"LineString","coordinates":[[-68.93032,-22.46722],[-68.92999,-22.46705]]}},{"type":"Feature","properties":{"nombre":"Cobija","jerarquia":4},"geometry":{"type":"LineString","coordinates":[[-68.92999,-22.46705],[-68.92989,-22.467]]}},{"type":"Feature","properties":{"nombre":"Cobija","jerarquia":4},"geometry":{"type":"LineString","coordinates":[[-68.93351,-22.46826],[-68.93291,-22.46807]]}},{"type":"Feature","properties":{"nombre":"Cobija","jerarquia":4},"geometry":{"type":"LineString","coordinates":[[-68.93291,-22.46807],[-68.9328,-22.46804]]}},{"type":"Feature","properties":{"nombre":"Cobija","jerarquia":4},"geometry":{"type":"LineString","coordinates":[[-68.9328,-22.46804],[-68.93272,-22.46802]]}},{"type":"Feature","properties":{"nombre":"Cobija","jerarquia":4},"geometry":{"type":"LineString","coordinates":[[-68.93272,-22.46802],[-68.9326,-22.46798]]}},{"type":"Feature","properties":{"nombre":"Cobija","jerarquia":4},"geometry":{"type":"LineString","coordinates":[[-68.9326,-22.46798],[-68.93222,-22.46786]]}},{"type":"Feature","properties":{"nombre":"Cobija","jerarquia":4},"geometry":{"type":"LineString","coordinates":[[-68.93222,-22.46786],[-68.93175,-22.46772]]}},{"type":"Feature","properties":{"nombre":"Avenida Grecia","jerarquia":4},"geometry":{"type":"LineString","coordinates":[[-68.93353,-22.46283],[-68.93347,-22.46367]]}},{"type":"Feature","properties":{"nombre":"Avenida Grecia","jerarquia":4},"geometry":{"type":"LineString","coordinates":[[-68.93347,-22.46367],[-68.93344,-22.46415]]}},{"type":"Feature","properties":{"nombre":"Avenida Grecia","jerarquia":4},"geometry":{"type":"LineString","coordinates":[[-68.93344,-22.46415],[-68.93341,-22.4646]]}},{"type":"Feature","properties":{"nombre":"Avenida Grecia","jerarquia":4},"geometry":{"type":"LineString","coordinates":[[-68.93341,-22.4646],[-68.93338,-22.46511]]}},{"type":"Feature","properties":{"nombre":"Avenida Grecia","jerarquia":4},"geometry":{"type":"LineString","coordinates":[[-68.93338,-22.46511],[-68.93335,-22.46552]]}},{"type":"Feature","properties":{"nombre":"Avenida Grecia","jerarquia":4},"geometry":{"type":"LineString","coordinates":[[-68.93335,-22.46552],[-68.93329,-22.46645]]}},{"type":"Feature","properties":{"nombre":"Avenida Grecia","jerarquia":4},"geometry":{"type":"LineString","coordinates":[[-68.93329,-22.46645],[-68.93328,-22.46661]]}},{"type":"Feature","properties":{"nombre":"Avenida Grecia","jerarquia":4},"geometry":{"type":"LineString","coordinates":[[-68.9332,-22.46658],[-68.9333,-22.4651]]}},{"type":"Feature","properties":{"nombre":"Avenida Grecia","jerarquia":4},"geometry":{"type":"LineString","coordinates":[[-68.9333,-22.4651],[-68.93333,-22.46463]]}},{"type":"Feature","properties":{"nombre":"Avenida Grecia","jerarquia":4},"geometry":{"type":"LineString","coordinates":[[-68.93333,-22.46463],[-68.93336,-22.46414]]}},{"type":"Feature","properties":{"nombre":"Avenida Grecia","jerarquia":4},"geometry":{"type":"LineString","coordinates":[[-68.93336,-22.46414],[-68.93339,-22.46367]]}},{"type":"Feature","properties":{"nombre":"Avenida Grecia","jerarquia":4},"geometry":{"type":"LineString","coordinates":[[-68.93339,-22.46367],[-68.93344,-22.46293]]}},{"type":"Feature","properties":{"nombre":"Avenida Grecia","jerarquia":4},"geometry":{"type":"LineString","coordinates":[[-68.93344,-22.46293],[-68.93345,-22.46283]]}},{"type":"Feature","properties":{"nombre":"Vicuña Mackenna","jerarquia":5},"geometry":{"type":"LineString","coordinates":[[-68.93059,-22.46352],[-68.93159,-22.46358]]}},{"type":"Feature","properties":{"nombre":"Vicuña Mackenna","jerarquia":5},"geometry":{"type":"LineString","coordinates":[[-68.93159,-22.46358],[-68.93208,-22.4636]]}},{"type":"Feature","properties":{"nombre":"Vicuña Mackenna","jerarquia":5},"geometry":{"type":"LineString","coordinates":[[-68.93208,-22.4636],[-68.93292,-22.46364]]}},{"type":"Feature","properties":{"nombre":"Vicuña Mackenna","jerarquia":5},"geometry":{"type":"LineString","coordinates":[[-68.93292,-22.46364],[-68.93339,-22.46367]]}},{"type":"Feature","properties":{"nombre":"Vicuña Mackenna","jerarquia":5},"geometry":{"type":"LineString","coordinates":[[-68.93339,-22.46367],[-68.93347,-22.46367]]}},{"type":"Feature","properties":{"nombre":"Vicuña Mackenna","jerarquia":5},"geometry":{"type":"LineString","coordinates":[[-68.93347,-22.46367],[-68.93397,-22.46371]]}},{"type":"Feature","properties":{"nombre":"Vicuña Mackenna","jerarquia":5},"geometry":{"type":"LineString","coordinates":[[-68.93397,-22.46371],[-68.93424,-22.46372]]}},{"type":"Feature","properties":{"nombre":"Vicuña Mackenna","jerarquia":5},"geometry":{"type":"LineString","coordinates":[[-68.93424,-22.46372],[-68.93437,-22.46373]]}},{"type":"Feature","properties":{"nombre":"Vicuña Mackenna","jerarquia":5},"geometry":{"type":"LineString","coordinates":[[-68.93437,-22.46373],[-68.93464,-22.46375]]}},{"type":"Feature","properties":{"nombre":"Vicuña Mackenna","jerarquia":5},"geometry":{"type":"LineString","coordinates":[[-68.93464,-22.46375],[-68.93502,-22.46378]]}},{"type":"Feature","properties":{"nombre":"Avenida Grecia","jerarquia":4},"geometry":{"type":"LineString","coordinates":[[-68.93343,-22.4622],[-68.93351,-22.46273]]}},{"type":"Feature","properties":{"nombre":"Avenida Grecia","jerarquia":4},"geometry":{"type":"LineString","coordinates":[[-68.93351,-22.46273],[-68.93353,-22.46283]]}},{"type":"Feature","properties":{"nombre":"Avenida Grecia","jerarquia":4},"geometry":{"type":"LineString","coordinates":[[-68.93345,-22.46283],[-68.93337,-22.4622]]}},{"type":"Feature","properties":{"nombre":"Avenida Grecia","jerarquia":4},"geometry":{"type":"LineString","coordinates":[[-68.93347,-22.46116],[-68.93345,-22.46166]]}},{"type":"Feature","properties":{"nombre":"Avenida Grecia","jerarquia":4},"geometry":{"type":"LineString","coordinates":[[-68.93345,-22.46166],[-68.93343,-22.4622]]}},{"type":"Feature","properties":{"nombre":"Avenida Grecia","jerarquia":4},"geometry":{"type":"LineString","coordinates":[[-68.93373,-22.45613],[-68.93369,-22.45688]]}},{"type":"Feature","properties":{"nombre":"Avenida Grecia","jerarquia":4},"geometry":{"type":"LineString","coordinates":[[-68.93369,-22.45688],[-68.93366,-22.45752]]}},{"type":"Feature","properties":{"nombre":"Avenida Grecia","jerarquia":4},"geometry":{"type":"LineString","coordinates":[[-68.93366,-22.45752],[-68.93364,-22.45781]]}},{"type":"Feature","properties":{"nombre":"Avenida Grecia","jerarquia":4},"geometry":{"type":"LineString","coordinates":[[-68.93364,-22.45781],[-68.93363,-22.45814]]}},{"type":"Feature","properties":{"nombre":"Avenida Grecia","jerarquia":4},"geometry":{"type":"LineString","coordinates":[[-68.93363,-22.45814],[-68.93359,-22.45877]]}},{"type":"Feature","properties":{"nombre":"Avenida Grecia","jerarquia":4},"geometry":{"type":"LineString","coordinates":[[-68.93359,-22.45877],[-68.93356,-22.45941]]}},{"type":"Feature","properties":{"nombre":"Avenida Grecia","jerarquia":4},"geometry":{"type":"LineString","coordinates":[[-68.93356,-22.45941],[-68.93353,-22.46004]]}},{"type":"Feature","properties":{"nombre":"Avenida Grecia","jerarquia":4},"geometry":{"type":"LineString","coordinates":[[-68.93353,-22.46004],[-68.9335,-22.4606]]}},{"type":"Feature","properties":{"nombre":"Avenida Grecia","jerarquia":4},"geometry":{"type":"LineString","coordinates":[[-68.9335,-22.4606],[-68.93347,-22.46109]]}},{"type":"Feature","properties":{"nombre":"Avenida Grecia","jerarquia":4},"geometry":{"type":"LineString","coordinates":[[-68.93347,-22.46109],[-68.93347,-22.46116]]}},{"type":"Feature","properties":{"nombre":"Avenida Grecia","jerarquia":4},"geometry":{"type":"LineString","coordinates":[[-68.93339,-22.46166],[-68.9334,-22.46124]]}},{"type":"Feature","properties":{"nombre":"Avenida Grecia","jerarquia":4},"geometry":{"type":"LineString","coordinates":[[-68.9334,-22.46124],[-68.9334,-22.46115]]}},{"type":"Feature","properties":{"nombre":"Avenida Grecia","jerarquia":4},"geometry":{"type":"LineString","coordinates":[[-68.93088,-22.43868],[-68.93117,-22.44009]]}},{"type":"Feature","properties":{"nombre":"Avenida Grecia","jerarquia":4},"geometry":{"type":"LineString","coordinates":[[-68.93117,-22.44009],[-68.93145,-22.44151]]}},{"type":"Feature","properties":{"nombre":"Avenida Grecia","jerarquia":4},"geometry":{"type":"LineString","coordinates":[[-68.93145,-22.44151],[-68.93175,-22.44291]]}},{"type":"Feature","properties":{"nombre":"Avenida Grecia","jerarquia":4},"geometry":{"type":"LineString","coordinates":[[-68.93175,-22.44291],[-68.93178,-22.44306]]}},{"type":"Feature","properties":{"nombre":"Avenida Grecia","jerarquia":4},"geometry":{"type":"LineString","coordinates":[[-68.93178,-22.44306],[-68.93204,-22.44436]]}},{"type":"Feature","properties":{"nombre":"Avenida Grecia","jerarquia":4},"geometry":{"type":"LineString","coordinates":[[-68.93204,-22.44436],[-68.93206,-22.44444]]}},{"type":"Feature","properties":{"nombre":"Avenida Grecia","jerarquia":4},"geometry":{"type":"LineString","coordinates":[[-68.93206,-22.44444],[-68.93234,-22.44586]]}},{"type":"Feature","properties":{"nombre":"Avenida Grecia","jerarquia":4},"geometry":{"type":"LineString","coordinates":[[-68.93234,-22.44586],[-68.93245,-22.44643]]}},{"type":"Feature","properties":{"nombre":"Avenida Grecia","jerarquia":4},"geometry":{"type":"LineString","coordinates":[[-68.93245,-22.44643],[-68.93253,-22.44681]]}},{"type":"Feature","properties":{"nombre":"Avenida Grecia","jerarquia":4},"geometry":{"type":"LineString","coordinates":[[-68.93253,-22.44681],[-68.93258,-22.44706]]}},{"type":"Feature","properties":{"nombre":"Avenida Grecia","jerarquia":4},"geometry":{"type":"LineString","coordinates":[[-68.93258,-22.44706],[-68.93267,-22.4475]]}},{"type":"Feature","properties":{"nombre":"Avenida Grecia","jerarquia":4},"geometry":{"type":"LineString","coordinates":[[-68.93267,-22.4475],[-68.93292,-22.44874]]}},{"type":"Feature","properties":{"nombre":"Avenida Grecia","jerarquia":4},"geometry":{"type":"LineString","coordinates":[[-68.93292,-22.44874],[-68.93316,-22.44996]]}},{"type":"Feature","properties":{"nombre":"Avenida Grecia","jerarquia":4},"geometry":{"type":"LineString","coordinates":[[-68.93316,-22.44996],[-68.93342,-22.45125]]}},{"type":"Feature","properties":{"nombre":"Avenida Grecia","jerarquia":4},"geometry":{"type":"LineString","coordinates":[[-68.93342,-22.45125],[-68.93368,-22.45247]]}},{"type":"Feature","properties":{"nombre":"Avenida Grecia","jerarquia":4},"geometry":{"type":"LineString","coordinates":[[-68.93368,-22.45247],[-68.93376,-22.45309]]}},{"type":"Feature","properties":{"nombre":"Avenida Grecia","jerarquia":4},"geometry":{"type":"LineString","coordinates":[[-68.93376,-22.45309],[-68.93377,-22.45318]]}},{"type":"Feature","properties":{"nombre":"Avenida Grecia","jerarquia":4},"geometry":{"type":"LineString","coordinates":[[-68.93377,-22.45318],[-68.93377,-22.45325]]}},{"type":"Feature","properties":{"nombre":"Avenida Grecia","jerarquia":4},"geometry":{"type":"LineString","coordinates":[[-68.93377,-22.45325],[-68.93376,-22.4545]]}},{"type":"Feature","properties":{"nombre":"Avenida Grecia","jerarquia":4},"geometry":{"type":"LineString","coordinates":[[-68.93376,-22.4545],[-68.93376,-22.4546]]}},{"type":"Feature","properties":{"nombre":"Avenida Grecia","jerarquia":4},"geometry":{"type":"LineString","coordinates":[[-68.93376,-22.4546],[-68.93376,-22.45467]]}},{"type":"Feature","properties":{"nombre":"Avenida Grecia","jerarquia":4},"geometry":{"type":"LineString","coordinates":[[-68.93376,-22.45467],[-68.93373,-22.45598]]}},{"type":"Feature","properties":{"nombre":"Avenida Grecia","jerarquia":4},"geometry":{"type":"LineString","coordinates":[[-68.93373,-22.45598],[-68.93373,-22.45613]]}},{"type":"Feature","properties":{"nombre":"Avenida Grecia","jerarquia":4},"geometry":{"type":"LineString","coordinates":[[-68.9334,-22.46115],[-68.93343,-22.46061]]}},{"type":"Feature","properties":{"nombre":"Avenida Grecia","jerarquia":4},"geometry":{"type":"LineString","coordinates":[[-68.93343,-22.46061],[-68.93346,-22.46004]]}},{"type":"Feature","properties":{"nombre":"Avenida Grecia","jerarquia":4},"geometry":{"type":"LineString","coordinates":[[-68.93346,-22.46004],[-68.93352,-22.45899]]}},{"type":"Feature","properties":{"nombre":"Avenida Grecia","jerarquia":4},"geometry":{"type":"LineString","coordinates":[[-68.93352,-22.45899],[-68.93358,-22.4578]]}},{"type":"Feature","properties":{"nombre":"Avenida Grecia","jerarquia":4},"geometry":{"type":"LineString","coordinates":[[-68.93358,-22.4578],[-68.93365,-22.45635]]}},{"type":"Feature","properties":{"nombre":"Avenida Grecia","jerarquia":4},"geometry":{"type":"LineString","coordinates":[[-68.93365,-22.45635],[-68.93366,-22.45614]]}},{"type":"Feature","properties":{"nombre":"Vargas","jerarquia":5},"geometry":{"type":"LineString","coordinates":[[-68.93347,-22.46116],[-68.9334,-22.46115]]}},{"type":"Feature","properties":{"nombre":"Vargas","jerarquia":5},"geometry":{"type":"LineString","coordinates":[[-68.9334,-22.46115],[-68.93312,-22.46114]]}},{"type":"Feature","properties":{"nombre":"Vargas","jerarquia":5},"geometry":{"type":"LineString","coordinates":[[-68.93312,-22.46114],[-68.93281,-22.46112]]}},{"type":"Feature","properties":{"nombre":"Vargas","jerarquia":5},"geometry":{"type":"LineString","coordinates":[[-68.93281,-22.46112],[-68.93251,-22.4611]]}},{"type":"Feature","properties":{"nombre":"Vargas","jerarquia":5},"geometry":{"type":"LineString","coordinates":[[-68.93251,-22.4611],[-68.93217,-22.46108]]}},{"type":"Feature","properties":{"nombre":"Vargas","jerarquia":5},"geometry":{"type":"LineString","coordinates":[[-68.93217,-22.46108],[-68.93187,-22.46107]]}},{"type":"Feature","properties":{"nombre":"Vargas","jerarquia":5},"geometry":{"type":"LineString","coordinates":[[-68.93187,-22.46107],[-68.93157,-22.46105]]}},{"type":"Feature","properties":{"nombre":"Vargas","jerarquia":5},"geometry":{"type":"LineString","coordinates":[[-68.93157,-22.46105],[-68.93125,-22.46103]]}},{"type":"Feature","properties":{"nombre":"Vargas","jerarquia":5},"geometry":{"type":"LineString","coordinates":[[-68.93125,-22.46103],[-68.93066,-22.461]]}},{"type":"Feature","properties":{"nombre":"Vargas","jerarquia":5},"geometry":{"type":"LineString","coordinates":[[-68.93066,-22.461],[-68.92959,-22.46094]]}},{"type":"Feature","properties":{"nombre":"Almirante Latorre","jerarquia":3},"geometry":{"type":"LineString","coordinates":[[-68.92554,-22.46329],[-68.9256,-22.46278]]}},{"type":"Feature","properties":{"nombre":"Almirante Latorre","jerarquia":3},"geometry":{"type":"LineString","coordinates":[[-68.9256,-22.46278],[-68.92561,-22.4627]]}},{"type":"Feature","properties":{"nombre":"Almirante Latorre","jerarquia":3},"geometry":{"type":"LineString","coordinates":[[-68.92561,-22.4627],[-68.92569,-22.46207]]}},{"type":"Feature","properties":{"nombre":"Almirante Latorre","jerarquia":3},"geometry":{"type":"LineString","coordinates":[[-68.92569,-22.46207],[-68.92569,-22.46198]]}},{"type":"Feature","properties":{"nombre":"Abaroa","jerarquia":5},"geometry":{"type":"LineString","coordinates":[[-68.9261,-22.46674],[-68.92654,-22.4655]]}},{"type":"Feature","properties":{"nombre":"Abaroa","jerarquia":5},"geometry":{"type":"LineString","coordinates":[[-68.92654,-22.4655],[-68.92658,-22.46539]]}},{"type":"Feature","properties":{"nombre":"Ruta 21 CH","jerarquia":2},"geometry":{"type":"LineString","coordinates":[[-68.86954,-22.43704],[-68.86799,-22.43674]]}},{"type":"Feature","properties":{"nombre":"Ruta 21 CH","jerarquia":2},"geometry":{"type":"LineString","coordinates":[[-68.87076,-22.43727],[-68.86954,-22.43704]]}},{"type":"Feature","properties":{"nombre":"Ruta 21 CH","jerarquia":2},"geometry":{"type":"LineString","coordinates":[[-68.87173,-22.43745],[-68.87076,-22.43727]]}},{"type":"Feature","properties":{"nombre":"Ruta 21 CH","jerarquia":2},"geometry":{"type":"LineString","coordinates":[[-68.87327,-22.4377],[-68.87173,-22.43745]]}},{"type":"Feature","properties":{"nombre":"Ruta 21 CH","jerarquia":2},"geometry":{"type":"LineString","coordinates":[[-68.87078,-22.4372],[-68.87327,-22.4377]]}},{"type":"Feature","properties":{"nombre":"Ruta 21 CH","jerarquia":2},"geometry":{"type":"LineString","coordinates":[[-68.86986,-22.43703],[-68.87078,-22.4372]]}}]}